social	full name	form	seen by	sound	text	regex	also matches
AARGH	AARGH	alone	you		AAAAAARRRRRRGGGGGGHHHHHH!!!!!!	(?i)^AAAAAARRRRRRGGGGGGHHHHHH!!!!!!$	
AARGH	AARGH	alone	others		* throws back * head and howls in profound frustration!	(?i)^(.+?)\s+throws\s+back\s+(\S+)\s+head\s+and\s+howls\s+in\s+profound\s+frustration!$	
AARGH	AARGH <T-NAME>	someone	you		You scream your frustration and grab for * throat with both hands!	(?i)^You\s+scream\s+your\s+frustration\s+and\s+grab\s+for\s+(\S+)\s+throat\s+with\s+both\s+hands!$	
AARGH	AARGH <T-NAME>	someone	others		* howls in frustration, and leaps for *, trying to throttle *!	(?i)^(.+?)\s+howls\s+in\s+frustration,\s+and\s+leaps\s+for\s+(.+?),\s+trying\s+to\s+throttle\s+(\S+)!$	
AARGH	AARGH <T-NAME>	someone	target		* grabs for your throat with two hands, howling in frustration!	(?i)^(.+?)\s+grabs\s+for\s+your\s+throat\s+with\s+two\s+hands,\s+howling\s+in\s+frustration!$	
AARGH	AARGH <T-NAME>	someone	fail		You get even MORE frustrated when you can't find anyone to throttle!	(?i)^You\s+get\s+even\s+MORE\s+frustrated\s+when\s+you\s+can't\s+find\s+anyone\s+to\s+throttle!$	
AARGH	AARGH SELF	self	you		You scream in frustration at your own stupidity!	(?i)^You\s+scream\s+in\s+frustration\s+at\s+your\s+own\s+stupidity!$	
AARGH	AARGH SELF	self	others		* screams in frustration at * own stupidity!	(?i)^(.+?)\s+screams\s+in\s+frustration\s+at\s+(\S+)\s+own\s+stupidity!$	
ACCEPT	ACCEPT	alone	you		You accept the proferred apology graciously.	(?i)^You\s+accept\s+the\s+proferred\s+apology\s+graciously\.$	
ACCEPT	ACCEPT	alone	others		* graciously accepts the proferred apology.	(?i)^(.+?)\s+graciously\s+accepts\s+the\s+proferred\s+apology\.$	
ACCUSE	ACCUSE	alone	you		Accuse who??	(?i)^Accuse\s+who\?\?$	
ACCUSE	ACCUSE	alone	others		* is in an accusing mood.	(?i)^(.+?)\s+is\s+in\s+an\s+accusing\s+mood\.$	
ACCUSE	ACCUSE <T-NAME>	someone	you		You look accusingly at *.	(?i)^You\s+look\s+accusingly\s+at\s+(\S+)\.$	
ACCUSE	ACCUSE <T-NAME>	someone	others		* looks accusingly at *.	(?i)^(.+?)\s+looks\s+accusingly\s+at\s+(.+?)\.$	
ACCUSE	ACCUSE <T-NAME>	someone	target		* looks accusingly at you.	(?i)^(.+?)\s+looks\s+accusingly\s+at\s+you\.$	
ACCUSE	ACCUSE <T-NAME>	someone	fail		Accuse somebody who's not even there ??	(?i)^Accuse\s+somebody\s+who's\s+not\s+even\s+there\s+\?\?$	
ACCUSE	ACCUSE SELF	self	you		You accuse yourself.	(?i)^You\s+accuse\s+yourself\.$	
ACCUSE	ACCUSE SELF	self	others		* seems to have a bad conscience.	(?i)^(.+?)\s+seems\s+to\s+have\s+a\s+bad\s+conscience\.$	
ADJUST	ADJUST	alone	you		You look around, make sure nobody is watching, and you adjust your "Tool."	(?i)^You\s+look\s+around,\s+make\s+sure\s+nobody\s+is\s+watching,\s+and\s+you\s+adjust\s+your\s+"Tool\."$	
ADJUST	ADJUST	alone	others		* looks around slyly, smiles, then reaches down and "adjusts" *...	(?i)^(.+?)\s+looks\s+around\s+slyly,\s+smiles,\s+then\s+reaches\s+down\s+and\s+"adjusts"\s+(\S+)\.\.\.$	
AGREE	AGREE	alone	you		You agree absolutely.	(?i)^You\s+agree\s+absolutely\.$	
AGREE	AGREE	alone	others		* agrees absolutely.	(?i)^(.+?)\s+agrees\s+absolutely\.$	
AGREE	AGREE <T-NAME>	someone	you		You nod in enthusiastic agreement with *.	(?i)^You\s+nod\s+in\s+enthusiastic\s+agreement\s+with\s+(.+?)\.$	
AGREE	AGREE <T-NAME>	someone	others		* nods in enthusiastic agreement with *.	(?i)^(.+?)\s+nods\s+in\s+enthusiastic\s+agreement\s+with\s+(.+?)\.$	
AGREE	AGREE <T-NAME>	someone	target		* nods in enthusiastic agreement with you.	(?i)^(.+?)\s+nods\s+in\s+enthusiastic\s+agreement\s+with\s+you\.$	
AGREE	AGREE <T-NAME>	someone	fail		Sorry, your target is absent.	(?i)^Sorry,\s+your\s+target\s+is\s+absent\.$	
AGREE	AGREE SELF	self	you		You find yourself most agreeable.	(?i)^You\s+find\s+yourself\s+most\s+agreeable\.$	
AGREE	AGREE SELF	self	others		* finds * the most agreeable being alive.	(?i)^(.+?)\s+finds\s+(\S+)\s+the\s+most\s+agreeable\s+being\s+alive\.$	
AIR	AIR	alone	you		You grab your air guitar and play for all you're worth.	(?i)^You\s+grab\s+your\s+air\s+guitar\s+and\s+play\s+for\s+all\s+you're\s+worth\.$	
AIR	AIR	alone	others		* air-guitars like a mad man ... EXCELLENT!!!	(?i)^(.+?)\s+air\-guitars\s+like\s+a\s+mad\s+man\s+\.\.\.\s+EXCELLENT!!!$	
AIR	AIR <T-NAME>	someone	you		You hope * appreciates your (total lack of) talent.	(?i)^You\s+hope\s+(\S+)\s+appreciates\s+your\s+\(total\s+lack\s+of\)\s+talent\.$	
AIR	AIR <T-NAME>	someone	others		* is surrounded by air groupies.	(?i)^(.+?)\s+is\s+surrounded\s+by\s+air\s+groupies\.$	
AIR	AIR <T-NAME>	someone	target		* plays a most excellent tune for you on * most excellent air guitar.	(?i)^(.+?)\s+plays\s+a\s+most\s+excellent\s+tune\s+for\s+you\s+on\s+(\S+)\s+most\s+excellent\s+air\s+guitar\.$	
AIR	AIR <T-NAME>	someone	fail		Awww... you have no audience!	(?i)^Awww\.\.\.\s+you\s+have\s+no\s+audience!$	
AIR	AIR SELF	self	you		You play softly to yourself.	(?i)^You\s+play\s+softly\s+to\s+yourself\.$	
AIR	AIR SELF	self	others		* is rocking out to a sick mental tune.	(?i)^(.+?)\s+is\s+rocking\s+out\s+to\s+a\s+sick\s+mental\s+tune\.$	
ANGELIC	ANGELIC	alone	you		You smile angelically.	(?i)^You\s+smile\s+angelically\.$	
ANGELIC	ANGELIC	alone	others		Becoming the poster child of innocence, * smiles angelically.	(?i)^Becoming\s+the\s+poster\s+child\s+of\s+innocence,\s+(.+?)\s+smiles\s+angelically\.$	
ANGELIC	ANGELIC <T-NAME>	someone	you		You smile angelically at *, the epitome of innocence exuding from you.	(?i)^You\s+smile\s+angelically\s+at\s+(.+?),\s+the\s+epitome\s+of\s+innocence\s+exuding\s+from\s+you\.$	
ANGELIC	ANGELIC <T-NAME>	someone	others		In an attempt to be the epitome of innocence, * smiles angelically at *.	(?i)^In\s+an\s+attempt\s+to\s+be\s+the\s+epitome\s+of\s+innocence,\s+(.+?)\s+smiles\s+angelically\s+at\s+(.+?)\.$	
ANGELIC	ANGELIC <T-NAME>	someone	target		* tries to smile angelically at you. And pigs fly.	(?i)^(.+?)\s+tries\s+to\s+smile\s+angelically\s+at\s+you\.\s+And\s+pigs\s+fly\.$	
ANGELIC	ANGELIC <T-NAME>	someone	fail		You and innocence mix like oil and water -- and they knew that before they left.	(?i)^You\s+and\s+innocence\s+mix\s+like\s+oil\s+and\s+water\s+\-\-\s+and\s+they\s+knew\s+that\s+before\s+they\s+left\.$	
ANTICIPATE	ANTICIPATE	alone	you		You murmur 'Sssssoonnn, my presssssciousssss...'	(?i)^You\s+murmur\s+'Sssssoonnn,\s+my\s+presssssciousssss\.\.\.'$	
ANTICIPATE	ANTICIPATE	alone	others		* murmurs 'Ssssssooonnnn, my pressssscioussss...'	(?i)^(.+?)\s+murmurs\s+'Ssssssooonnnn,\s+my\s+pressssscioussss\.\.\.'$	
APOLOGIZE	APOLOGIZE	alone	you		You apologize until you are blue in the face.	(?i)^You\s+apologize\s+until\s+you\s+are\s+blue\s+in\s+the\s+face\.$	
APOLOGIZE	APOLOGIZE	alone	others		* apologizes profusely.	(?i)^(.+?)\s+apologizes\s+profusely\.$	
APOLOGIZE	APOLOGIZE <T-NAME>	someone	you		You might as well apologize because * sure as hell won't.	(?i)^You\s+might\s+as\s+well\s+apologize\s+because\s+(\S+)\s+sure\s+as\s+hell\s+won't\.$	
APOLOGIZE	APOLOGIZE <T-NAME>	someone	others		* apologizes to * with a very sincere look on * face.	(?i)^(.+?)\s+apologizes\s+to\s+(.+?)\s+with\s+a\s+very\s+sincere\s+look\s+on\s+(\S+)\s+face\.$	
APOLOGIZE	APOLOGIZE <T-NAME>	someone	target		* apologizes to you and begs for forgiveness.	(?i)^(.+?)\s+apologizes\s+to\s+you\s+and\s+begs\s+for\s+forgiveness\.$	
APOLOGIZE	APOLOGIZE <T-NAME>	someone	fail		Who's that?	(?i)^Who's\s+that\?$	CRY <T-NAME>
APPLAUD	APPLAUD	alone	you		Clap, clap, clap.	(?i)^Clap,\s+clap,\s+clap\.$	
APPLAUD	APPLAUD	alone	others		* gives a round of applause.	(?i)^(.+?)\s+gives\s+a\s+round\s+of\s+applause\.$	
APPLAUD	APPLAUD <T-NAME>	someone	you		You clap at *'s actions.	(?i)^You\s+clap\s+at\s+(.+?)'s\s+actions\.$	
APPLAUD	APPLAUD <T-NAME>	someone	others		* claps at *'s actions.	(?i)^(.+?)\s+claps\s+at\s+(.+?)'s\s+actions\.$	
APPLAUD	APPLAUD <T-NAME>	someone	target		* gives you a round of applause. You MUST'VE done something good!	(?i)^(.+?)\s+gives\s+you\s+a\s+round\s+of\s+applause\.\s+You\s+MUST'VE\s+done\s+something\s+good!$	
APPLAUD	APPLAUD <T-NAME>	someone	fail		You give your imaginary round of applause to your imaginary friend.	(?i)^You\s+give\s+your\s+imaginary\s+round\s+of\s+applause\s+to\s+your\s+imaginary\s+friend\.$	
APPLAUD	APPLAUD SELF	self	you		You applaud at yourself. Boy, are we conceited!	(?i)^You\s+applaud\s+at\s+yourself\.\s+Boy,\s+are\s+we\s+conceited!$	
APPLAUD	APPLAUD SELF	self	others		* applauds at *. Boy, are we conceited!	(?i)^(.+?)\s+applauds\s+at\s+(\S+)\.\s+Boy,\s+are\s+we\s+conceited!$	
ATL	ATL	alone	you		You search around for a leg to attach to.	(?i)^You\s+search\s+around\s+for\s+a\s+leg\s+to\s+attach\s+to\.$	
ATL	ATL	alone	others		* looks for a leg to attach to.	(?i)^(.+?)\s+looks\s+for\s+a\s+leg\s+to\s+attach\s+to\.$	
ATL	ATL <T-NAME>	someone	you		You attach to *'s leg in a panicked attempt to make * stay!	(?i)^You\s+attach\s+to\s+(.+?)'s\s+leg\s+in\s+a\s+panicked\s+attempt\s+to\s+make\s+(\S+)\s+stay!$	
ATL	ATL <T-NAME>	someone	others		* divebombs *'s leg in a pathetic attempt to get * to stay.	(?i)^(.+?)\s+divebombs\s+(.+?)'s\s+leg\s+in\s+a\s+pathetic\s+attempt\s+to\s+get\s+(\S+)\s+to\s+stay\.$	
ATL	ATL <T-NAME>	someone	target		* attaches to your leg so you can`t leave. *PANIC* you can`t get * off!	(?i)^(.+?)\s+attaches\s+to\s+your\s+leg\s+so\s+you\s+can`t\s+leave\.\s+\*PANIC\*\s+you\s+can`t\s+get\s+(\S+)\s+off!$	
ATL	ATL <T-NAME>	someone	fail		They`ve already left.	(?i)^They`ve\s+already\s+left\.$	
ATL	ATL SELF	self	you		You twist and contort while trying to grab your leg.	(?i)^You\s+twist\s+and\s+contort\s+while\s+trying\s+to\s+grab\s+your\s+leg\.$	
ATL	ATL SELF	self	others		* curls into a ball trying to grab * leg.	(?i)^(.+?)\s+curls\s+into\s+a\s+ball\s+trying\s+to\s+grab\s+(\S+)\s+leg\.$	
AWE	AWE	alone	you		You stand in awe.	(?i)^You\s+stand\s+in\s+awe\.$	
AWE	AWE	alone	others		* stands in awe.	(?i)^(.+?)\s+stands\s+in\s+awe\.$	
AWE	AWE <T-NAME>	someone	you		You stand in awe of *, like WOW, dude!	(?i)^You\s+stand\s+in\s+awe\s+of\s+(.+?),\s+like\s+WOW,\s+dude!$	
AWE	AWE <T-NAME>	someone	others		* stands in awe of *.	(?i)^(.+?)\s+stands\s+in\s+awe\s+of\s+(.+?)\.$	AWE SELF
AWE	AWE <T-NAME>	someone	target		* stands in awe of you.	(?i)^(.+?)\s+stands\s+in\s+awe\s+of\s+you\.$	AWE SELF
AWE	AWE <T-NAME>	someone	fail		You must be imagining things, they aren`t here.	(?i)^You\s+must\s+be\s+imagining\s+things,\s+they\s+aren`t\s+here\.$	
AWE	AWE SELF	self	you		You stand in awe of yourself, WOW, don`t you just rock?!	(?i)^You\s+stand\s+in\s+awe\s+of\s+yourself,\s+WOW,\s+don`t\s+you\s+just\s+rock\?!$	
AWE	AWE SELF	self	others		* stands in awe of *.	(?i)^(.+?)\s+stands\s+in\s+awe\s+of\s+(\S+)\.$	AWE <T-NAME>
BABBLE	BABBLE	alone	you		You babble endlessly.	(?i)^You\s+babble\s+endlessly\.$	
BABBLE	BABBLE	alone	others		* babbles endlessly, won't * EVER shut up?	(?i)^(.+?)\s+babbles\s+endlessly,\s+won't\s+(\S+)\s+EVER\s+shut\s+up\?$	
BABBLE	BABBLE <T-NAME>	someone	you		You babble to * for hours on end.	(?i)^You\s+babble\s+to\s+(.+?)\s+for\s+hours\s+on\s+end\.$	
BABBLE	BABBLE <T-NAME>	someone	others		* babbles to * for what seems an eternity, how can * stand it?	(?i)^(.+?)\s+babbles\s+to\s+(.+?)\s+for\s+what\s+seems\s+an\s+eternity,\s+how\s+can\s+(.+?)\s+stand\s+it\?$	
BABBLE	BABBLE <T-NAME>	someone	target		* babbles at you. You nod mechanically, hoping * will shut up soon.	(?i)^(.+?)\s+babbles\s+at\s+you\.\s+You\s+nod\s+mechanically,\s+hoping\s+(\S+)\s+will\s+shut\s+up\s+soon\.$	
BABBLE	BABBLE <T-NAME>	someone	fail		Whom do you wish to annoy with your babble?	(?i)^Whom\s+do\s+you\s+wish\s+to\s+annoy\s+with\s+your\s+babble\?$	
BABBLE	BABBLE SELF	self	you		You babble on and on to yourself, FINALLY! someone who LISTENS!!	(?i)^You\s+babble\s+on\s+and\s+on\s+to\s+yourself,\s+FINALLY!\s+someone\s+who\s+LISTENS!!$	
BABBLE	BABBLE SELF	self	others		* babbles quietly to *.	(?i)^(.+?)\s+babbles\s+quietly\s+to\s+(\S+)\.$	
BARK	BARK	alone	you	bark.wav	You bark loudly.	(?i)^You\s+bark\s+loudly\.$	
BARK	BARK	alone	others	bark.wav	* barks like a dog. GO DAWGS SIC 'EM!!! WOOF! WOOF! WOOF! WOOF!	(?i)^(.+?)\s+barks\s+like\s+a\s+dog\.\s+GO\s+DAWGS\s+SIC\s+'EM!!!\s+WOOF!\s+WOOF!\s+WOOF!\s+WOOF!$	
BARK	BARK <T-NAME>	someone	you	bark.wav	You bark at * scaring * silly -- SHAME ON YOU!!	(?i)^You\s+bark\s+at\s+(.+?)\s+scaring\s+(\S+)\s+silly\s+\-\-\s+SHAME\s+ON\s+YOU!!$	
BARK	BARK <T-NAME>	someone	others	bark.wav	* barks at * scaring * senseless.	(?i)^(.+?)\s+barks\s+at\s+(.+?)\s+scaring\s+(\S+)\s+senseless\.$	
BARK	BARK <T-NAME>	someone	target	bark.wav	* barks loudly at you, you back away, because * might bite too!!	(?i)^(.+?)\s+barks\s+loudly\s+at\s+you,\s+you\s+back\s+away,\s+because\s+(\S+)\s+might\s+bite\s+too!!$	
BARK	BARK <T-NAME>	someone	fail	bark.wav	Bark at whom?	(?i)^Bark\s+at\s+whom\?$	
BARK	BARK SELF	self	you	bark.wav	You bark at yourself and jump back in fear.	(?i)^You\s+bark\s+at\s+yourself\s+and\s+jump\s+back\s+in\s+fear\.$	
BARK	BARK SELF	self	others	bark.wav	* barks at * and cowers in fear.	(?i)^(.+?)\s+barks\s+at\s+(\S+)\s+and\s+cowers\s+in\s+fear\.$	
BAT	BAT	alone	you		You bat your long, dark lashes and smile innocently.	(?i)^You\s+bat\s+your\s+long,\s+dark\s+lashes\s+and\s+smile\s+innocently\.$	
BAT	BAT	alone	others		* bats * long, dark lashes and smiles innocently.	(?i)^(.+?)\s+bats\s+(\S+)\s+long,\s+dark\s+lashes\s+and\s+smiles\s+innocently\.$	
BATHE	BATHE	alone	you		You bathe yourself.	(?i)^You\s+bathe\s+yourself\.$	
BATHE	BATHE	alone	others		* bathes *.	(?i)^(.+?)\s+bathes\s+(\S+)\.$	
BATHE	BATHE <T-NAME>	someone	you		You wash * gently.	(?i)^You\s+wash\s+(.+?)\s+gently\.$	
BATHE	BATHE <T-NAME>	someone	others		* gently bathes *.	(?i)^(.+?)\s+gently\s+bathes\s+(.+?)\.$	BATHE
BATHE	BATHE <T-NAME>	someone	target		* gently bathes you. Mmmm..this is the life.	(?i)^(.+?)\s+gently\s+bathes\s+you\.\s+Mmmm\.\.this\s+is\s+the\s+life\.$	
BATHE	BATHE <T-NAME>	someone	fail		Bathe who?	(?i)^Bathe\s+who\?$	
BATHE	BATHE SELF	self	you		You scrub yourself clean while humming `Rubber ducky" quietly.	(?i)^You\s+scrub\s+yourself\s+clean\s+while\s+humming\s+`Rubber\s+ducky"\s+quietly\.$	
BATHE	BATHE SELF	self	others		* hums `Rubber ducky" softly to *.	(?i)^(.+?)\s+hums\s+`Rubber\s+ducky"\s+softly\s+to\s+(\S+)\.$	
BBL	BBL	alone	you		We will see you when you get back.	(?i)^We\s+will\s+see\s+you\s+when\s+you\s+get\s+back\.$	
BBL	BBL	alone	others		* will be back later.	(?i)^(.+?)\s+will\s+be\s+back\s+later\.$	
BCATCH	BCATCH	alone	you		You reach out and rescue the bottle from its flight.	(?i)^You\s+reach\s+out\s+and\s+rescue\s+the\s+bottle\s+from\s+its\s+flight\.$	
BCATCH	BCATCH	alone	others		* reaches out and grabs the bottle of beer tossed to *.	(?i)^(.+?)\s+reaches\s+out\s+and\s+grabs\s+the\s+bottle\s+of\s+beer\s+tossed\s+to\s+(\S+)\.$	
BEAM	BEAM	alone	you		You beam delightedly at nothing in particular.	(?i)^You\s+beam\s+delightedly\s+at\s+nothing\s+in\s+particular\.$	
BEAM	BEAM	alone	others		* beams broadly at nothing in particular.	(?i)^(.+?)\s+beams\s+broadly\s+at\s+nothing\s+in\s+particular\.$	
BEAM	BEAM <T-NAME>	someone	you		You dazzle * with your smile.	(?i)^You\s+dazzle\s+(.+?)\s+with\s+your\s+smile\.$	
BEAM	BEAM <T-NAME>	someone	others		* must like * a great deal to beam at * so broadly!	(?i)^(.+?)\s+must\s+like\s+(.+?)\s+a\s+great\s+deal\s+to\s+beam\s+at\s+(\S+)\s+so\s+broadly!$	
BEAM	BEAM <T-NAME>	someone	target		* must like you a great deal to beam at you so broadly!	(?i)^(.+?)\s+must\s+like\s+you\s+a\s+great\s+deal\s+to\s+beam\s+at\s+you\s+so\s+broadly!$	
BEAM	BEAM <T-NAME>	someone	fail		You look pretty silly beaming at imaginary friends...	(?i)^You\s+look\s+pretty\s+silly\s+beaming\s+at\s+imaginary\s+friends\.\.\.$	
BEAM	BEAM SELF	self	you		Well, aren't you special?	(?i)^Well,\s+aren't\s+you\s+special\?$	
BEAM	BEAM SELF	self	others		* beams at *, obviously pleased.	(?i)^(.+?)\s+beams\s+at\s+(\S+),\s+obviously\s+pleased\.$	
BEARHUG	BEARHUG	alone	you		Whom do you wish to bearhug?	(?i)^Whom\s+do\s+you\s+wish\s+to\s+bearhug\?$	
BEARHUG	BEARHUG <T-NAME>	someone	you	bighug.wav	You overwhelm * with a great, big, hulking bearhug.	(?i)^You\s+overwhelm\s+(.+?)\s+with\s+a\s+great,\s+big,\s+hulking\s+bearhug\.$	
BEARHUG	BEARHUG <T-NAME>	someone	others	bighug.wav	* encompasses * in an ENORMOUS bearhug!	(?i)^(.+?)\s+encompasses\s+(.+?)\s+in\s+an\s+ENORMOUS\s+bearhug!$	
BEARHUG	BEARHUG <T-NAME>	someone	target	bighug.wav	* clutches you tightly in an overwhelming bearhug!	(?i)^(.+?)\s+clutches\s+you\s+tightly\s+in\s+an\s+overwhelming\s+bearhug!$	
BEARHUG	BEARHUG <T-NAME>	someone	fail	bighug.wav	Perhaps you should shower your affections on someone who is here?	(?i)^Perhaps\s+you\s+should\s+shower\s+your\s+affections\s+on\s+someone\s+who\s+is\s+here\?$	
BEARHUG	BEARHUG SELF	self	you	bighug.wav	You vainly clutch yourself in a bearhug for consolation.	(?i)^You\s+vainly\s+clutch\s+yourself\s+in\s+a\s+bearhug\s+for\s+consolation\.$	
BEARHUG	BEARHUG SELF	self	others	bighug.wav	* hugs * as tightly as possible. Looks like * could use a hand.	(?i)^(.+?)\s+hugs\s+(\S+)\s+as\s+tightly\s+as\s+possible\.\s+Looks\s+like\s+(\S+)\s+could\s+use\s+a\s+hand\.$	HUG <T-NAME>
BECKON	BECKON	alone	you		You beckon for everyone to follow.	(?i)^You\s+beckon\s+for\s+everyone\s+to\s+follow\.$	
BECKON	BECKON	alone	others		* beckons for everyone to follow.	(?i)^(.+?)\s+beckons\s+for\s+everyone\s+to\s+follow\.$	
BECKON	BECKON <T-NAME>	someone	you		You beckon for * to follow -- sure hope they do!	(?i)^You\s+beckon\s+for\s+(.+?)\s+to\s+follow\s+\-\-\s+sure\s+hope\s+they\s+do!$	
BECKON	BECKON <T-NAME>	someone	others		* beckons * to follow...hmmm what's going on?	(?i)^(.+?)\s+beckons\s+(.+?)\s+to\s+follow\.\.\.hmmm\s+what's\s+going\s+on\?$	
BECKON	BECKON <T-NAME>	someone	target		* beckons for you to follow.	(?i)^(.+?)\s+beckons\s+for\s+you\s+to\s+follow\.$	
BECKON	BECKON <T-NAME>	someone	fail		So sorry, that person has already left.	(?i)^So\s+sorry,\s+that\s+person\s+has\s+already\s+left\.$	
BECKON	BECKON SELF	self	you		You beckon to your shadow to follow.	(?i)^You\s+beckon\s+to\s+your\s+shadow\s+to\s+follow\.$	
BECKON	BECKON SELF	self	others		* beckons to * shadow to follow.	(?i)^(.+?)\s+beckons\s+to\s+(\S+)\s+shadow\s+to\s+follow\.$	
BEER	BEER	alone	you		You pull out a six-pack.	(?i)^You\s+pull\s+out\s+a\s+six\-pack\.$	
BEER	BEER	alone	others		* starts to juggle a six-pack of beer.	(?i)^(.+?)\s+starts\s+to\s+juggle\s+a\s+six\-pack\s+of\s+beer\.$	
BEER	BEER <T-NAME>	someone	you		You toss a bottle of beer at *.	(?i)^You\s+toss\s+a\s+bottle\s+of\s+beer\s+at\s+(.+?)\.$	
BEER	BEER <T-NAME>	someone	others		* tosses a bottle of beer at * ... let's just hope *'ll catch it!	(?i)^(.+?)\s+tosses\s+a\s+bottle\s+of\s+beer\s+at\s+(.+?)\s+\.\.\.\s+let's\s+just\s+hope\s+(\S+)'ll\s+catch\s+it!$	
BEER	BEER <T-NAME>	someone	target		* tossed you a bottle of beer... I think * wants something...	(?i)^(.+?)\s+tossed\s+you\s+a\s+bottle\s+of\s+beer\.\.\.\s+I\s+think\s+(\S+)\s+wants\s+something\.\.\.$	
BEER	BEER <T-NAME>	someone	fail		The bottle crashes to the floor and shatters.	(?i)^The\s+bottle\s+crashes\s+to\s+the\s+floor\s+and\s+shatters\.$	
BEER	BEER SELF	self	you		You pop off the top and down a beer.	(?i)^You\s+pop\s+off\s+the\s+top\s+and\s+down\s+a\s+beer\.$	
BEER	BEER SELF	self	others		* pops the top off a bottle of beer and downs it in one gulp.	(?i)^(.+?)\s+pops\s+the\s+top\s+off\s+a\s+bottle\s+of\s+beer\s+and\s+downs\s+it\s+in\s+one\s+gulp\.$	
BEG	BEG	alone	you		You beg the gods for mercy.	(?i)^You\s+beg\s+the\s+gods\s+for\s+mercy\.$	
BEG	BEG	alone	others		The gods fall down laughing at *'s request for mercy.	(?i)^The\s+gods\s+fall\s+down\s+laughing\s+at\s+(.+?)'s\s+request\s+for\s+mercy\.$	
BEG	BEG <T-NAME>	someone	you		You desperately try to squeeze a few coins from *.	(?i)^You\s+desperately\s+try\s+to\s+squeeze\s+a\s+few\s+coins\s+from\s+(\S+)\.$	
BEG	BEG <T-NAME>	someone	others		* begs you for money. You graciously let * peep at your fortune.	(?i)^(.+?)\s+begs\s+you\s+for\s+money\.\s+You\s+graciously\s+let\s+(\S+)\s+peep\s+at\s+your\s+fortune\.$	
BEG	BEG <T-NAME>	someone	target		* begs you for a dime or two - or twenty !	(?i)^(.+?)\s+begs\s+you\s+for\s+a\s+dime\s+or\s+two\s+\-\s+or\s+twenty\s+!$	
BEG	BEG <T-NAME>	someone	fail		Your money-lender seems to be out for the moment.	(?i)^Your\s+money\-lender\s+seems\s+to\s+be\s+out\s+for\s+the\s+moment\.$	
BEG	BEG SELF	self	you		Begging yourself for money doesn't help.	(?i)^Begging\s+yourself\s+for\s+money\s+doesn't\s+help\.$	
BEG	BEG SELF	self	others		* tries asking * for money.	(?i)^(.+?)\s+tries\s+asking\s+(\S+)\s+for\s+money\.$	
BIRD	BIRD	alone	you		You flick a bird...How obscene!	(?i)^You\s+flick\s+a\s+bird\.\.\.How\s+obscene!$	
BIRD	BIRD	alone	others		* flicks a bird at no one in particular.	(?i)^(.+?)\s+flicks\s+a\s+bird\s+at\s+no\s+one\s+in\s+particular\.$	
BIRD	BIRD <T-NAME>	someone	you		You shoot a bird at *.	(?i)^You\s+shoot\s+a\s+bird\s+at\s+(.+?)\.$	
BIRD	BIRD <T-NAME>	someone	others		* gives * the bird.	(?i)^(.+?)\s+gives\s+(.+?)\s+the\s+bird\.$	
BIRD	BIRD <T-NAME>	someone	target		* gives you the bird...What an ass!	(?i)^(.+?)\s+gives\s+you\s+the\s+bird\.\.\.What\s+an\s+ass!$	
BIRD	BIRD <T-NAME>	someone	fail		Don't you hate to waste a good obscene gesture like that?	(?i)^Don't\s+you\s+hate\s+to\s+waste\s+a\s+good\s+obscene\s+gesture\s+like\s+that\?$	
BITE	BITE	alone	you		You glare around, muttering "Bite me..." under your breath.	(?i)^You\s+glare\s+around,\s+muttering\s+"Bite\s+me\.\.\."\s+under\s+your\s+breath\.$	
BITE	BITE	alone	others		* glares around, muttering "Bite me..." under * breath.	(?i)^(.+?)\s+glares\s+around,\s+muttering\s+"Bite\s+me\.\.\."\s+under\s+(\S+)\s+breath\.$	
BITE	BITE <T-NAME>	someone	you		You bite * on the neck.	(?i)^You\s+bite\s+(.+?)\s+on\s+the\s+neck\.$	
BITE	BITE <T-NAME>	someone	others		* bites * on the neck!	(?i)^(.+?)\s+bites\s+(.+?)\s+on\s+the\s+neck!$	
BITE	BITE <T-NAME>	someone	target		* bites you on the neck.	(?i)^(.+?)\s+bites\s+you\s+on\s+the\s+neck\.$	
BITE	BITE <T-NAME>	someone	fail		Hungry? No such luck.	(?i)^Hungry\?\s+No\s+such\s+luck\.$	
BITE	BITE SELF	self	you		You bite your knuckle in anguish.	(?i)^You\s+bite\s+your\s+knuckle\s+in\s+anguish\.$	
BITE	BITE SELF	self	others		* bites * knuckle in anguish...the tragedy!	(?i)^(.+?)\s+bites\s+(\S+)\s+knuckle\s+in\s+anguish\.\.\.the\s+tragedy!$	
BKISS	BKISS	alone	you	bkiss.wav	You blow kisses to the air.	(?i)^You\s+blow\s+kisses\s+to\s+the\s+air\.$	KISS <T-NAME>
BKISS	BKISS	alone	others	bkiss.wav	* blows kisses at no one in particular.	(?i)^(.+?)\s+blows\s+kisses\s+at\s+no\s+one\s+in\s+particular\.$	KISS <T-NAME>
BKISS	BKISS <T-NAME>	someone	you	bkiss.wav	You blow a kiss at * and wonder if * will catch it.	(?i)^You\s+blow\s+a\s+kiss\s+at\s+(.+?)\s+and\s+wonder\s+if\s+(\S+)\s+will\s+catch\s+it\.$	
BKISS	BKISS <T-NAME>	someone	others	bkiss.wav	* blows a kiss at * ... isn't * so CUTE?	(?i)^(.+?)\s+blows\s+a\s+kiss\s+at\s+(.+?)\s+\.\.\.\s+isn't\s+(\S+)\s+so\s+CUTE\?$	
BKISS	BKISS <T-NAME>	someone	target	bkiss.wav	* blows a kiss at you and hopes you'll blow one back at *.	(?i)^(.+?)\s+blows\s+a\s+kiss\s+at\s+you\s+and\s+hopes\s+you'll\s+blow\s+one\s+back\s+at\s+(\S+)\.$	
BKISS	BKISS <T-NAME>	someone	fail	bkiss.wav	You kiss falls to the ground with no one to go to.	(?i)^You\s+kiss\s+falls\s+to\s+the\s+ground\s+with\s+no\s+one\s+to\s+go\s+to\.$	
BKISS	BKISS SELF	self	you	bkiss.wav	You blow a kiss to yourself... isn't the world beautiful?	(?i)^You\s+blow\s+a\s+kiss\s+to\s+yourself\.\.\.\s+isn't\s+the\s+world\s+beautiful\?$	
BKISS	BKISS SELF	self	others	bkiss.wav	* blows a kiss to *, obviously very in love.	(?i)^(.+?)\s+blows\s+a\s+kiss\s+to\s+(\S+),\s+obviously\s+very\s+in\s+love\.$	
BLEED	BLEED	alone	you		You bleed profusely -- making a horrible mess!	(?i)^You\s+bleed\s+profusely\s+\-\-\s+making\s+a\s+horrible\s+mess!$	
BLEED	BLEED	alone	others		* weakly bleeds all over the floor.	(?i)^(.+?)\s+weakly\s+bleeds\s+all\s+over\s+the\s+floor\.$	
BLEED	BLEED <T-NAME>	someone	you		You bleed on * -- ewww!	(?i)^You\s+bleed\s+on\s+(.+?)\s+\-\-\s+ewww!$	
BLEED	BLEED <T-NAME>	someone	others		* bleeds on *. Watch out, YOU might be next!	(?i)^(.+?)\s+bleeds\s+on\s+(.+?)\.\s+Watch\s+out,\s+YOU\s+might\s+be\s+next!$	
BLEED	BLEED <T-NAME>	someone	target		* bleeds on you -- ewww! Get away!!	(?i)^(.+?)\s+bleeds\s+on\s+you\s+\-\-\s+ewww!\s+Get\s+away!!$	
BLEED	BLEED <T-NAME>	someone	fail		Bleed on whom?	(?i)^Bleed\s+on\s+whom\?$	
BLEED	BLEED SELF	self	you		You bleed all over yourself.	(?i)^You\s+bleed\s+all\s+over\s+yourself\.$	
BLEED	BLEED SELF	self	others		* bleeds profusely all over *.	(?i)^(.+?)\s+bleeds\s+profusely\s+all\s+over\s+(\S+)\.$	
BLINK	BLINK	alone	you		You bat your eyelashes.	(?i)^You\s+bat\s+your\s+eyelashes\.$	
BLINK	BLINK	alone	others		* blinks innocently.	(?i)^(.+?)\s+blinks\s+innocently\.$	
BLINK	BLINK <T-NAME>	someone	you		You blink innocently at *.	(?i)^You\s+blink\s+innocently\s+at\s+(.+?)\.$	
BLINK	BLINK <T-NAME>	someone	others		* blinks * eyelashes innocently.	(?i)^(.+?)\s+blinks\s+(\S+)\s+eyelashes\s+innocently\.$	
BLINK	BLINK <T-NAME>	someone	target		* blinks at you innocently.	(?i)^(.+?)\s+blinks\s+at\s+you\s+innocently\.$	
BLINK	BLINK <T-NAME>	someone	fail		Bat your lashes at who?	(?i)^Bat\s+your\s+lashes\s+at\s+who\?$	
BLINK	BLINK SELF	self	you		You try to convince yourself of your innocence.	(?i)^You\s+try\s+to\s+convince\s+yourself\s+of\s+your\s+innocence\.$	
BLUSH	BLUSH	alone	you		You blush.	(?i)^You\s+blush\.$	
BLUSH	BLUSH	alone	others		* blushes.	(?i)^(.+?)\s+blushes\.$	
BLUSH	BLUSH <T-NAME>	someone	you		You get flustered upon seeing *.	(?i)^You\s+get\s+flustered\s+upon\s+seeing\s+(\S+)\.$	
BLUSH	BLUSH <T-NAME>	someone	others		* blushes as * sees * here.	(?i)^(.+?)\s+blushes\s+as\s+(\S+)\s+sees\s+(.+?)\s+here\.$	
BLUSH	BLUSH <T-NAME>	someone	target		* blushes as * sees you here. Such an effect on people!	(?i)^(.+?)\s+blushes\s+as\s+(\S+)\s+sees\s+you\s+here\.\s+Such\s+an\s+effect\s+on\s+people!$	
BLUSH	BLUSH <T-NAME>	someone	fail		You blush as you notice that person isn't here.	(?i)^You\s+blush\s+as\s+you\s+notice\s+that\s+person\s+isn't\s+here\.$	
BLUSH	BLUSH SELF	self	you		You blush at your own folly.	(?i)^You\s+blush\s+at\s+your\s+own\s+folly\.$	
BLUSH	BLUSH SELF	self	others		* blushes as he notices * mistake.	(?i)^(.+?)\s+blushes\s+as\s+he\s+notices\s+(\S+)\s+mistake\.$	
BOAST	BOAST	alone	you		You boast loudly of all your amazing accomplishments.	(?i)^You\s+boast\s+loudly\s+of\s+all\s+your\s+amazing\s+accomplishments\.$	
BOAST	BOAST	alone	others		* boasts loudly in a pigheaded fashion.	(?i)^(.+?)\s+boasts\s+loudly\s+in\s+a\s+pigheaded\s+fashion\.$	
BOAST	BOAST <T-NAME>	someone	you		You boast to * of all your great deeds.	(?i)^You\s+boast\s+to\s+(.+?)\s+of\s+all\s+your\s+great\s+deeds\.$	
BOAST	BOAST <T-NAME>	someone	others		* boasts to *.	(?i)^(.+?)\s+boasts\s+to\s+(.+?)\.$	
BOAST	BOAST <T-NAME>	someone	target		Once again, * boasts to you, what a bloated ego!	(?i)^Once\s+again,\s+(.+?)\s+boasts\s+to\s+you,\s+what\s+a\s+bloated\s+ego!$	
BOAST	BOAST <T-NAME>	someone	fail		Your ego takes a blow. They've already left.	(?i)^Your\s+ego\s+takes\s+a\s+blow\.\s+They've\s+already\s+left\.$	
BOAST	BOAST SELF	self	you		You boast to yourself of all your great feats! Your own biggest fan.	(?i)^You\s+boast\s+to\s+yourself\s+of\s+all\s+your\s+great\s+feats!\s+Your\s+own\s+biggest\s+fan\.$	
BOAST	BOAST SELF	self	others		* boasts to * -- what an ego!	(?i)^(.+?)\s+boasts\s+to\s+(\S+)\s+\-\-\s+what\s+an\s+ego!$	
BOGGLE	BOGGLE	alone	you		You boggle at the concept.	(?i)^You\s+boggle\s+at\s+the\s+concept\.$	BOGGLE <T-NAME>
BOGGLE	BOGGLE	alone	others		* boggles at the concept.	(?i)^(.+?)\s+boggles\s+at\s+the\s+concept\.$	BOGGLE <T-NAME>
BOGGLE	BOGGLE <T-NAME>	someone	you		You boggle at *.	(?i)^You\s+boggle\s+at\s+(.+?)\.$	
BOGGLE	BOGGLE <T-NAME>	someone	others		* boggles at *.	(?i)^(.+?)\s+boggles\s+at\s+(.+?)\.$	
BOGGLE	BOGGLE <T-NAME>	someone	target		* boggles at you.	(?i)^(.+?)\s+boggles\s+at\s+you\.$	
BOGGLE	BOGGLE <T-NAME>	someone	fail		Boggle away. They've left.	(?i)^Boggle\s+away\.\s+They've\s+left\.$	
BOGGLE	BOGGLE SELF	self	you		You boggle at yourself. Hmmm...intriguing.	(?i)^You\s+boggle\s+at\s+yourself\.\s+Hmmm\.\.\.intriguing\.$	BOGGLE <T-NAME>
BOGGLE	BOGGLE SELF	self	others		* boggles quietly to *.	(?i)^(.+?)\s+boggles\s+quietly\s+to\s+(\S+)\.$	
BONK	BONK	alone	you		***BONK!!!***	(?i)^\*\*\*BONK!!!\*\*\*$	
BONK	BONK	alone	others		* bonks * on the head for being such a moron.	(?i)^(.+?)\s+bonks\s+(\S+)\s+on\s+the\s+head\s+for\s+being\s+such\s+a\s+moron\.$	
BONK	BONK <T-NAME>	someone	you		You bonk * on the head for being such a moron.	(?i)^You\s+bonk\s+(.+?)\s+on\s+the\s+head\s+for\s+being\s+such\s+a\s+moron\.$	
BONK	BONK <T-NAME>	someone	others		* bonks * on the head for being such an UTTER moron.	(?i)^(.+?)\s+bonks\s+(.+?)\s+on\s+the\s+head\s+for\s+being\s+such\s+an\s+UTTER\s+moron\.$	
BONK	BONK <T-NAME>	someone	target		* bonks you on the head for being so foolish.	(?i)^(.+?)\s+bonks\s+you\s+on\s+the\s+head\s+for\s+being\s+so\s+foolish\.$	
BONK	BONK <T-NAME>	someone	fail		***BONK*** they left...	(?i)^\*\*\*BONK\*\*\*\s+they\s+left\.\.\.$	
BONK	BONK SELF	self	you		You bonk yourself, fool that you are.	(?i)^You\s+bonk\s+yourself,\s+fool\s+that\s+you\s+are\.$	
BONK	BONK SELF	self	others		* bonks * and grimaces in pain.	(?i)^(.+?)\s+bonks\s+(\S+)\s+and\s+grimaces\s+in\s+pain\.$	
BOUNCE	BOUNCE	alone	you	bounce.wav	BOIINNNNNNNGG!	(?i)^BOIINNNNNNNGG!$	
BOUNCE	BOUNCE	alone	others	bounce.wav	* bounces around with a happy smile.	(?i)^(.+?)\s+bounces\s+around\s+with\s+a\s+happy\s+smile\.$	
BOUNCE	BOUNCE <T-NAME>	someone	you		You bounce up and down on * lap. WHEEE!	(?i)^You\s+bounce\s+up\s+and\s+down\s+on\s+(\S+)\s+lap\.\s+WHEEE!$	
BOUNCE	BOUNCE <T-NAME>	someone	others		* bounces onto *'s lap and wiggles about.	(?i)^(.+?)\s+bounces\s+onto\s+(.+?)'s\s+lap\s+and\s+wiggles\s+about\.$	
BOUNCE	BOUNCE <T-NAME>	someone	target		* bounces onto your lap and wiggles about.	(?i)^(.+?)\s+bounces\s+onto\s+your\s+lap\s+and\s+wiggles\s+about\.$	
BOUNCE	BOUNCE <T-NAME>	someone	fail		You don't see your plaything.	(?i)^You\s+don't\s+see\s+your\s+plaything\.$	
BOUNCE	BOUNCE SELF	self	you	bounce.wav	You bounce your head like a basketball.	(?i)^You\s+bounce\s+your\s+head\s+like\s+a\s+basketball\.$	
BOUNCE	BOUNCE SELF	self	others	bounce.wav	* plays basketball with * head.	(?i)^(.+?)\s+plays\s+basketball\s+with\s+(\S+)\s+head\.$	
BOW	BOW	alone	you		You bow deeply.	(?i)^You\s+bow\s+deeply\.$	
BOW	BOW	alone	others		* bows deeply.	(?i)^(.+?)\s+bows\s+deeply\.$	
BOW	BOW <I-NAME>	item in room	you		You bow before *.	(?i)^You\s+bow\s+before\s+(.+?)\.$	BOW <T-NAME>
BOW	BOW <I-NAME>	item in room	others		* bows before *.	(?i)^(.+?)\s+bows\s+before\s+(.+?)\.$	BOW <T-NAME>
BOW	BOW <I-NAME>	item in room	fail		Bow who?	(?i)^Bow\s+who\?$	
BOW	BOW <T-NAME>	someone	you		You bow before *.	(?i)^You\s+bow\s+before\s+(\S+)\.$	BOW <I-NAME>
BOW	BOW <T-NAME>	someone	others		* bows before *.	(?i)^(.+?)\s+bows\s+before\s+(.+?)\.$	BOW <I-NAME>
BOW	BOW <T-NAME>	someone	target		* bows before you.	(?i)^(.+?)\s+bows\s+before\s+you\.$	BOW <I-NAME>
BOW	BOW <T-NAME>	someone	fail		Who`s that?	(?i)^Who`s\s+that\?$	
BOW	BOW SELF	self	you		You kiss your toes.	(?i)^You\s+kiss\s+your\s+toes\.$	
BOW	BOW SELF	self	others		* folds up like a jacknife and kisses * own toes.	(?i)^(.+?)\s+folds\s+up\s+like\s+a\s+jacknife\s+and\s+kisses\s+(\S+)\s+own\s+toes\.$	KISS <T-NAME>
BRB	BRB	alone	you		Hope to see you soon!	(?i)^Hope\s+to\s+see\s+you\s+soon!$	
BRB	BRB	alone	others		* will be right back!	(?i)^(.+?)\s+will\s+be\s+right\s+back!$	
BRICK	BRICK	alone	you		You throw a brick at someone, but miss.	(?i)^You\s+throw\s+a\s+brick\s+at\s+someone,\s+but\s+miss\.$	BRICK <T-NAME>
BRICK	BRICK	alone	others		* throws a brick wildly through the air. * looks pissed!	(?i)^(.+?)\s+throws\s+a\s+brick\s+wildly\s+through\s+the\s+air\.\s+(\S+)\s+looks\s+pissed!$	
BRICK	BRICK <T-NAME>	someone	you		You throw a brick at *.	(?i)^You\s+throw\s+a\s+brick\s+at\s+(.+?)\.$	
BRICK	BRICK <T-NAME>	someone	others		* throws a brick at *!	(?i)^(.+?)\s+throws\s+a\s+brick\s+at\s+(.+?)!$	
BRICK	BRICK <T-NAME>	someone	target		* throws a brick at you! Now what did you do?	(?i)^(.+?)\s+throws\s+a\s+brick\s+at\s+you!\s+Now\s+what\s+did\s+you\s+do\?$	
BRICK	BRICK <T-NAME>	someone	fail		Brick who?	(?i)^Brick\s+who\?$	
BRICK	BRICK ALL	all	you		You start throwing bricks at everyone!	(?i)^You\s+start\s+throwing\s+bricks\s+at\s+everyone!$	
BRICK	BRICK ALL	all	others		* has gone mad, and starts throwing bricks at everyone!	(?i)^(.+?)\s+has\s+gone\s+mad,\s+and\s+starts\s+throwing\s+bricks\s+at\s+everyone!$	
BRICK	BRICK SELF	self	you		You dodge an incoming brick!	(?i)^You\s+dodge\s+an\s+incoming\s+brick!$	
BRICK	BRICK SELF	self	others		* ducks underneath an incoming brick.	(?i)^(.+?)\s+ducks\s+underneath\s+an\s+incoming\s+brick\.$	
BSCRATCH	BSCRATCH <T-NAME>	someone	you		You scratch *'s back.	(?i)^You\s+scratch\s+(.+?)'s\s+back\.$	
BSCRATCH	BSCRATCH <T-NAME>	someone	others		* scratches * on the back.	(?i)^(.+?)\s+scratches\s+(.+?)\s+on\s+the\s+back\.$	
BSCRATCH	BSCRATCH <T-NAME>	someone	target		* scratches your back.	(?i)^(.+?)\s+scratches\s+your\s+back\.$	
BSCRATCH	BSCRATCH <T-NAME>	someone	fail		Bscratch who?	(?i)^Bscratch\s+who\?$	
BSHAKE	BSHAKE	alone	you		You start to shake your butt back and forth really showing off what you`ve got.	(?i)^You\s+start\s+to\s+shake\s+your\s+butt\s+back\s+and\s+forth\s+really\s+showing\s+off\s+what\s+you`ve\s+got\.$	
BSHAKE	BSHAKE	alone	others		* swings * butt back and forth. It must be jam, because jelly don`t shake like that.	(?i)^(.+?)\s+swings\s+(\S+)\s+butt\s+back\s+and\s+forth\.\s+It\s+must\s+be\s+jam,\s+because\s+jelly\s+don`t\s+shake\s+like\s+that\.$	
BUFF	BUFF	alone	you		DAMN I`m good!!!	(?i)^DAMN\s+I`m\s+good!!!$	
BUFF	BUFF	alone	others		* buffs * nails on * cloak.	(?i)^(.+?)\s+buffs\s+(\S+)\s+nails\s+on\s+(\S+)\s+cloak\.$	
BURP	BURP	alone	you	burp.wav	Burp.	(?i)^Burp\.$	
BURP	BURP	alone	others	burp.wav	* burps.	(?i)^(.+?)\s+burps\.$	
BURP	BURP <T-NAME>	someone	you	burp.wav	You burp loudly to * in response.	(?i)^You\s+burp\s+loudly\s+to\s+(\S+)\s+in\s+response\.$	
BURP	BURP <T-NAME>	someone	others	burp.wav	* burps loudly in response to *'s remark.	(?i)^(.+?)\s+burps\s+loudly\s+in\s+response\s+to\s+(.+?)'s\s+remark\.$	
BURP	BURP <T-NAME>	someone	target	burp.wav	* burps loudly in response to your remark.	(?i)^(.+?)\s+burps\s+loudly\s+in\s+response\s+to\s+your\s+remark\.$	
BURP	BURP <T-NAME>	someone	fail	burp.wav	You can't find your victim.	(?i)^You\s+can't\s+find\s+your\s+victim\.$	
BURP	BURP SELF	self	you	burp.wav	You burp at yourself.	(?i)^You\s+burp\s+at\s+yourself\.$	
BURP	BURP SELF	self	others	burp.wav	* burps at *. What a sick sight.	(?i)^(.+?)\s+burps\s+at\s+(\S+)\.\s+What\s+a\s+sick\s+sight\.$	
BUTT	BUTT <T-NAME>	someone	you		You reach down and cup one of *`s buttcheeks.	(?i)^You\s+reach\s+down\s+and\s+cup\s+one\s+of\s+(.+?)`s\s+buttcheeks\.$	
BUTT	BUTT <T-NAME>	someone	others		* reaches down and cups one of *`s buttcheeks.	(?i)^(.+?)\s+reaches\s+down\s+and\s+cups\s+one\s+of\s+(.+?)`s\s+buttcheeks\.$	
BUTT	BUTT <T-NAME>	someone	target		* reaches down and cups one of your buttcheeks.	(?i)^(.+?)\s+reaches\s+down\s+and\s+cups\s+one\s+of\s+your\s+buttcheeks\.$	
BUTT	BUTT <T-NAME>	someone	fail		Butt who?	(?i)^Butt\s+who\?$	
CACKLE	CACKLE	alone	you	cackle.wav	You cackle gleefully.	(?i)^You\s+cackle\s+gleefully\.$	
CACKLE	CACKLE	alone	others	cackle.wav	* throws back * head and cackles with insane glee!	(?i)^(.+?)\s+throws\s+back\s+(\S+)\s+head\s+and\s+cackles\s+with\s+insane\s+glee!$	
CACKLE	CACKLE <T-NAME>	someone	you	cackle.wav	You cackle gleefully at *	(?i)^You\s+cackle\s+gleefully\s+at\s+(.+?)$	
CACKLE	CACKLE <T-NAME>	someone	others	cackle.wav	* cackles gleefully at *.	(?i)^(.+?)\s+cackles\s+gleefully\s+at\s+(.+?)\.$	
CACKLE	CACKLE <T-NAME>	someone	target	cackle.wav	* cackles gleefully at you. Better keep your distance from *.	(?i)^(.+?)\s+cackles\s+gleefully\s+at\s+you\.\s+Better\s+keep\s+your\s+distance\s+from\s+(\S+)\.$	
CACKLE	CACKLE <T-NAME>	someone	fail	cackle.wav	You can't find a friend to cackle with.	(?i)^You\s+can't\s+find\s+a\s+friend\s+to\s+cackle\s+with\.$	
CACKLE	CACKLE SELF	self	you	cackle.wav	You cackle at yourself. Now THAT'S strange!	(?i)^You\s+cackle\s+at\s+yourself\.\s+Now\s+THAT'S\s+strange!$	
CACKLE	CACKLE SELF	self	others	cackle.wav	* is really crazy now! * cackles at *.	(?i)^(.+?)\s+is\s+really\s+crazy\s+now!\s+(\S+)\s+cackles\s+at\s+(\S+)\.$	
CAMEL	CAMEL	alone	you		You pretend you are a camel.	(?i)^You\s+pretend\s+you\s+are\s+a\s+camel\.$	
CAMEL	CAMEL	alone	others		* pretends to be a camel.	(?i)^(.+?)\s+pretends\s+to\s+be\s+a\s+camel\.$	
CAMEL	CAMEL <T-NAME>	someone	you		You light a Camel cigarette for *.	(?i)^You\s+light\s+a\s+Camel\s+cigarette\s+for\s+(\S+)\.$	
CAMEL	CAMEL <T-NAME>	someone	others		* lights a Camel cigarette for *.	(?i)^(.+?)\s+lights\s+a\s+Camel\s+cigarette\s+for\s+(.+?)\.$	
CAMEL	CAMEL <T-NAME>	someone	target		* lights a Camel cigarette for you.	(?i)^(.+?)\s+lights\s+a\s+Camel\s+cigarette\s+for\s+you\.$	
CAMEL	CAMEL <T-NAME>	someone	fail		You don`t see that person here.	(?i)^You\s+don`t\s+see\s+that\s+person\s+here\.$	
CAMEL	CAMEL SELF	self	you		You light a Camel cigarette and inhale sharply.	(?i)^You\s+light\s+a\s+Camel\s+cigarette\s+and\s+inhale\s+sharply\.$	
CAMEL	CAMEL SELF	self	others		* lights a Camel cigarette and inhales sharply.	(?i)^(.+?)\s+lights\s+a\s+Camel\s+cigarette\s+and\s+inhales\s+sharply\.$	
CARESS	CARESS	alone	you		Who do you wish to caress?	(?i)^Who\s+do\s+you\s+wish\s+to\s+caress\?$	
CARESS	CARESS	alone	others		* looks for someone to caress.	(?i)^(.+?)\s+looks\s+for\s+someone\s+to\s+caress\.$	
CARESS	CARESS <T-NAME>	someone	you		You tenderly caress *.	(?i)^You\s+tenderly\s+caress\s+(\S+)\.$	
CARESS	CARESS <T-NAME>	someone	others		* tenderly caresses *.	(?i)^(.+?)\s+tenderly\s+caresses\s+(.+?)\.$	
CARESS	CARESS <T-NAME>	someone	target		* tenderly caresses your body.	(?i)^(.+?)\s+tenderly\s+caresses\s+your\s+body\.$	
CARESS	CARESS <T-NAME>	someone	fail		You're S.O.L., buddy.	(?i)^You're\s+S\.O\.L\.,\s+buddy\.$	
CHALLENGE	CHALLENGE	alone	you		You challenge everyone to a duel!	(?i)^You\s+challenge\s+everyone\s+to\s+a\s+duel!$	
CHALLENGE	CHALLENGE	alone	others		* challenges everyone to a duel. Hmm, * must be very good or very foolish.	(?i)^(.+?)\s+challenges\s+everyone\s+to\s+a\s+duel\.\s+Hmm,\s+(\S+)\s+must\s+be\s+very\s+good\s+or\s+very\s+foolish\.$	
CHALLENGE	CHALLENGE <T-NAME>	someone	you		You challenge * to a duel.	(?i)^You\s+challenge\s+(.+?)\s+to\s+a\s+duel\.$	
CHALLENGE	CHALLENGE <T-NAME>	someone	others		* challenges * to a duel! Who`s taking bets?	(?i)^(.+?)\s+challenges\s+(.+?)\s+to\s+a\s+duel!\s+Who`s\s+taking\s+bets\?$	
CHALLENGE	CHALLENGE <T-NAME>	someone	target		* is challenging you to a duel. Perhaps you should think about this.	(?i)^(.+?)\s+is\s+challenging\s+you\s+to\s+a\s+duel\.\s+Perhaps\s+you\s+should\s+think\s+about\s+this\.$	
CHALLENGE	CHALLENGE <T-NAME>	someone	fail		Challenge who?	(?i)^Challenge\s+who\?$	
CHARGE	CHARGE	alone	you		You charge into the fray!	(?i)^You\s+charge\s+into\s+the\s+fray!$	
CHARGE	CHARGE	alone	others		* charges into the fray! All guts, no brains.	(?i)^(.+?)\s+charges\s+into\s+the\s+fray!\s+All\s+guts,\s+no\s+brains\.$	
CHARGE	CHARGE <T-NAME>	someone	you		With surprising dexterity, you head-butt *!	(?i)^With\s+surprising\s+dexterity,\s+you\s+head\-butt\s+(.+?)!$	
CHARGE	CHARGE <T-NAME>	someone	others		* ducks down low, charges forward, and head-butts *!	(?i)^(.+?)\s+ducks\s+down\s+low,\s+charges\s+forward,\s+and\s+head\-butts\s+(.+?)!$	
CHARGE	CHARGE <T-NAME>	someone	target		OOF! * rammed * head into your stomach! That HURT.	(?i)^OOF!\s+(.+?)\s+rammed\s+(\S+)\s+head\s+into\s+your\s+stomach!\s+That\s+HURT\.$	
CHARGE	CHARGE <T-NAME>	someone	fail		Nobody 'round with that name, Mister!	(?i)^Nobody\s+'round\s+with\s+that\s+name,\s+Mister!$	
CHARGE	CHARGE SELF	self	you		You run your head into a brick wall. OUCH!	(?i)^You\s+run\s+your\s+head\s+into\s+a\s+brick\s+wall\.\s+OUCH!$	
CHEER	CHEER	alone	you	cheer.wav	You cheer and dance as the joy within you bursts forth!	(?i)^You\s+cheer\s+and\s+dance\s+as\s+the\s+joy\s+within\s+you\s+bursts\s+forth!$	
CHEER	CHEER	alone	others	cheer.wav	* cheers and sings... * is just BURSTING with joy!	(?i)^(.+?)\s+cheers\s+and\s+sings\.\.\.\s+(\S+)\s+is\s+just\s+BURSTING\s+with\s+joy!$	
CHEER	CHEER <T-NAME>	someone	you	cheer.wav	You cheer * on and wish * good luck!	(?i)^You\s+cheer\s+(.+?)\s+on\s+and\s+wish\s+(\S+)\s+good\s+luck!$	
CHEER	CHEER <T-NAME>	someone	others	cheer.wav	*Yay!* Go *!!! * cheers * on.	(?i)^\*Yay!\*\s+Go\s+(.+?)!!!\s+(.+?)\s+cheers\s+(\S+)\s+on\.$	
CHEER	CHEER <T-NAME>	someone	target	cheer.wav	You are cheered on by *... you feel so loved!	(?i)^You\s+are\s+cheered\s+on\s+by\s+(.+?)\.\.\.\s+you\s+feel\s+so\s+loved!$	
CHEER	CHEER <T-NAME>	someone	fail	cheer.wav	Who? Huh? Where? They're not here, that's for sure	(?i)^Who\?\s+Huh\?\s+Where\?\s+They're\s+not\s+here,\s+that's\s+for\s+sure$	
CHEER	CHEER SELF	self	you	cheer.wav	You cheer silently for yourself since nobody else will	(?i)^You\s+cheer\s+silently\s+for\s+yourself\s+since\s+nobody\s+else\s+will$	
CHEER	CHEER SELF	self	others	cheer.wav	* resorts to cheering for *... how sad.	(?i)^(.+?)\s+resorts\s+to\s+cheering\s+for\s+(\S+)\.\.\.\s+how\s+sad\.$	
CHEST	CHEST <T-NAME>	someone	you		You rub your hands up and down *`s chest.	(?i)^You\s+rub\s+your\s+hands\s+up\s+and\s+down\s+(.+?)`s\s+chest\.$	
CHEST	CHEST <T-NAME>	someone	others		* rubs * hands all over *`s bare chest.	(?i)^(.+?)\s+rubs\s+(\S+)\s+hands\s+all\s+over\s+(.+?)`s\s+bare\s+chest\.$	
CHEST	CHEST <T-NAME>	someone	target		* rubs * hands gently all over your bare chest.	(?i)^(.+?)\s+rubs\s+(\S+)\s+hands\s+gently\s+all\s+over\s+your\s+bare\s+chest\.$	
CHEST	CHEST <T-NAME>	someone	fail		Chest who?	(?i)^Chest\s+who\?$	
CHORTLE	CHORTLE	alone	you		Heh.	(?i)^Heh\.$	
CHORTLE	CHORTLE	alone	others		* chortles mischievously.	(?i)^(.+?)\s+chortles\s+mischievously\.$	
CHORTLE	CHORTLE <T-NAME>	someone	you		You chortle mischievously at *.	(?i)^You\s+chortle\s+mischievously\s+at\s+(.+?)\.$	
CHORTLE	CHORTLE <T-NAME>	someone	others		* chortles mischievously at *.	(?i)^(.+?)\s+chortles\s+mischievously\s+at\s+(.+?)\.$	
CHORTLE	CHORTLE <T-NAME>	someone	target		* chortles mischievously at you.	(?i)^(.+?)\s+chortles\s+mischievously\s+at\s+you\.$	
CHORTLE	CHORTLE <T-NAME>	someone	fail		Took you a while to get that....they aren't here.	(?i)^Took\s+you\s+a\s+while\s+to\s+get\s+that\.\.\.\.they\s+aren't\s+here\.$	
CHORTLE	CHORTLE SELF	self	you		You chortle at your own joke.	(?i)^You\s+chortle\s+at\s+your\s+own\s+joke\.$	
CHORTLE	CHORTLE SELF	self	others		* chortles at * own joke. Don't bother.	(?i)^(.+?)\s+chortles\s+at\s+(\S+)\s+own\s+joke\.\s+Don't\s+bother\.$	
CHUCKLE	CHUCKLE	alone	you	chuckle.wav	You chuckle.	(?i)^You\s+chuckle\.$	
CHUCKLE	CHUCKLE	alone	others	chuckle.wav	* chuckles.	(?i)^(.+?)\s+chuckles\.$	
CHUCKLE	CHUCKLE <T-NAME>	someone	you	chuckle.wav	You chuckle at *.	(?i)^You\s+chuckle\s+at\s+(\S+)\.$	
CHUCKLE	CHUCKLE <T-NAME>	someone	others	chuckle.wav	* chuckles at *.	(?i)^(.+?)\s+chuckles\s+at\s+(.+?)\.$	
CHUCKLE	CHUCKLE <T-NAME>	someone	target	chuckle.wav	* chuckles at you.	(?i)^(.+?)\s+chuckles\s+at\s+you\.$	
CHUCKLE	CHUCKLE <T-NAME>	someone	fail	chuckle.wav	You can't find a friend to chuckle with.	(?i)^You\s+can't\s+find\s+a\s+friend\s+to\s+chuckle\s+with\.$	POLITE <T-NAME>
CHUCKLE	CHUCKLE SELF	self	you	chuckle.wav	You chuckle at your own joke, since no one else would.	(?i)^You\s+chuckle\s+at\s+your\s+own\s+joke,\s+since\s+no\s+one\s+else\s+would\.$	POLITE SELF
CHUCKLE	CHUCKLE SELF	self	others	chuckle.wav	* chuckles at * own joke, since none of you would.	(?i)^(.+?)\s+chuckles\s+at\s+(\S+)\s+own\s+joke,\s+since\s+none\s+of\s+you\s+would\.$	CHUCKLE <T-NAME>; POLITE SELF
CLAP	CLAP	alone	you	clap.wav	You clap your hands together.	(?i)^You\s+clap\s+your\s+hands\s+together\.$	
CLAP	CLAP	alone	others	clap.wav	* claps.	(?i)^(.+?)\s+claps\.$	
CLAP	CLAP <T-NAME>	someone	you	clap.wav	You clap at * performance.	(?i)^You\s+clap\s+at\s+(\S+)\s+performance\.$	
CLAP	CLAP <T-NAME>	someone	others	clap.wav	* claps at *'s performance.	(?i)^(.+?)\s+claps\s+at\s+(.+?)'s\s+performance\.$	
CLAP	CLAP <T-NAME>	someone	target	clap.wav	* claps at your performance.	(?i)^(.+?)\s+claps\s+at\s+your\s+performance\.$	
CLAP	CLAP <T-NAME>	someone	fail	clap.wav	You clap for nothing.	(?i)^You\s+clap\s+for\s+nothing\.$	
CLAP	CLAP SELF	self	you	clap.wav	You clap at your own performance.	(?i)^You\s+clap\s+at\s+your\s+own\s+performance\.$	
CLAP	CLAP SELF	self	others	clap.wav	* claps at * own performance.	(?i)^(.+?)\s+claps\s+at\s+(\S+)\s+own\s+performance\.$	
CLAW	CLAW	alone	you		You tighten your hands into a fist.	(?i)^You\s+tighten\s+your\s+hands\s+into\s+a\s+fist\.$	
CLAW	CLAW	alone	others		* clenches * fists until blood drips from them...	(?i)^(.+?)\s+clenches\s+(\S+)\s+fists\s+until\s+blood\s+drips\s+from\s+them\.\.\.$	
CLAW	CLAW <T-NAME>	someone	you		You claw * eyes out... GROSS!	(?i)^You\s+claw\s+(\S+)\s+eyes\s+out\.\.\.\s+GROSS!$	
CLAW	CLAW <T-NAME>	someone	others		* buries * nails in *'s eyes ... OH GOD, THE BLOOD!	(?i)^(.+?)\s+buries\s+(\S+)\s+nails\s+in\s+(.+?)'s\s+eyes\s+\.\.\.\s+OH\s+GOD,\s+THE\s+BLOOD!$	
CLAW	CLAW <T-NAME>	someone	target		* buries * nails in your eyes and you are blinded by your own blood!	(?i)^(.+?)\s+buries\s+(\S+)\s+nails\s+in\s+your\s+eyes\s+and\s+you\s+are\s+blinded\s+by\s+your\s+own\s+blood!$	
CLAW	CLAW <T-NAME>	someone	fail		They aren't here to claw.	(?i)^They\s+aren't\s+here\s+to\s+claw\.$	
CLAW	CLAW SELF	self	you		You claw yourself to shreds!	(?i)^You\s+claw\s+yourself\s+to\s+shreds!$	
CLAW	CLAW SELF	self	others		* rips * to shreds with * fingernails!	(?i)^(.+?)\s+rips\s+(\S+)\s+to\s+shreds\s+with\s+(\S+)\s+fingernails!$	
COLLAPSE	COLLAPSE	alone	you	collapse.wav	You collapse on the floor from exhaustion.	(?i)^You\s+collapse\s+on\s+the\s+floor\s+from\s+exhaustion\.$	
COLLAPSE	COLLAPSE	alone	others	collapse.wav	* dramatically collapses to the floor from exhaustion.	(?i)^(.+?)\s+dramatically\s+collapses\s+to\s+the\s+floor\s+from\s+exhaustion\.$	
COLLAPSE	COLLAPSE <T-NAME>	someone	you	collapse.wav	You collapse right into *'s arms.	(?i)^You\s+collapse\s+right\s+into\s+(.+?)'s\s+arms\.$	
COLLAPSE	COLLAPSE <T-NAME>	someone	others	collapse.wav	* collapses right into *'s arms.	(?i)^(.+?)\s+collapses\s+right\s+into\s+(.+?)'s\s+arms\.$	
COLLAPSE	COLLAPSE <T-NAME>	someone	target	collapse.wav	Suddenly, * collapses into your arms from exhaustion.	(?i)^Suddenly,\s+(.+?)\s+collapses\s+into\s+your\s+arms\s+from\s+exhaustion\.$	
COLLAPSE	COLLAPSE <T-NAME>	someone	fail	collapse.wav	They've already left, just collapse on the floor.	(?i)^They've\s+already\s+left,\s+just\s+collapse\s+on\s+the\s+floor\.$	
COMB	COMB	alone	you		You comb your hair - perfect.	(?i)^You\s+comb\s+your\s+hair\s+\-\s+perfect\.$	
COMB	COMB	alone	others		* combs * hair, what a dashing specimen !	(?i)^(.+?)\s+combs\s+(\S+)\s+hair,\s+what\s+a\s+dashing\s+specimen\s+!$	
COMB	COMB <T-NAME>	someone	you		You patiently untangle *'s hair - what a mess !	(?i)^You\s+patiently\s+untangle\s+(.+?)'s\s+hair\s+\-\s+what\s+a\s+mess\s+!$	
COMB	COMB <T-NAME>	someone	others		* tries patiently to untangle *'s hair.	(?i)^(.+?)\s+tries\s+patiently\s+to\s+untangle\s+(.+?)'s\s+hair\.$	
COMB	COMB <T-NAME>	someone	target		* pulls your hair in an attempt to comb it.	(?i)^(.+?)\s+pulls\s+your\s+hair\s+in\s+an\s+attempt\s+to\s+comb\s+it\.$	
COMB	COMB <T-NAME>	someone	fail		That person is not here.	(?i)^That\s+person\s+is\s+not\s+here\.$	
COMB	COMB SELF	self	you		You pull your hair, but it will not be combed.	(?i)^You\s+pull\s+your\s+hair,\s+but\s+it\s+will\s+not\s+be\s+combed\.$	
COMB	COMB SELF	self	others		* tries to comb * tangled hair.	(?i)^(.+?)\s+tries\s+to\s+comb\s+(\S+)\s+tangled\s+hair\.$	
COMFORT	COMFORT	alone	you		Do you feel uncomfortable?	(?i)^Do\s+you\s+feel\s+uncomfortable\?$	
COMFORT	COMFORT <T-NAME>	someone	you		You comfort *.	(?i)^You\s+comfort\s+(\S+)\.$	
COMFORT	COMFORT <T-NAME>	someone	others		* comforts *.	(?i)^(.+?)\s+comforts\s+(.+?)\.$	
COMFORT	COMFORT <T-NAME>	someone	target		* comforts you.	(?i)^(.+?)\s+comforts\s+you\.$	
COMFORT	COMFORT <T-NAME>	someone	fail		Comfort who?	(?i)^Comfort\s+who\?$	
COMFORT	COMFORT SELF	self	you		You make a vain attempt to comfort yourself.	(?i)^You\s+make\s+a\s+vain\s+attempt\s+to\s+comfort\s+yourself\.$	
COMFORT	COMFORT SELF	self	others		* has no one to comfort * but *	(?i)^(.+?)\s+has\s+no\s+one\s+to\s+comfort\s+(\S+)\s+but\s+(\S+)$	
COMMANDO	COMMANDO	alone	you		You proudly announce to everyone that you are going commando.	(?i)^You\s+proudly\s+announce\s+to\s+everyone\s+that\s+you\s+are\s+going\s+commando\.$	
COMMANDO	COMMANDO	alone	others		* proudly announces that * is going commando.	(?i)^(.+?)\s+proudly\s+announces\s+that\s+(\S+)\s+is\s+going\s+commando\.$	
COMMANDO	COMMANDO <T-NAME>	someone	you		With all the confidence in the world, you ask * if * is going commando.	(?i)^With\s+all\s+the\s+confidence\s+in\s+the\s+world,\s+you\s+ask\s+(.+?)\s+if\s+(\S+)\s+is\s+going\s+commando\.$	
COMMANDO	COMMANDO <T-NAME>	someone	others		* rather boldly asks * if * is going comamndo.	(?i)^(.+?)\s+rather\s+boldly\s+asks\s+(.+?)\s+if\s+(\S+)\s+is\s+going\s+comamndo\.$	
COMMANDO	COMMANDO <T-NAME>	someone	target		* rather boldly asks if you are going commando.	(?i)^(.+?)\s+rather\s+boldly\s+asks\s+if\s+you\s+are\s+going\s+commando\.$	
COMMANDO	COMMANDO <T-NAME>	someone	fail		Commando who?	(?i)^Commando\s+who\?$	
COMPREHEND	COMPREHEND	alone	you		your face lights up as you FINALLY understand.	(?i)^your\s+face\s+lights\s+up\s+as\s+you\s+FINALLY\s+understand\.$	
COMPREHEND	COMPREHEND	alone	others		*'s face lights up as * finally understands.	(?i)^(.+?)'s\s+face\s+lights\s+up\s+as\s+(\S+)\s+finally\s+understands\.$	
CONFUSED	CONFUSED	alone	you		Your confusion is showing.	(?i)^Your\s+confusion\s+is\s+showing\.$	
CONFUSED	CONFUSED	alone	others		* blinks slowly...	(?i)^(.+?)\s+blinks\s+slowly\.\.\.$	
CONFUSED	CONFUSED <T-NAME>	someone	you		You blink slowly, trying to decipher * comment.	(?i)^You\s+blink\s+slowly,\s+trying\s+to\s+decipher\s+(\S+)\s+comment\.$	
CONFUSED	CONFUSED <T-NAME>	someone	others		* blinks slowly. Maybe * left a word out of * sentence...	(?i)^(.+?)\s+blinks\s+slowly\.\s+Maybe\s+(.+?)\s+left\s+a\s+word\s+out\s+of\s+(\S+)\s+sentence\.\.\.$	
CONFUSED	CONFUSED <T-NAME>	someone	target		* blinks slowly. Maybe you left a word out of your sentence?	(?i)^(.+?)\s+blinks\s+slowly\.\s+Maybe\s+you\s+left\s+a\s+word\s+out\s+of\s+your\s+sentence\?$	
CONFUSED	CONFUSED <T-NAME>	someone	fail		No wonder you're confused.	(?i)^No\s+wonder\s+you're\s+confused\.$	
CONSPIRE	CONSPIRE	alone	you		You wink conspiratorily, waiting for the countersign.	(?i)^You\s+wink\s+conspiratorily,\s+waiting\s+for\s+the\s+countersign\.$	
CONSPIRE	CONSPIRE	alone	others		* winks conspiratorily, waiting for the countersign.	(?i)^(.+?)\s+winks\s+conspiratorily,\s+waiting\s+for\s+the\s+countersign\.$	
CONSPIRE	CONSPIRE <T-NAME>	someone	you		You induct * into your private conspiracy with a wink.	(?i)^You\s+induct\s+(\S+)\s+into\s+your\s+private\s+conspiracy\s+with\s+a\s+wink\.$	
CONSPIRE	CONSPIRE <T-NAME>	someone	others		* winks conspiratorily at *. You wonder what this can mean.	(?i)^(.+?)\s+winks\s+conspiratorily\s+at\s+(.+?)\.\s+You\s+wonder\s+what\s+this\s+can\s+mean\.$	
CONSPIRE	CONSPIRE <T-NAME>	someone	target		* inducts you into * private conspiracy with a wink.	(?i)^(.+?)\s+inducts\s+you\s+into\s+(\S+)\s+private\s+conspiracy\s+with\s+a\s+wink\.$	
CONSPIRE	CONSPIRE <T-NAME>	someone	fail		Even you conspire against yourself.	(?i)^Even\s+you\s+conspire\s+against\s+yourself\.$	
CONSPIRE	CONSPIRE SELF	self	you		you are paranoid enough to distrust even yourself.	(?i)^you\s+are\s+paranoid\s+enough\s+to\s+distrust\s+even\s+yourself\.$	
CONTEMPLATE	CONTEMPLATE	alone	you		You bite your lip contemplatively.	(?i)^You\s+bite\s+your\s+lip\s+contemplatively\.$	
CONTEMPLATE	CONTEMPLATE	alone	others		* bites * lip contemplatively.	(?i)^(.+?)\s+bites\s+(\S+)\s+lip\s+contemplatively\.$	
COUGH	COUGH	alone	you		You cough loudly.	(?i)^You\s+cough\s+loudly\.$	
COUGH	COUGH	alone	others		* coughs loudly.	(?i)^(.+?)\s+coughs\s+loudly\.$	
COUGH	COUGH <T-NAME>	someone	you		You cough ostentatiously on *.	(?i)^You\s+cough\s+ostentatiously\s+on\s+(.+?)\.$	
COUGH	COUGH <T-NAME>	someone	others		* coughs ostentatiously on *.	(?i)^(.+?)\s+coughs\s+ostentatiously\s+on\s+(.+?)\.$	
COUGH	COUGH <T-NAME>	someone	target		* coughs on ostentatiously on you.	(?i)^(.+?)\s+coughs\s+on\s+ostentatiously\s+on\s+you\.$	
COVER	COVER	alone	you		You cover your ears to protect them from the noise.	(?i)^You\s+cover\s+your\s+ears\s+to\s+protect\s+them\s+from\s+the\s+noise\.$	
COVER	COVER	alone	others		* covers * ears to protect them from all the noise.	(?i)^(.+?)\s+covers\s+(\S+)\s+ears\s+to\s+protect\s+them\s+from\s+all\s+the\s+noise\.$	
COVER	COVER <T-NAME>	someone	you		You glare at * and cover your ears.	(?i)^You\s+glare\s+at\s+(.+?)\s+and\s+cover\s+your\s+ears\.$	
COVER	COVER <T-NAME>	someone	others		* glares at * and covers * ears.	(?i)^(.+?)\s+glares\s+at\s+(.+?)\s+and\s+covers\s+(\S+)\s+ears\.$	GLARE <T-NAME>
COVER	COVER <T-NAME>	someone	target		* covers * ears because of you... you are TOO LOUD!	(?i)^(.+?)\s+covers\s+(\S+)\s+ears\s+because\s+of\s+you\.\.\.\s+you\s+are\s+TOO\s+LOUD!$	
COVER	COVER <T-NAME>	someone	fail		They aren't here right now.	(?i)^They\s+aren't\s+here\s+right\s+now\.$	JUDGE <T-NAME>
COVER	COVER SELF	self	you		No... I don't think so.	(?i)^No\.\.\.\s+I\s+don't\s+think\s+so\.$	
COWER	COWER	alone	you		You cower in a corner.	(?i)^You\s+cower\s+in\s+a\s+corner\.$	
COWER	COWER	alone	others		* cowers in a corner and whimpers softly.	(?i)^(.+?)\s+cowers\s+in\s+a\s+corner\s+and\s+whimpers\s+softly\.$	WHIMPER
COWER	COWER <T-NAME>	someone	you		You cower away from * and * harsh words.	(?i)^You\s+cower\s+away\s+from\s+(.+?)\s+and\s+(\S+)\s+harsh\s+words\.$	
COWER	COWER <T-NAME>	someone	others		* cowers in a corner, terrified that * will come after *.	(?i)^(.+?)\s+cowers\s+in\s+a\s+corner,\s+terrified\s+that\s+(.+?)\s+will\s+come\s+after\s+(\S+)\.$	
COWER	COWER <T-NAME>	someone	target		You scared poor *! Now * is cowering in a corner, afraid for * life.	(?i)^You\s+scared\s+poor\s+(.+?)!\s+Now\s+(\S+)\s+is\s+cowering\s+in\s+a\s+corner,\s+afraid\s+for\s+(\S+)\s+life\.$	
COWER	COWER <T-NAME>	someone	fail		That person is AWOL at the moment.	(?i)^That\s+person\s+is\s+AWOL\s+at\s+the\s+moment\.$	
COWER	COWER SELF	self	you		You are afraid of your own shadow!	(?i)^You\s+are\s+afraid\s+of\s+your\s+own\s+shadow!$	
COWER	COWER SELF	self	others		* cowers in the corner afraid of * own shadow	(?i)^(.+?)\s+cowers\s+in\s+the\s+corner\s+afraid\s+of\s+(\S+)\s+own\s+shadow$	
COZY	COZY <T-NAME>	someone	you		You slide up next to * and get real cozy.	(?i)^You\s+slide\s+up\s+next\s+to\s+(.+?)\s+and\s+get\s+real\s+cozy\.$	
COZY	COZY <T-NAME>	someone	others		* slides up really close to * and gets real cozy.	(?i)^(.+?)\s+slides\s+up\s+really\s+close\s+to\s+(.+?)\s+and\s+gets\s+real\s+cozy\.$	
COZY	COZY <T-NAME>	someone	target		* slides up really close to you and gets cozy.	(?i)^(.+?)\s+slides\s+up\s+really\s+close\s+to\s+you\s+and\s+gets\s+cozy\.$	
COZY	COZY <T-NAME>	someone	fail		Cozy who?	(?i)^Cozy\s+who\?$	
CPAT	CPAT	alone	you		Who do you want to pat on the cheek?	(?i)^Who\s+do\s+you\s+want\s+to\s+pat\s+on\s+the\s+cheek\?$	
CPAT	CPAT <T-NAME>	someone	you		You pat *'s cheek gently.	(?i)^You\s+pat\s+(.+?)'s\s+cheek\s+gently\.$	
CPAT	CPAT <T-NAME>	someone	others		* pats *'s cheek amicably.	(?i)^(.+?)\s+pats\s+(.+?)'s\s+cheek\s+amicably\.$	
CPAT	CPAT <T-NAME>	someone	target		* pats your cheek gently.	(?i)^(.+?)\s+pats\s+your\s+cheek\s+gently\.$	
CPAT	CPAT <T-NAME>	someone	fail		They don`t want you to touch them, apparently -- they aren`t there.	(?i)^They\s+don`t\s+want\s+you\s+to\s+touch\s+them,\s+apparently\s+\-\-\s+they\s+aren`t\s+there\.$	
CRAMP	CRAMP	alone	you		You gasp and clutch your abdomen, wheezing with the pain.	(?i)^You\s+gasp\s+and\s+clutch\s+your\s+abdomen,\s+wheezing\s+with\s+the\s+pain\.$	
CRAMP	CRAMP	alone	others		* gasps and clutches * abdomen in agony.	(?i)^(.+?)\s+gasps\s+and\s+clutches\s+(\S+)\s+abdomen\s+in\s+agony\.$	
CRAMP	CRAMP <T-NAME>	someone	you		You hammerlock *, screaming, "AAAAARRRRRGH!! I HAVE A CRAMP!!!"	(?i)^You\s+hammerlock\s+(\S+),\s+screaming,\s+"AAAAARRRRRGH!!\s+I\s+HAVE\s+A\s+CRAMP!!!"$	
CRAMP	CRAMP <T-NAME>	someone	others		* hammerlocks *, screaming, "AAAAARRRRRGH!! I HAVE A CRAMP!!!".	(?i)^(.+?)\s+hammerlocks\s+(.+?),\s+screaming,\s+"AAAAARRRRRGH!!\s+I\s+HAVE\s+A\s+CRAMP!!!"\.$	
CRAMP	CRAMP <T-NAME>	someone	target		* hammerlocks you, screaming "AAAAARRRRRGH!! I HAVE A CRAMP!!!"	(?i)^(.+?)\s+hammerlocks\s+you,\s+screaming\s+"AAAAARRRRRGH!!\s+I\s+HAVE\s+A\s+CRAMP!!!"$	
CRAMP	CRAMP <T-NAME>	someone	fail		Suffering as you are, you didn't see that person slip out.	(?i)^Suffering\s+as\s+you\s+are,\s+you\s+didn't\s+see\s+that\s+person\s+slip\s+out\.$	
CRINGE	CRINGE	alone	you		You cringe in terror.	(?i)^You\s+cringe\s+in\s+terror\.$	
CRINGE	CRINGE	alone	others		* cringes in terror!	(?i)^(.+?)\s+cringes\s+in\s+terror!$	
CRINGE	CRINGE <T-NAME>	someone	you		You cringe away from *.	(?i)^You\s+cringe\s+away\s+from\s+(\S+)\.$	
CRINGE	CRINGE <T-NAME>	someone	others		* cringes away from * in mortal terror.	(?i)^(.+?)\s+cringes\s+away\s+from\s+(.+?)\s+in\s+mortal\s+terror\.$	
CRINGE	CRINGE <T-NAME>	someone	target		* cringes away from you.	(?i)^(.+?)\s+cringes\s+away\s+from\s+you\.$	
CRINGE	CRINGE <T-NAME>	someone	fail		I don't see anyone by that name here.. what are you afraid of?	(?i)^I\s+don't\s+see\s+anyone\s+by\s+that\s+name\s+here\.\.\s+what\s+are\s+you\s+afraid\s+of\?$	
CRINGE	CRINGE SELF	self	you		I beg your pardon?	(?i)^I\s+beg\s+your\s+pardon\?$	
CRITICIZE	CRITICIZE	alone	you		Yes, but who?	(?i)^Yes,\s+but\s+who\?$	JUDGE
CRITICIZE	CRITICIZE <T-NAME>	someone	you		You criticize * with all the warmth of a snake.	(?i)^You\s+criticize\s+(\S+)\s+with\s+all\s+the\s+warmth\s+of\s+a\s+snake\.$	
CRITICIZE	CRITICIZE <T-NAME>	someone	others		With a nasty grin, * rips apart *s efforts.	(?i)^With\s+a\s+nasty\s+grin,\s+(.+?)\s+rips\s+apart\s+(.+?)s\s+efforts\.$	
CRITICIZE	CRITICIZE <T-NAME>	someone	target		* informs you that your attempts need some MAJOR adjustments.	(?i)^(.+?)\s+informs\s+you\s+that\s+your\s+attempts\s+need\s+some\s+MAJOR\s+adjustments\.$	
CRITICIZE	CRITICIZE <T-NAME>	someone	fail		Where oh where has my victim gone, oh where oh where...	(?i)^Where\s+oh\s+where\s+has\s+my\s+victim\s+gone,\s+oh\s+where\s+oh\s+where\.\.\.$	
CRITICIZE	CRITICIZE SELF	self	you		You criticize yourself profusely.	(?i)^You\s+criticize\s+yourself\s+profusely\.$	
CRITICIZE	CRITICIZE SELF	self	others		* tears * apart, cursing * own stupidity.	(?i)^(.+?)\s+tears\s+(\S+)\s+apart,\s+cursing\s+(\S+)\s+own\s+stupidity\.$	
CRY	CRY	alone	you	scry.wav	Waaaaah..	(?i)^Waaaaah\.\.$	
CRY	CRY	alone	others	scry.wav	* bursts into tears.	(?i)^(.+?)\s+bursts\s+into\s+tears\.$	
CRY	CRY <T-NAME>	someone	you	scry.wav	You cry on * shoulder.	(?i)^You\s+cry\s+on\s+(\S+)\s+shoulder\.$	
CRY	CRY <T-NAME>	someone	others	scry.wav	* cries on *'s shoulder.	(?i)^(.+?)\s+cries\s+on\s+(.+?)'s\s+shoulder\.$	
CRY	CRY <T-NAME>	someone	target	scry.wav	* cries on your shoulder.	(?i)^(.+?)\s+cries\s+on\s+your\s+shoulder\.$	
CRY	CRY <T-NAME>	someone	fail	scry.wav	Who's that?	(?i)^Who's\s+that\?$	APOLOGIZE <T-NAME>
CRY	CRY SELF	self	you	scry.wav	You cry to yourself.	(?i)^You\s+cry\s+to\s+yourself\.$	
CRY	CRY SELF	self	others	scry.wav	* sobs quietly to *.	(?i)^(.+?)\s+sobs\s+quietly\s+to\s+(\S+)\.$	
CUDDLE	CUDDLE	alone	you		Who do you feel like cuddling today?	(?i)^Who\s+do\s+you\s+feel\s+like\s+cuddling\s+today\?$	
CUDDLE	CUDDLE <T-NAME>	someone	you		You cuddle *.	(?i)^You\s+cuddle\s+(\S+)\.$	
CUDDLE	CUDDLE <T-NAME>	someone	others		* cuddles *.	(?i)^(.+?)\s+cuddles\s+(.+?)\.$	
CUDDLE	CUDDLE <T-NAME>	someone	target		* cuddles you.	(?i)^(.+?)\s+cuddles\s+you\.$	
CUDDLE	CUDDLE <T-NAME>	someone	fail		They aren't here.	(?i)^They\s+aren't\s+here\.$	PEER <T-NAME>; SCUFF <T-NAME>; SNUGGLE <T-NAME>
CUDDLE	CUDDLE SELF	self	you		You must feel very cuddly indeed ... :)	(?i)^You\s+must\s+feel\s+very\s+cuddly\s+indeed\s+\.\.\.\s+:\)$	
CUDDLE	CUDDLE SELF	self	others		* cuddles up to * shadow. What a sorry sight.	(?i)^(.+?)\s+cuddles\s+up\s+to\s+(\S+)\s+shadow\.\s+What\s+a\s+sorry\s+sight\.$	CUDDLE <T-NAME>
CURSE	CURSE	alone	you	cursebeepout.wav	You swear loudly for a long time.	(?i)^You\s+swear\s+loudly\s+for\s+a\s+long\s+time\.$	
CURSE	CURSE	alone	others	cursebeepout.wav	* swears : #@*"*&*#%@*&! !!!!!	(?i)^(.+?)\s+swears\s+:\s+\#@\*"\*\&\*\#%@\*\&!\s+!!!!!$	
CURSE	CURSE <T-NAME>	someone	you	cursebeepout.wav	You swear at *.	(?i)^You\s+swear\s+at\s+(\S+)\.$	
CURSE	CURSE <T-NAME>	someone	others	cursebeepout.wav	* swears at *.	(?i)^(.+?)\s+swears\s+at\s+(.+?)\.$	
CURSE	CURSE <T-NAME>	someone	target	cursebeepout.wav	* swears at you! Where are the manners?	(?i)^(.+?)\s+swears\s+at\s+you!\s+Where\s+are\s+the\s+manners\?$	
CURSE	CURSE <T-NAME>	someone	fail	cursebeepout.wav	You can't find the victim of your frustrations.	(?i)^You\s+can't\s+find\s+the\s+victim\s+of\s+your\s+frustrations\.$	
CURSE	CURSE SELF	self	you	cursebleepout.wav	You swear at your own mistakes.	(?i)^You\s+swear\s+at\s+your\s+own\s+mistakes\.$	
CURSE	CURSE SELF	self	others	cursebleepout.wav	* starts swearing at *. Why don't you help?	(?i)^(.+?)\s+starts\s+swearing\s+at\s+(\S+)\.\s+Why\s+don't\s+you\s+help\?$	
CURTSEY	CURTSEY	alone	you		You curtsey to your audience.	(?i)^You\s+curtsey\s+to\s+your\s+audience\.$	
CURTSEY	CURTSEY	alone	others		* curtseys gracefully.	(?i)^(.+?)\s+curtseys\s+gracefully\.$	
CURTSEY	CURTSEY <T-NAME>	someone	you		You curtsey to *.	(?i)^You\s+curtsey\s+to\s+(\S+)\.$	
CURTSEY	CURTSEY <T-NAME>	someone	others		* curtseys gracefully to *.	(?i)^(.+?)\s+curtseys\s+gracefully\s+to\s+(.+?)\.$	
CURTSEY	CURTSEY <T-NAME>	someone	target		* curtseys gracefully for you.	(?i)^(.+?)\s+curtseys\s+gracefully\s+for\s+you\.$	
CURTSEY	CURTSEY <T-NAME>	someone	fail		You curtsey to no one in particular.	(?i)^You\s+curtsey\s+to\s+no\s+one\s+in\s+particular\.$	
CURTSEY	CURTSEY SELF	self	you		You curtsey to your audience (yourself).	(?i)^You\s+curtsey\s+to\s+your\s+audience\s+\(yourself\)\.$	
CURTSEY	CURTSEY SELF	self	others		* curtseys to *, since no one is paying attention to *.	(?i)^(.+?)\s+curtseys\s+to\s+(\S+),\s+since\s+no\s+one\s+is\s+paying\s+attention\s+to\s+(\S+)\.$	
DANCE	DANCE	alone	you		you dance around like a duck on a hot plate. Wildly!	(?i)^you\s+dance\s+around\s+like\s+a\s+duck\s+on\s+a\s+hot\s+plate\.\s+Wildly!$	
DANCE	DANCE	alone	others		* dances wildly before you!	(?i)^(.+?)\s+dances\s+wildly\s+before\s+you!$	
DANCE	DANCE <T-NAME>	someone	you		You lead * to the dancefloor.	(?i)^You\s+lead\s+(\S+)\s+to\s+the\s+dancefloor\.$	
DANCE	DANCE <T-NAME>	someone	others		* sends * across the dance floor.	(?i)^(.+?)\s+sends\s+(.+?)\s+across\s+the\s+dance\s+floor\.$	
DANCE	DANCE <T-NAME>	someone	target		* sends you across the dance floor.	(?i)^(.+?)\s+sends\s+you\s+across\s+the\s+dance\s+floor\.$	
DANCE	DANCE <T-NAME>	someone	fail		Eh, WHO?	(?i)^Eh,\s+WHO\?$	
DANCE	DANCE SELF	self	you		You skip and dance around by yourself.	(?i)^You\s+skip\s+and\s+dance\s+around\s+by\s+yourself\.$	
DANCE	DANCE SELF	self	others		* skips a light Fandango.	(?i)^(.+?)\s+skips\s+a\s+light\s+Fandango\.$	
DAYDREAM	DAYDREAM	alone	you		You dream of better times.	(?i)^You\s+dream\s+of\s+better\s+times\.$	
DAYDREAM	DAYDREAM	alone	others		* looks absent-minded, * eyes staring into space.	(?i)^(.+?)\s+looks\s+absent\-minded,\s+(\S+)\s+eyes\s+staring\s+into\s+space\.$	
DISCODANCE	DISCODANCE	alone	you		Groovy!	(?i)^Groovy!$	
DISCODANCE	DISCODANCE	alone	others		* discos wildly!	(?i)^(.+?)\s+discos\s+wildly!$	
DISCODANCE	DISCODANCE <T-NAME>	someone	you		You grab * and disco wildly! Groovy!	(?i)^You\s+grab\s+(.+?)\s+and\s+disco\s+wildly!\s+Groovy!$	
DISCODANCE	DISCODANCE <T-NAME>	someone	others		* grabs * and does * best Travolta!	(?i)^(.+?)\s+grabs\s+(.+?)\s+and\s+does\s+(\S+)\s+best\s+Travolta!$	
DISCODANCE	DISCODANCE <T-NAME>	someone	target		* grabs you and does * best Travolta!	(?i)^(.+?)\s+grabs\s+you\s+and\s+does\s+(\S+)\s+best\s+Travolta!$	
DISCODANCE	DISCODANCE <T-NAME>	someone	fail		It`s okay, you can disco solo, too.	(?i)^It`s\s+okay,\s+you\s+can\s+disco\s+solo,\s+too\.$	
DOH	DOH	alone	you	doh.wav	You hit your head like Homer Simpson and holler `DOH!!!`	(?i)^You\s+hit\s+your\s+head\s+like\s+Homer\s+Simpson\s+and\s+holler\s+`DOH!!!`$	
DOH	DOH	alone	others	doh.wav	* hits * head like Homer Simpson and hollers `DOH!!!`	(?i)^(.+?)\s+hits\s+(\S+)\s+head\s+like\s+Homer\s+Simpson\s+and\s+hollers\s+`DOH!!!`$	
DOH	DOH <T-NAME>	someone	you	doh.wav	You hit your head like Homer Simpson and holler `DOH!!!` at *.	(?i)^You\s+hit\s+your\s+head\s+like\s+Homer\s+Simpson\s+and\s+holler\s+`DOH!!!`\s+at\s+(.+?)\.$	
DOH	DOH <T-NAME>	someone	others	doh.wav	* hits * head like Homer Simpson and hollers `DOH!!!` at *.	(?i)^(.+?)\s+hits\s+(\S+)\s+head\s+like\s+Homer\s+Simpson\s+and\s+hollers\s+`DOH!!!`\s+at\s+(.+?)\.$	
DOH	DOH <T-NAME>	someone	target	doh.wav	* looks right at you and lets out a loud DOH!!!!	(?i)^(.+?)\s+looks\s+right\s+at\s+you\s+and\s+lets\s+out\s+a\s+loud\s+DOH!!!!$	
DOH	DOH <T-NAME>	someone	fail	doh.wav	DOH!	(?i)^DOH!$	
DROOL	DROOL	alone	you		You drool down the front of your shirt.	(?i)^You\s+drool\s+down\s+the\s+front\s+of\s+your\s+shirt\.$	DROOL SELF
DROOL	DROOL	alone	others		* drools all over * -- making a TERRIBLE mess!	(?i)^(.+?)\s+drools\s+all\s+over\s+(\S+)\s+\-\-\s+making\s+a\s+TERRIBLE\s+mess!$	DROOL SELF
DROOL	DROOL <T-NAME>	someone	you		You drool messily on *.	(?i)^You\s+drool\s+messily\s+on\s+(.+?)\.$	
DROOL	DROOL <T-NAME>	someone	others		* drools upon *.	(?i)^(.+?)\s+drools\s+upon\s+(.+?)\.$	
DROOL	DROOL <T-NAME>	someone	target		* looks at you lustily and drools.	(?i)^(.+?)\s+looks\s+at\s+you\s+lustily\s+and\s+drools\.$	
DROOL	DROOL <T-NAME>	someone	fail		Oh fine, make a pool of slobber -- they aren't even here!	(?i)^Oh\s+fine,\s+make\s+a\s+pool\s+of\s+slobber\s+\-\-\s+they\s+aren't\s+even\s+here!$	
DROOL	DROOL SELF	self	you		You drool down the front of your shirt.	(?i)^You\s+drool\s+down\s+the\s+front\s+of\s+your\s+shirt\.$	DROOL
DROOL	DROOL SELF	self	others		* drools all over * -- making a TERRIBLE mess!	(?i)^(.+?)\s+drools\s+all\s+over\s+(\S+)\s+\-\-\s+making\s+a\s+TERRIBLE\s+mess!$	DROOL
DSIGH	DSIGH	alone	you		You let out a deep sigh of exasperation.	(?i)^You\s+let\s+out\s+a\s+deep\s+sigh\s+of\s+exasperation\.$	
DSIGH	DSIGH	alone	others		* sighs deeply.	(?i)^(.+?)\s+sighs\s+deeply\.$	
DSIGH	DSIGH <T-NAME>	someone	you		You sigh deeply at *, exasperated.	(?i)^You\s+sigh\s+deeply\s+at\s+(.+?),\s+exasperated\.$	
DSIGH	DSIGH <T-NAME>	someone	others		* sighs deeply at * in exasperation.	(?i)^(.+?)\s+sighs\s+deeply\s+at\s+(.+?)\s+in\s+exasperation\.$	
DSIGH	DSIGH <T-NAME>	someone	target		Oh, no. Now you`ve done it. * sighs deeply at you in exasperation.	(?i)^Oh,\s+no\.\s+Now\s+you`ve\s+done\s+it\.\s+(.+?)\s+sighs\s+deeply\s+at\s+you\s+in\s+exasperation\.$	
DSIGH	DSIGH <T-NAME>	someone	fail		*sigh*	(?i)^\*sigh\*$	
DSIGH	DSIGH SELF	self	you		You exhale deeply because of your loss.	(?i)^You\s+exhale\s+deeply\s+because\s+of\s+your\s+loss\.$	
DSIGH	DSIGH SELF	self	others		* sighs deeply, saddened by something.	(?i)^(.+?)\s+sighs\s+deeply,\s+saddened\s+by\s+something\.$	
DUCK	DUCK	alone	you		DUCK!!!!	(?i)^DUCK!!!!$	
DUCK	DUCK	alone	others		* ducks defensively.	(?i)^(.+?)\s+ducks\s+defensively\.$	
DUCK	DUCK <T-NAME>	someone	you		You duck defensively, anticipating the oncoming swipe from *.	(?i)^You\s+duck\s+defensively,\s+anticipating\s+the\s+oncoming\s+swipe\s+from\s+(.+?)\.$	
DUCK	DUCK <T-NAME>	someone	others		* ducks, anticipating *'s reaction.	(?i)^(.+?)\s+ducks,\s+anticipating\s+(.+?)'s\s+reaction\.$	
DUCK	DUCK <T-NAME>	someone	target		* ducks, please oh please don't hit *!	(?i)^(.+?)\s+ducks,\s+please\s+oh\s+please\s+don't\s+hit\s+(\S+)!$	
EARPLUG	EARPLUG	alone	you		You put your fingers in your ears to stop the loud noise.	(?i)^You\s+put\s+your\s+fingers\s+in\s+your\s+ears\s+to\s+stop\s+the\s+loud\s+noise\.$	
EARPLUG	EARPLUG	alone	others		* puts * fingers in * ears to stop the loud noise.	(?i)^(.+?)\s+puts\s+(\S+)\s+fingers\s+in\s+(\S+)\s+ears\s+to\s+stop\s+the\s+loud\s+noise\.$	
EARPLUG	EARPLUG <T-NAME>	someone	you		You plug your ears and stick your tongue out at *.	(?i)^You\s+plug\s+your\s+ears\s+and\s+stick\s+your\s+tongue\s+out\s+at\s+(.+?)\.$	
EARPLUG	EARPLUG <T-NAME>	someone	others		* sticks * fingers in * ears, squints, and sticks * tongue out at *.	(?i)^(.+?)\s+sticks\s+(\S+)\s+fingers\s+in\s+(\S+)\s+ears,\s+squints,\s+and\s+sticks\s+(\S+)\s+tongue\s+out\s+at\s+(.+?)\.$	TOUT <T-NAME>
EARPLUG	EARPLUG <T-NAME>	someone	target		* sticks * fingers in * ears, squints, and sticks * tongue out at you. How childish!	(?i)^(.+?)\s+sticks\s+(\S+)\s+fingers\s+in\s+(\S+)\s+ears,\s+squints,\s+and\s+sticks\s+(\S+)\s+tongue\s+out\s+at\s+you\.\s+How\s+childish!$	
EARPLUG	EARPLUG <T-NAME>	someone	fail		you stick your fingers in your ears, squint, and stick your tongue out at no one in particular.	(?i)^you\s+stick\s+your\s+fingers\s+in\s+your\s+ears,\s+squint,\s+and\s+stick\s+your\s+tongue\s+out\s+at\s+no\s+one\s+in\s+particular\.$	
EGRIN	EGRIN	alone	you		You grin evilly.	(?i)^You\s+grin\s+evilly\.$	
EGRIN	EGRIN	alone	others		* grins evilly.	(?i)^(.+?)\s+grins\s+evilly\.$	
EGRIN	EGRIN <T-NAME>	someone	you		You grin evilly at *.	(?i)^You\s+grin\s+evilly\s+at\s+(.+?)\.$	
EGRIN	EGRIN <T-NAME>	someone	others		* grins at * evilly-- * better watch out!	(?i)^(.+?)\s+grins\s+at\s+(.+?)\s+evilly\-\-\s+(\S+)\s+better\s+watch\s+out!$	
EGRIN	EGRIN <T-NAME>	someone	target		* grins at you evilly-- You better watch out!	(?i)^(.+?)\s+grins\s+at\s+you\s+evilly\-\-\s+You\s+better\s+watch\s+out!$	
EGRIN	EGRIN <T-NAME>	someone	fail		You grin evilly at who?	(?i)^You\s+grin\s+evilly\s+at\s+who\?$	
EMBRACE	EMBRACE	alone	you		Who would you like to embrace?	(?i)^Who\s+would\s+you\s+like\s+to\s+embrace\?$	
EMBRACE	EMBRACE <T-NAME>	someone	you		You wrap your arms around * in a warm and loving embrace.	(?i)^You\s+wrap\s+your\s+arms\s+around\s+(.+?)\s+in\s+a\s+warm\s+and\s+loving\s+embrace\.$	
EMBRACE	EMBRACE <T-NAME>	someone	others		* wraps * arms around * in a warm and loving embrace.	(?i)^(.+?)\s+wraps\s+(\S+)\s+arms\s+around\s+(.+?)\s+in\s+a\s+warm\s+and\s+loving\s+embrace\.$	
EMBRACE	EMBRACE <T-NAME>	someone	target		* takes you in * arms in a warm and loving embrace.	(?i)^(.+?)\s+takes\s+you\s+in\s+(\S+)\s+arms\s+in\s+a\s+warm\s+and\s+loving\s+embrace\.$	
EMBRACE	EMBRACE <T-NAME>	someone	fail		Your heart breaks as you realize you are alone.	(?i)^Your\s+heart\s+breaks\s+as\s+you\s+realize\s+you\s+are\s+alone\.$	
EMBRACE	EMBRACE SELF	self	you		You try to console yourself with a loving embrace.	(?i)^You\s+try\s+to\s+console\s+yourself\s+with\s+a\s+loving\s+embrace\.$	
EMBRACE	EMBRACE SELF	self	others		* tries to console * by wrapping * arms around *.	(?i)^(.+?)\s+tries\s+to\s+console\s+(\S+)\s+by\s+wrapping\s+(\S+)\s+arms\s+around\s+(\S+)\.$	
ENOD	ENOD	alone	you		You eagerly nod your approval.	(?i)^You\s+eagerly\s+nod\s+your\s+approval\.$	
ENOD	ENOD	alone	others		* eagerly nods * approval.	(?i)^(.+?)\s+eagerly\s+nods\s+(\S+)\s+approval\.$	
ENOD	ENOD <T-NAME>	someone	you		You eagerly nod at *.	(?i)^You\s+eagerly\s+nod\s+at\s+(.+?)\.$	
ENOD	ENOD <T-NAME>	someone	others		* eagerly nods at *. * must approve!	(?i)^(.+?)\s+eagerly\s+nods\s+at\s+(.+?)\.\s+(.+?)\s+must\s+approve!$	
ENOD	ENOD <T-NAME>	someone	target		* nods at you in approval.	(?i)^(.+?)\s+nods\s+at\s+you\s+in\s+approval\.$	NOD <T-NAME>
ENOD	ENOD SELF	self	you		You bob your head up and down rapidly.	(?i)^You\s+bob\s+your\s+head\s+up\s+and\s+down\s+rapidly\.$	
ENOD	ENOD SELF	self	others		* nods * head rapidly in some bizarre dance move.	(?i)^(.+?)\s+nods\s+(\S+)\s+head\s+rapidly\s+in\s+some\s+bizarre\s+dance\s+move\.$	
EXCITED	EXCITED	alone	you		Whoohoo!	(?i)^Whoohoo!$	
EXCITED	EXCITED	alone	others		* is so excited * is bouncing off the walls!	(?i)^(.+?)\s+is\s+so\s+excited\s+(\S+)\s+is\s+bouncing\s+off\s+the\s+walls!$	
EXCITED	EXCITED <T-NAME>	someone	you		You bounce excitedly at *!	(?i)^You\s+bounce\s+excitedly\s+at\s+(.+?)!$	
EXCITED	EXCITED <T-NAME>	someone	others		* hops around excitedly at *.	(?i)^(.+?)\s+hops\s+around\s+excitedly\s+at\s+(.+?)\.$	
EXCITED	EXCITED <T-NAME>	someone	target		* looks at you and bounces with excitement.	(?i)^(.+?)\s+looks\s+at\s+you\s+and\s+bounces\s+with\s+excitement\.$	
EXCITED	EXCITED <T-NAME>	someone	fail		So much energy, but nobody to share it with.	(?i)^So\s+much\s+energy,\s+but\s+nobody\s+to\s+share\s+it\s+with\.$	
EXPLODE	EXPLODE	alone	you		You feel the blood boiling in your veins!	(?i)^You\s+feel\s+the\s+blood\s+boiling\s+in\s+your\s+veins!$	
EXPLODE	EXPLODE	alone	others		* turns a deep red, fighting to contain * temper...	(?i)^(.+?)\s+turns\s+a\s+deep\s+red,\s+fighting\s+to\s+contain\s+(\S+)\s+temper\.\.\.$	
EXPLODE	EXPLODE <T-NAME>	someone	you		You feel your rage explode deep in the pit of your stomach...	(?i)^You\s+feel\s+your\s+rage\s+explode\s+deep\s+in\s+the\s+pit\s+of\s+your\s+stomach\.\.\.$	
EXPLODE	EXPLODE <T-NAME>	someone	others		* burns holes through * with * explosive anger!	(?i)^(.+?)\s+burns\s+holes\s+through\s+(.+?)\s+with\s+(\S+)\s+explosive\s+anger!$	
EXPLODE	EXPLODE <T-NAME>	someone	target		* is ANGRY with you... I'd run if I were you!!!	(?i)^(.+?)\s+is\s+ANGRY\s+with\s+you\.\.\.\s+I'd\s+run\s+if\s+I\s+were\s+you!!!$	
EXPLODE	EXPLODE <T-NAME>	someone	fail		Temper Temper... they left.	(?i)^Temper\s+Temper\.\.\.\s+they\s+left\.$	
EXPLODE	EXPLODE SELF	self	you		Your soul burns brightly then fades to nothing.	(?i)^Your\s+soul\s+burns\s+brightly\s+then\s+fades\s+to\s+nothing\.$	
EXPLODE	EXPLODE SELF	self	others		* implodes!!! Only a grease spot remains where * once stood.	(?i)^(.+?)\s+implodes!!!\s+Only\s+a\s+grease\s+spot\s+remains\s+where\s+(\S+)\s+once\s+stood\.$	
EYE	EYE	alone	you		You eye the room suspiciously.	(?i)^You\s+eye\s+the\s+room\s+suspiciously\.$	EYE <T-NAME>
EYE	EYE	alone	others		* eyes the room suspiciously.	(?i)^(.+?)\s+eyes\s+the\s+room\s+suspiciously\.$	
EYE	EYE <T-NAME>	someone	you		You eye * suspiciously.	(?i)^You\s+eye\s+(.+?)\s+suspiciously\.$	
EYE	EYE <T-NAME>	someone	others		* sizes up * carefully. You wonder what * is up to.	(?i)^(.+?)\s+sizes\s+up\s+(.+?)\s+carefully\.\s+You\s+wonder\s+what\s+(\S+)\s+is\s+up\s+to\.$	
EYE	EYE <T-NAME>	someone	target		* eyes you suspiciously. What did you do?	(?i)^(.+?)\s+eyes\s+you\s+suspiciously\.\s+What\s+did\s+you\s+do\?$	
EYE	EYE <T-NAME>	someone	fail		You must be going blind! They aren`t here.	(?i)^You\s+must\s+be\s+going\s+blind!\s+They\s+aren`t\s+here\.$	
EYE	EYE SELF	self	you		You carefully inspect yourself making sure nothing is out of place.	(?i)^You\s+carefully\s+inspect\s+yourself\s+making\s+sure\s+nothing\s+is\s+out\s+of\s+place\.$	
EYE	EYE SELF	self	others		* checks over * belongings, looking for something.	(?i)^(.+?)\s+checks\s+over\s+(\S+)\s+belongings,\s+looking\s+for\s+something\.$	
EYEBROW	EYEBROW	alone	you		You raise an eyebrow at the notion.	(?i)^You\s+raise\s+an\s+eyebrow\s+at\s+the\s+notion\.$	
EYEBROW	EYEBROW	alone	others		* raises an eyebrow.	(?i)^(.+?)\s+raises\s+an\s+eyebrow\.$	
EYEBROW	EYEBROW <T-NAME>	someone	you		You raise your eyebrow at *.	(?i)^You\s+raise\s+your\s+eyebrow\s+at\s+(.+?)\.$	
EYEBROW	EYEBROW <T-NAME>	someone	others		* raises an eyebrow at *'s weird actions.	(?i)^(.+?)\s+raises\s+an\s+eyebrow\s+at\s+(.+?)'s\s+weird\s+actions\.$	
EYEBROW	EYEBROW <T-NAME>	someone	target		* raises an eyebrow at you.	(?i)^(.+?)\s+raises\s+an\s+eyebrow\s+at\s+you\.$	
EYEBROW	EYEBROW <T-NAME>	someone	fail		Forget it. They aren't here.	(?i)^Forget\s+it\.\s+They\s+aren't\s+here\.$	
EYEPOKE	EYEPOKE	alone	you		You get ready to poke someone in the eye.	(?i)^You\s+get\s+ready\s+to\s+poke\s+someone\s+in\s+the\s+eye\.$	
EYEPOKE	EYEPOKE	alone	others		* looks around for some eyes to gouge.	(?i)^(.+?)\s+looks\s+around\s+for\s+some\s+eyes\s+to\s+gouge\.$	
EYEPOKE	EYEPOKE <T-NAME>	someone	you		You poke * in the eye! Squishy!	(?i)^You\s+poke\s+(.+?)\s+in\s+the\s+eye!\s+Squishy!$	
EYEPOKE	EYEPOKE <T-NAME>	someone	others		* pokes * in the eye. That must`ve hurt.	(?i)^(.+?)\s+pokes\s+(.+?)\s+in\s+the\s+eye\.\s+That\s+must`ve\s+hurt\.$	
EYEPOKE	EYEPOKE <T-NAME>	someone	target		* pokes you in the eye! OWWIE!!!	(?i)^(.+?)\s+pokes\s+you\s+in\s+the\s+eye!\s+OWWIE!!!$	
EYEPOKE	EYEPOKE <T-NAME>	someone	fail		They aren`t around to poke. Sorry.	(?i)^They\s+aren`t\s+around\s+to\s+poke\.\s+Sorry\.$	
EYEPOKE	EYEPOKE SELF	self	you		You jam your thumb into your eye. Was that fun?	(?i)^You\s+jam\s+your\s+thumb\s+into\s+your\s+eye\.\s+Was\s+that\s+fun\?$	
EYEPOKE	EYEPOKE SELF	self	others		* jabs * thumb into * eye and squishes it around.	(?i)^(.+?)\s+jabs\s+(\S+)\s+thumb\s+into\s+(\S+)\s+eye\s+and\s+squishes\s+it\s+around\.$	
FACEPALM	FACEPALM	alone	you		You put your hand over your face and shake your head slowly...What a dork!	(?i)^You\s+put\s+your\s+hand\s+over\s+your\s+face\s+and\s+shake\s+your\s+head\s+slowly\.\.\.What\s+a\s+dork!$	
FACEPALM	FACEPALM	alone	others		* slaps * palm over * face and shakes * head slowly.	(?i)^(.+?)\s+slaps\s+(\S+)\s+palm\s+over\s+(\S+)\s+face\s+and\s+shakes\s+(\S+)\s+head\s+slowly\.$	
FAINT	FAINT	alone	you		You faint.	(?i)^You\s+faint\.$	
FAINT	FAINT	alone	others		* faints.	(?i)^(.+?)\s+faints\.$	
FAINT	FAINT <T-NAME>	someone	you		You faint into * arms.	(?i)^You\s+faint\s+into\s+(\S+)\s+arms\.$	
FAINT	FAINT <T-NAME>	someone	others		* faints into *'s open arms.	(?i)^(.+?)\s+faints\s+into\s+(.+?)'s\s+open\s+arms\.$	
FAINT	FAINT <T-NAME>	someone	target		* just fainted into YOUR arms.	(?i)^(.+?)\s+just\s+fainted\s+into\s+YOUR\s+arms\.$	
FAINT	FAINT <T-NAME>	someone	fail		You fall on the floor and look stupid--really suave.	(?i)^You\s+fall\s+on\s+the\s+floor\s+and\s+look\s+stupid\-\-really\s+suave\.$	
FAREWELL	FAREWELL	alone	you		You raise a hand in farewell.	(?i)^You\s+raise\s+a\s+hand\s+in\s+farewell\.$	
FAREWELL	FAREWELL	alone	others		* raises a hand in farewell.	(?i)^(.+?)\s+raises\s+a\s+hand\s+in\s+farewell\.$	
FAREWELL	FAREWELL <T-NAME>	someone	you		You raise a hand in farewell to *.	(?i)^You\s+raise\s+a\s+hand\s+in\s+farewell\s+to\s+(.+?)\.$	
FAREWELL	FAREWELL <T-NAME>	someone	others		* raises a hand in farewell to *.	(?i)^(.+?)\s+raises\s+a\s+hand\s+in\s+farewell\s+to\s+(.+?)\.$	
FAREWELL	FAREWELL <T-NAME>	someone	target		* raises a hand in farewell to you.	(?i)^(.+?)\s+raises\s+a\s+hand\s+in\s+farewell\s+to\s+you\.$	
FART	FART	alone	you	fart.wav	Stinky!	(?i)^Stinky!$	
FART	FART	alone	others	fart.wav	* lets off a real rip-roarer ... a greenish cloud envelops *!	(?i)^(.+?)\s+lets\s+off\s+a\s+real\s+rip\-roarer\s+\.\.\.\s+a\s+greenish\s+cloud\s+envelops\s+(.+?)!$	
FART	FART <T-NAME>	someone	you	fart.wav	You fart at *. Boy, you are sick.	(?i)^You\s+fart\s+at\s+(\S+)\.\s+Boy,\s+you\s+are\s+sick\.$	
FART	FART <T-NAME>	someone	others	fart.wav	* farts in the direction of *. Better flee before * turns to you!	(?i)^(.+?)\s+farts\s+in\s+the\s+direction\s+of\s+(.+?)\.\s+Better\s+flee\s+before\s+(\S+)\s+turns\s+to\s+you!$	
FART	FART <T-NAME>	someone	target	fart.wav	* farts in your direction. You gasp for air.	(?i)^(.+?)\s+farts\s+in\s+your\s+direction\.\s+You\s+gasp\s+for\s+air\.$	
FART	FART <T-NAME>	someone	fail	fart.wav	You can't hold it that long!	(?i)^You\s+can't\s+hold\s+it\s+that\s+long!$	
FART	FART SELF	self	you	fart.wav	You fart at yourself. You deserve it.	(?i)^You\s+fart\s+at\s+yourself\.\s+You\s+deserve\s+it\.$	
FART	FART SELF	self	others	fart.wav	* farts at *. Better * than you.	(?i)^(.+?)\s+farts\s+at\s+(\S+)\.\s+Better\s+(\S+)\s+than\s+you\.$	
FBEG	FBEG	alone	you		You kneel down and beg forgiveness.	(?i)^You\s+kneel\s+down\s+and\s+beg\s+forgiveness\.$	
FBEG	FBEG	alone	others		* pleads for forgiveness on * knees.	(?i)^(.+?)\s+pleads\s+for\s+forgiveness\s+on\s+(\S+)\s+knees\.$	
FBEG	FBEG <T-NAME>	someone	you		You beg forgiveness from *.	(?i)^You\s+beg\s+forgiveness\s+from\s+(.+?)\.$	
FBEG	FBEG <T-NAME>	someone	others		* begs * for mercy.	(?i)^(.+?)\s+begs\s+(.+?)\s+for\s+mercy\.$	
FBEG	FBEG <T-NAME>	someone	target		* begs you for forgiveness.	(?i)^(.+?)\s+begs\s+you\s+for\s+forgiveness\.$	
FBEG	FBEG <T-NAME>	someone	fail		Who do you want to beg forgiveness from?	(?i)^Who\s+do\s+you\s+want\s+to\s+beg\s+forgiveness\s+from\?$	
FIDGET	FIDGET	alone	you		You fidget uncomfortably.	(?i)^You\s+fidget\s+uncomfortably\.$	
FIDGET	FIDGET	alone	others		* fidgets in discomfort.	(?i)^(.+?)\s+fidgets\s+in\s+discomfort\.$	
FIDGET	FIDGET <T-NAME>	someone	you		You fidget uncomfortably under *'s gaze.	(?i)^You\s+fidget\s+uncomfortably\s+under\s+(.+?)'s\s+gaze\.$	
FIDGET	FIDGET <T-NAME>	someone	others		* fidgets uncomfortably under *'s gaze.	(?i)^(.+?)\s+fidgets\s+uncomfortably\s+under\s+(.+?)'s\s+gaze\.$	
FIDGET	FIDGET <T-NAME>	someone	target		* fidgets uncomfortably under your gaze.	(?i)^(.+?)\s+fidgets\s+uncomfortably\s+under\s+your\s+gaze\.$	
FIDGET	FIDGET <T-NAME>	someone	fail		There is no one there by that name.	(?i)^There\s+is\s+no\s+one\s+there\s+by\s+that\s+name\.$	NARROW <T-NAME>
FIST	FIST	alone	you		You shake your fist angrily in the air!	(?i)^You\s+shake\s+your\s+fist\s+angrily\s+in\s+the\s+air!$	
FIST	FIST	alone	others		* shakes * fist angrily in the air!	(?i)^(.+?)\s+shakes\s+(\S+)\s+fist\s+angrily\s+in\s+the\s+air!$	
FIST	FIST <T-NAME>	someone	you		You shake your fist at *!	(?i)^You\s+shake\s+your\s+fist\s+at\s+(\S+)!$	
FIST	FIST <T-NAME>	someone	others		* shakes * fist at *! Uh-oh!	(?i)^(.+?)\s+shakes\s+(\S+)\s+fist\s+at\s+(.+?)!\s+Uh\-oh!$	
FIST	FIST <T-NAME>	someone	target		* shakes his fist at you! Uh-oh!	(?i)^(.+?)\s+shakes\s+his\s+fist\s+at\s+you!\s+Uh\-oh!$	
FIST	FIST <T-NAME>	someone	fail		You must have scared them off.	(?i)^You\s+must\s+have\s+scared\s+them\s+off\.$	
FLARE	FLARE	alone	you		You flare your nostrils disdainfully.	(?i)^You\s+flare\s+your\s+nostrils\s+disdainfully\.$	
FLARE	FLARE	alone	others		* flares * nostrils disdainfully.	(?i)^(.+?)\s+flares\s+(\S+)\s+nostrils\s+disdainfully\.$	
FLARE	FLARE <T-NAME>	someone	you		You flare your nostrils disdainfully at *... HOW RUDE!	(?i)^You\s+flare\s+your\s+nostrils\s+disdainfully\s+at\s+(.+?)\.\.\.\s+HOW\s+RUDE!$	
FLARE	FLARE <T-NAME>	someone	others		* flares * nostrils disdainfully at * and turns up * snobbish nose.	(?i)^(.+?)\s+flares\s+(\S+)\s+nostrils\s+disdainfully\s+at\s+(.+?)\s+and\s+turns\s+up\s+(\S+)\s+snobbish\s+nose\.$	
FLARE	FLARE <T-NAME>	someone	target		* flares * nostrils disdainfully at you... what'd you DO???	(?i)^(.+?)\s+flares\s+(\S+)\s+nostrils\s+disdainfully\s+at\s+you\.\.\.\s+what'd\s+you\s+DO\?\?\?$	
FLARE	FLARE <T-NAME>	someone	fail		Flare if you wish, but that person isn't here to see it.	(?i)^Flare\s+if\s+you\s+wish,\s+but\s+that\s+person\s+isn't\s+here\s+to\s+see\s+it\.$	
FLARE	FLARE SELF	self	you		*Sniff* But you should LOVE yourself!	(?i)^\*Sniff\*\s+But\s+you\s+should\s+LOVE\s+yourself!$	
FLASH	FLASH	alone	you		You grin and strut as you open your coat and show what you've got!	(?i)^You\s+grin\s+and\s+strut\s+as\s+you\s+open\s+your\s+coat\s+and\s+show\s+what\s+you've\s+got!$	
FLASH	FLASH	alone	others		* rips * clothes off and parades naked around the room!	(?i)^(.+?)\s+rips\s+(\S+)\s+clothes\s+off\s+and\s+parades\s+naked\s+around\s+the\s+room!$	
FLASH	FLASH <T-NAME>	someone	you		Swiftly you jerk open your jacket, trying to get * to notice you.	(?i)^Swiftly\s+you\s+jerk\s+open\s+your\s+jacket,\s+trying\s+to\s+get\s+(\S+)\s+to\s+notice\s+you\.$	
FLASH	FLASH <T-NAME>	someone	others		Cover your eyes, * is exposing * to *! EWWWW!	(?i)^Cover\s+your\s+eyes,\s+(.+?)\s+is\s+exposing\s+(\S+)\s+to\s+(.+?)!\s+EWWWW!$	
FLASH	FLASH <T-NAME>	someone	target		You gasp! * has just revealed * "equipment" to you!	(?i)^You\s+gasp!\s+(.+?)\s+has\s+just\s+revealed\s+(\S+)\s+"equipment"\s+to\s+you!$	
FLASH	FLASH <T-NAME>	someone	fail		Exhibitionist, that person isn't here!	(?i)^Exhibitionist,\s+that\s+person\s+isn't\s+here!$	
FLASH	FLASH SELF	self	you		That's sick.	(?i)^That's\s+sick\.$	
FLASH	FLASH SELF	self	others		PERVERT PRESENT! * is trying to flash *	(?i)^PERVERT\s+PRESENT!\s+(.+?)\s+is\s+trying\s+to\s+flash\s+(\S+)$	
FLAUGH	FLAUGH	alone	you		You fall down laughing.	(?i)^You\s+fall\s+down\s+laughing\.$	
FLAUGH	FLAUGH	alone	others		* falls down laughing.	(?i)^(.+?)\s+falls\s+down\s+laughing\.$	
FLAUGH	FLAUGH <T-NAME>	someone	you		You fall down laughing mercilessly at *.	(?i)^You\s+fall\s+down\s+laughing\s+mercilessly\s+at\s+(.+?)\.$	
FLAUGH	FLAUGH <T-NAME>	someone	others		* falls down laughing mercilessly at *.	(?i)^(.+?)\s+falls\s+down\s+laughing\s+mercilessly\s+at\s+(.+?)\.$	
FLAUGH	FLAUGH <T-NAME>	someone	target		* falls down laughing mercilessly at you. HAHAHA	(?i)^(.+?)\s+falls\s+down\s+laughing\s+mercilessly\s+at\s+you\.\s+HAHAHA$	
FLAUGH	FLAUGH <T-NAME>	someone	fail		You fall down laughing at......no one!!!	(?i)^You\s+fall\s+down\s+laughing\s+at\.\.\.\.\.\.no\s+one!!!$	
FLAUGH	FLAUGH SELF	self	you		You fall over laughing at yourself. What a dork!	(?i)^You\s+fall\s+over\s+laughing\s+at\s+yourself\.\s+What\s+a\s+dork!$	
FLAUGH	FLAUGH SELF	self	others		* falls over laughing at *.	(?i)^(.+?)\s+falls\s+over\s+laughing\s+at\s+(\S+)\.$	
FLEX	FLEX	alone	you		You flex your muscles proudly!	(?i)^You\s+flex\s+your\s+muscles\s+proudly!$	
FLEX	FLEX	alone	others		* flexes * muscles...what a stud!?!	(?i)^(.+?)\s+flexes\s+(\S+)\s+muscles\.\.\.what\s+a\s+stud!\?!$	
FLEX	FLEX <T-NAME>	someone	you		You show off to *, flexing your muscles proudly.	(?i)^You\s+show\s+off\s+to\s+(.+?),\s+flexing\s+your\s+muscles\s+proudly\.$	
FLEX	FLEX <T-NAME>	someone	others		* flexes * muscles, in a vain attempt to impress *.	(?i)^(.+?)\s+flexes\s+(\S+)\s+muscles,\s+in\s+a\s+vain\s+attempt\s+to\s+impress\s+(.+?)\.$	
FLEX	FLEX <T-NAME>	someone	target		* flexes * muscles in a vain attempt to show off to you.	(?i)^(.+?)\s+flexes\s+(\S+)\s+muscles\s+in\s+a\s+vain\s+attempt\s+to\s+show\s+off\s+to\s+you\.$	
FLINCH	FLINCH	alone	you		EEEK... You flinch in obvious pain.	(?i)^EEEK\.\.\.\s+You\s+flinch\s+in\s+obvious\s+pain\.$	
FLINCH	FLINCH	alone	others		* flinches in obvious pain... you wonder what * did THIS time.	(?i)^(.+?)\s+flinches\s+in\s+obvious\s+pain\.\.\.\s+you\s+wonder\s+what\s+(\S+)\s+did\s+THIS\s+time\.$	
FLINCH	FLINCH <T-NAME>	someone	you		Don't you wish you could just crawl under a rock and die?	(?i)^Don't\s+you\s+wish\s+you\s+could\s+just\s+crawl\s+under\s+a\s+rock\s+and\s+die\?$	
FLINCH	FLINCH <T-NAME>	someone	others		* sneaks a glance at * and flinches.	(?i)^(.+?)\s+sneaks\s+a\s+glance\s+at\s+(.+?)\s+and\s+flinches\.$	
FLINCH	FLINCH <T-NAME>	someone	target		* flinches in response to your cold rebuke.	(?i)^(.+?)\s+flinches\s+in\s+response\s+to\s+your\s+cold\s+rebuke\.$	
FLINCH	FLINCH <T-NAME>	someone	fail		Relax, is gone.	(?i)^Relax,\s+is\s+gone\.$	
FLINCH	FLINCH SELF	self	you		You can't belive what you've done...	(?i)^You\s+can't\s+belive\s+what\s+you've\s+done\.\.\.$	
FLINCH	FLINCH SELF	self	others		* twitches violently, shocked at * own behavior.	(?i)^(.+?)\s+twitches\s+violently,\s+shocked\s+at\s+(\S+)\s+own\s+behavior\.$	
FLIP	FLIP	alone	you		You flip head over heels.	(?i)^You\s+flip\s+head\s+over\s+heels\.$	
FLIP	FLIP	alone	others		* flips head over heels.	(?i)^(.+?)\s+flips\s+head\s+over\s+heels\.$	
FLIP	FLIP <T-NAME>	someone	you		You flip * over your shoulder.	(?i)^You\s+flip\s+(\S+)\s+over\s+your\s+shoulder\.$	
FLIP	FLIP <T-NAME>	someone	others		* flips * over * shoulder.	(?i)^(.+?)\s+flips\s+(.+?)\s+over\s+(\S+)\s+shoulder\.$	
FLIP	FLIP <T-NAME>	someone	target		* flips you over * shoulder. Hmmmm.	(?i)^(.+?)\s+flips\s+you\s+over\s+(\S+)\s+shoulder\.\s+Hmmmm\.$	
FLIP	FLIP <T-NAME>	someone	fail		You can't find the person.	(?i)^You\s+can't\s+find\s+the\s+person\.$	
FLIP	FLIP SELF	self	you		You tumble all over the room.	(?i)^You\s+tumble\s+all\s+over\s+the\s+room\.$	
FLIP	FLIP SELF	self	others		* does some nice tumbling and gymnastics.	(?i)^(.+?)\s+does\s+some\s+nice\s+tumbling\s+and\s+gymnastics\.$	
FLIRT	FLIRT	alone	you		You flirt outrageously.	(?i)^You\s+flirt\s+outrageously\.$	
FLIRT	FLIRT	alone	others		* is an outrageous flirt.	(?i)^(.+?)\s+is\s+an\s+outrageous\s+flirt\.$	
FLIRT	FLIRT <T-NAME>	someone	you		You flirt with * trying to get * attention.	(?i)^You\s+flirt\s+with\s+(.+?)\s+trying\s+to\s+get\s+(\S+)\s+attention\.$	
FLIRT	FLIRT <T-NAME>	someone	others		* flirts with *, hmmm wonder what * wants? *wink*	(?i)^(.+?)\s+flirts\s+with\s+(.+?),\s+hmmm\s+wonder\s+what\s+(\S+)\s+wants\?\s+\*wink\*$	
FLIRT	FLIRT <T-NAME>	someone	target		* flirts with you.	(?i)^(.+?)\s+flirts\s+with\s+you\.$	
FLIRT	FLIRT <T-NAME>	someone	fail		Sorry no one here to flirt with. :(	(?i)^Sorry\s+no\s+one\s+here\s+to\s+flirt\s+with\.\s+:\($	
FLIRT	FLIRT SELF	self	you		You flirt with yourself -- what ARE you trying to gain!?!?!?	(?i)^You\s+flirt\s+with\s+yourself\s+\-\-\s+what\s+ARE\s+you\s+trying\s+to\s+gain!\?!\?!\?$	
FLIRT	FLIRT SELF	self	others		* flirts with *, wonder what * is trying to accomplish?	(?i)^(.+?)\s+flirts\s+with\s+(\S+),\s+wonder\s+what\s+(\S+)\s+is\s+trying\s+to\s+accomplish\?$	
FLUTTER	FLUTTER	alone	you		You flutter your eyelashes seductively.	(?i)^You\s+flutter\s+your\s+eyelashes\s+seductively\.$	
FLUTTER	FLUTTER	alone	others		* flutters * eyelashes seductively.	(?i)^(.+?)\s+flutters\s+(\S+)\s+eyelashes\s+seductively\.$	
FLUTTER	FLUTTER <T-NAME>	someone	you		You flutter your eyelashes at *, trying to be seductive.	(?i)^You\s+flutter\s+your\s+eyelashes\s+at\s+(.+?),\s+trying\s+to\s+be\s+seductive\.$	
FLUTTER	FLUTTER <T-NAME>	someone	others		* flirts with *, flutters * eyelashes at *.	(?i)^(.+?)\s+flirts\s+with\s+(.+?),\s+flutters\s+(\S+)\s+eyelashes\s+at\s+(\S+)\.$	
FLUTTER	FLUTTER <T-NAME>	someone	target		* flutters * eyelashes at you coyly.	(?i)^(.+?)\s+flutters\s+(\S+)\s+eyelashes\s+at\s+you\s+coyly\.$	
FLUTTER	FLUTTER <T-NAME>	someone	fail		EH? Can't see them here.	(?i)^EH\?\s+Can't\s+see\s+them\s+here\.$	
FOLD	FOLD	alone	you		You fold your arms over your chest.	(?i)^You\s+fold\s+your\s+arms\s+over\s+your\s+chest\.$	
FOLD	FOLD	alone	others		* folds * arms over * chest. Uh oh.	(?i)^(.+?)\s+folds\s+(\S+)\s+arms\s+over\s+(\S+)\s+chest\.\s+Uh\s+oh\.$	
FOLD	FOLD <T-NAME>	someone	you		You glare at * as you fold your arms over your chest.	(?i)^You\s+glare\s+at\s+(.+?)\s+as\s+you\s+fold\s+your\s+arms\s+over\s+your\s+chest\.$	
FOLD	FOLD <T-NAME>	someone	others		* glares at * as * folds * arms over * chest.	(?i)^(.+?)\s+glares\s+at\s+(.+?)\s+as\s+(\S+)\s+folds\s+(\S+)\s+arms\s+over\s+(\S+)\s+chest\.$	GLARE <T-NAME>
FOLD	FOLD <T-NAME>	someone	target		* glares at you as * folds * arms over * chest.	(?i)^(.+?)\s+glares\s+at\s+you\s+as\s+(\S+)\s+folds\s+(\S+)\s+arms\s+over\s+(\S+)\s+chest\.$	GLARE <T-NAME>
FOLD	FOLD <T-NAME>	someone	fail		They got away!	(?i)^They\s+got\s+away!$	
FOLD	FOLD SELF	self	you		You fold your hands in your lap.	(?i)^You\s+fold\s+your\s+hands\s+in\s+your\s+lap\.$	
FOLD	FOLD SELF	self	others		* folds * hands in * lap.	(?i)^(.+?)\s+folds\s+(\S+)\s+hands\s+in\s+(\S+)\s+lap\.$	
FONDLE	FONDLE	alone	you		Who needs to be fondled ?	(?i)^Who\s+needs\s+to\s+be\s+fondled\s+\?$	
FONDLE	FONDLE <T-NAME>	someone	you		You fondly fondle *.	(?i)^You\s+fondly\s+fondle\s+(\S+)\.$	
FONDLE	FONDLE <T-NAME>	someone	others		* fondly fondles *.	(?i)^(.+?)\s+fondly\s+fondles\s+(.+?)\.$	
FONDLE	FONDLE <T-NAME>	someone	target		* fondly fondles you.	(?i)^(.+?)\s+fondly\s+fondles\s+you\.$	
FONDLE	FONDLE <T-NAME>	someone	fail		You fondly try to fondle someone not in the room, but who cares.	(?i)^You\s+fondly\s+try\s+to\s+fondle\s+someone\s+not\s+in\s+the\s+room,\s+but\s+who\s+cares\.$	
FONDLE	FONDLE SELF	self	you		You fondly fondle yourself, feels funny doesn't it?	(?i)^You\s+fondly\s+fondle\s+yourself,\s+feels\s+funny\s+doesn't\s+it\?$	
FONDLE	FONDLE SELF	self	others		* fondly fondles * - this is going too far!!	(?i)^(.+?)\s+fondly\s+fondles\s+(\S+)\s+\-\s+this\s+is\s+going\s+too\s+far!!$	
FOOTSIE	FOOTSIE	alone	you		Who do you want to play footsie with?	(?i)^Who\s+do\s+you\s+want\s+to\s+play\s+footsie\s+with\?$	FOOTSIE <T-NAME>
FOOTSIE	FOOTSIE	alone	others		`	(?i)^`$	
FOOTSIE	FOOTSIE <T-NAME>	someone	you		You rub your foot on *`s leg from * ankle to * thigh.	(?i)^You\s+rub\s+your\s+foot\s+on\s+(.+?)`s\s+leg\s+from\s+(\S+)\s+ankle\s+to\s+(\S+)\s+thigh\.$	
FOOTSIE	FOOTSIE <T-NAME>	someone	others		* rubs * foot on *`s leg from * ankle to * thigh.	(?i)^(.+?)\s+rubs\s+(\S+)\s+foot\s+on\s+(.+?)`s\s+leg\s+from\s+(\S+)\s+ankle\s+to\s+(\S+)\s+thigh\.$	
FOOTSIE	FOOTSIE <T-NAME>	someone	target		* rubs * foot from your ankle to VERY high up on your thigh.	(?i)^(.+?)\s+rubs\s+(\S+)\s+foot\s+from\s+your\s+ankle\s+to\s+VERY\s+high\s+up\s+on\s+your\s+thigh\.$	
FOOTSIE	FOOTSIE <T-NAME>	someone	fail		Who do you want to play footsie with?	(?i)^Who\s+do\s+you\s+want\s+to\s+play\s+footsie\s+with\?$	FOOTSIE
FOOTSIE	FOOTSIE SELF	self	you		You look weird trying to play footsie with yourself.	(?i)^You\s+look\s+weird\s+trying\s+to\s+play\s+footsie\s+with\s+yourself\.$	
FOOTSIE	FOOTSIE SELF	self	others		* looks rather awkward trying to play footsie with *.	(?i)^(.+?)\s+looks\s+rather\s+awkward\s+trying\s+to\s+play\s+footsie\s+with\s+(\S+)\.$	
FRENCH	FRENCH	alone	you		Kiss whom?	(?i)^Kiss\s+whom\?$	
FRENCH	FRENCH <T-NAME>	someone	you		You give * a long and passionate kiss, it seems to last forever...	(?i)^You\s+give\s+(.+?)\s+a\s+long\s+and\s+passionate\s+kiss,\s+it\s+seems\s+to\s+last\s+forever\.\.\.$	
FRENCH	FRENCH <T-NAME>	someone	others		* kisses * passionately.	(?i)^(.+?)\s+kisses\s+(.+?)\s+passionately\.$	KISS <T-NAME>
FRENCH	FRENCH <T-NAME>	someone	target		* gives you a long and passionate kiss, it seems to last forever...	(?i)^(.+?)\s+gives\s+you\s+a\s+long\s+and\s+passionate\s+kiss,\s+it\s+seems\s+to\s+last\s+forever\.\.\.$	
FRENCH	FRENCH <T-NAME>	someone	fail		Your heart is filled with despair as that person is not here.	(?i)^Your\s+heart\s+is\s+filled\s+with\s+despair\s+as\s+that\s+person\s+is\s+not\s+here\.$	
FRENCH	FRENCH SELF	self	you		You gather yourself in your arms and try to kiss yourself.	(?i)^You\s+gather\s+yourself\s+in\s+your\s+arms\s+and\s+try\s+to\s+kiss\s+yourself\.$	
FRENCH	FRENCH SELF	self	others		* makes an attempt at kissing *.	(?i)^(.+?)\s+makes\s+an\s+attempt\s+at\s+kissing\s+(\S+)\.$	
FROLICK	FROLICK	alone	you		You frolick merrily about. Hop, bunny, hop!	(?i)^You\s+frolick\s+merrily\s+about\.\s+Hop,\s+bunny,\s+hop!$	
FROLICK	FROLICK	alone	others		* frolicks about merrily with no apparent direction in mind.	(?i)^(.+?)\s+frolicks\s+about\s+merrily\s+with\s+no\s+apparent\s+direction\s+in\s+mind\.$	
FROLICK	FROLICK <T-NAME>	someone	you		You frolick about *, trying to make * dizzy. Or disgusted. Or both.	(?i)^You\s+frolick\s+about\s+(.+?),\s+trying\s+to\s+make\s+(\S+)\s+dizzy\.\s+Or\s+disgusted\.\s+Or\s+both\.$	
FROLICK	FROLICK <T-NAME>	someone	others		* frolicks playfully about *.	(?i)^(.+?)\s+frolicks\s+playfully\s+about\s+(.+?)\.$	
FROLICK	FROLICK <T-NAME>	someone	target		* frolicks around you playfully.	(?i)^(.+?)\s+frolicks\s+around\s+you\s+playfully\.$	
FROLICK	FROLICK <T-NAME>	someone	fail		They left too quickly, it seems.	(?i)^They\s+left\s+too\s+quickly,\s+it\s+seems\.$	REGAL <T-NAME>
FROWN	FROWN	alone	you		You frown disapprovingly.	(?i)^You\s+frown\s+disapprovingly\.$	
FROWN	FROWN	alone	others		* frowns.	(?i)^(.+?)\s+frowns\.$	
FROWN	FROWN <T-NAME>	someone	you		You frown at what * did.	(?i)^You\s+frown\s+at\s+what\s+(\S+)\s+did\.$	
FROWN	FROWN <T-NAME>	someone	others		* frowns at what * did.	(?i)^(.+?)\s+frowns\s+at\s+what\s+(.+?)\s+did\.$	
FROWN	FROWN <T-NAME>	someone	target		* frowns at what you did.	(?i)^(.+?)\s+frowns\s+at\s+what\s+you\s+did\.$	
FROWN	FROWN <T-NAME>	someone	fail		You don't see any reason to frown.	(?i)^You\s+don't\s+see\s+any\s+reason\s+to\s+frown\.$	
FROWN	FROWN SELF	self	you		You frown at yourself. Poor baby.	(?i)^You\s+frown\s+at\s+yourself\.\s+Poor\s+baby\.$	
FROWN	FROWN SELF	self	others		* frowns at *. What a sad puppy....	(?i)^(.+?)\s+frowns\s+at\s+(\S+)\.\s+What\s+a\s+sad\s+puppy\.\.\.\.$	
FTAP	FTAP	alone	you		You tap your foot impatiently.	(?i)^You\s+tap\s+your\s+foot\s+impatiently\.$	
FTAP	FTAP	alone	others		* taps * foot impatiently.	(?i)^(.+?)\s+taps\s+(\S+)\s+foot\s+impatiently\.$	
FTAP	FTAP <T-NAME>	someone	you		You look at * and tap your foot impatiently.	(?i)^You\s+look\s+at\s+(.+?)\s+and\s+tap\s+your\s+foot\s+impatiently\.$	
FTAP	FTAP <T-NAME>	someone	others		* looks at * and taps * foot impatiently.	(?i)^(.+?)\s+looks\s+at\s+(.+?)\s+and\s+taps\s+(\S+)\s+foot\s+impatiently\.$	FTAP
FTAP	FTAP <T-NAME>	someone	target		* looks at you and taps * foot impatiently.	(?i)^(.+?)\s+looks\s+at\s+you\s+and\s+taps\s+(\S+)\s+foot\s+impatiently\.$	FTAP
FTAP	FTAP <T-NAME>	someone	fail		You don't see anyone here by that name to tap your foot at.	(?i)^You\s+don't\s+see\s+anyone\s+here\s+by\s+that\s+name\s+to\s+tap\s+your\s+foot\s+at\.$	
FUME	FUME	alone	you		Take it easy now! count to ten, very slowly.	(?i)^Take\s+it\s+easy\s+now!\s+count\s+to\s+ten,\s+very\s+slowly\.$	
FUME	FUME	alone	others		* grits * teeth and fumes with rage.	(?i)^(.+?)\s+grits\s+(\S+)\s+teeth\s+and\s+fumes\s+with\s+rage\.$	
FUME	FUME <T-NAME>	someone	you		You stare at *, fuming.	(?i)^You\s+stare\s+at\s+(\S+),\s+fuming\.$	
FUME	FUME <T-NAME>	someone	others		* stares at *, fuming with rage.	(?i)^(.+?)\s+stares\s+at\s+(.+?),\s+fuming\s+with\s+rage\.$	
FUME	FUME <T-NAME>	someone	target		* stares at you, fuming with rage!	(?i)^(.+?)\s+stares\s+at\s+you,\s+fuming\s+with\s+rage!$	
FUME	FUME <T-NAME>	someone	fail		Fume away... they ain't here.	(?i)^Fume\s+away\.\.\.\s+they\s+ain't\s+here\.$	
FUME	FUME SELF	self	you		That's right - hate yourself!	(?i)^That's\s+right\s+\-\s+hate\s+yourself!$	
FUME	FUME SELF	self	others		* clenches * fists and stomps * feet, fuming with anger.	(?i)^(.+?)\s+clenches\s+(\S+)\s+fists\s+and\s+stomps\s+(\S+)\s+feet,\s+fuming\s+with\s+anger\.$	
GACK	GACK	alone	you		Gaaack!	(?i)^Gaaack!$	
GACK	GACK	alone	others		* gacks with dismay!	(?i)^(.+?)\s+gacks\s+with\s+dismay!$	
GACK	GACK <T-NAME>	someone	you		Appalled, you gack at *.	(?i)^Appalled,\s+you\s+gack\s+at\s+(.+?)\.$	
GACK	GACK <T-NAME>	someone	others		* gacks expressively, shooting * a dismayed look.	(?i)^(.+?)\s+gacks\s+expressively,\s+shooting\s+(.+?)\s+a\s+dismayed\s+look\.$	
GACK	GACK <T-NAME>	someone	target		* gacks, and looks your way, dismayed.	(?i)^(.+?)\s+gacks,\s+and\s+looks\s+your\s+way,\s+dismayed\.$	
GACK	GACK <T-NAME>	someone	fail		That person isn't here.	(?i)^That\s+person\s+isn't\s+here\.$	
GACK	GACK SELF	self	you		*GACK!*	(?i)^\*GACK!\*$	
GACK	GACK SELF	self	others		Appalled, * gacks at *!	(?i)^Appalled,\s+(.+?)\s+gacks\s+at\s+(\S+)!$	
GASP	GASP	alone	you	gasp.wav	You gasp in astonishment.	(?i)^You\s+gasp\s+in\s+astonishment\.$	
GASP	GASP	alone	others	gasp.wav	* gasps in astonishment.	(?i)^(.+?)\s+gasps\s+in\s+astonishment\.$	
GASP	GASP <T-NAME>	someone	you	gasp.wav	You gasp as you realize what * did.	(?i)^You\s+gasp\s+as\s+you\s+realize\s+what\s+(\S+)\s+did\.$	
GASP	GASP <T-NAME>	someone	others	gasp.wav	* gasps as * realizes what * did.	(?i)^(.+?)\s+gasps\s+as\s+(\S+)\s+realizes\s+what\s+(.+?)\s+did\.$	
GASP	GASP <T-NAME>	someone	target	gasp.wav	* gasps as * realizes what you did.	(?i)^(.+?)\s+gasps\s+as\s+(\S+)\s+realizes\s+what\s+you\s+did\.$	
GASP	GASP <T-NAME>	someone	fail	gasp.wav	You need to panic.	(?i)^You\s+need\s+to\s+panic\.$	
GASP	GASP SELF	self	you	gasp.wav	You look at yourself and gasp!	(?i)^You\s+look\s+at\s+yourself\s+and\s+gasp!$	
GASP	GASP SELF	self	others	gasp.wav	* takes one look at * and gasps in astonisment!	(?i)^(.+?)\s+takes\s+one\s+look\s+at\s+(\S+)\s+and\s+gasps\s+in\s+astonisment!$	
GIGGLE	GIGGLE	alone	you	giggle.wav	You giggle.	(?i)^You\s+giggle\.$	
GIGGLE	GIGGLE	alone	others	giggle.wav	* giggles.	(?i)^(.+?)\s+giggles\.$	
GIGGLE	GIGGLE <T-NAME>	someone	you	giggle.wav	You giggle at *.	(?i)^You\s+giggle\s+at\s+(\S+)\.$	
GIGGLE	GIGGLE <T-NAME>	someone	others	giggle.wav	* giggles at *.	(?i)^(.+?)\s+giggles\s+at\s+(.+?)\.$	
GIGGLE	GIGGLE <T-NAME>	someone	target	giggle.wav	* giggles at you.	(?i)^(.+?)\s+giggles\s+at\s+you\.$	
GIGGLE	GIGGLE <T-NAME>	someone	fail	giggle.wav	You giggle by yourself, since you can't find a partner to giggle with.	(?i)^You\s+giggle\s+by\s+yourself,\s+since\s+you\s+can't\s+find\s+a\s+partner\s+to\s+giggle\s+with\.$	
GIGGLE	GIGGLE SELF	self	you	giggle.wav	You giggle to yourself.	(?i)^You\s+giggle\s+to\s+yourself\.$	
GIGGLE	GIGGLE SELF	self	others	giggle.wav	* giggles to .	(?i)^(.+?)\s+giggles\s+to\s+\.$	
GIRN	GIRN	alone	you		You girn at no one in particular.	(?i)^You\s+girn\s+at\s+no\s+one\s+in\s+particular\.$	GIRN <T-NAME>
GIRN	GIRN	alone	others		* girns at no one in particular.	(?i)^(.+?)\s+girns\s+at\s+no\s+one\s+in\s+particular\.$	
GIRN	GIRN <T-NAME>	someone	you		You attempt to grin but fail horribly.	(?i)^You\s+attempt\s+to\s+grin\s+but\s+fail\s+horribly\.$	GIRN SELF
GIRN	GIRN <T-NAME>	someone	others		* contorts * face as * attempts to grin.	(?i)^(.+?)\s+contorts\s+(\S+)\s+face\s+as\s+(\S+)\s+attempts\s+to\s+grin\.$	
GIRN	GIRN <T-NAME>	someone	target		* contorts * face at you.	(?i)^(.+?)\s+contorts\s+(\S+)\s+face\s+at\s+you\.$	
GIRN	GIRN <T-NAME>	someone	fail		You girn at no one in particular.	(?i)^You\s+girn\s+at\s+no\s+one\s+in\s+particular\.$	GIRN
GIRN	GIRN SELF	self	you		You attempt to grin but fail horribly.	(?i)^You\s+attempt\s+to\s+grin\s+but\s+fail\s+horribly\.$	GIRN <T-NAME>
GLARE	GLARE	alone	you		You glare at nothing in particular.	(?i)^You\s+glare\s+at\s+nothing\s+in\s+particular\.$	
GLARE	GLARE	alone	others		* glares around *.	(?i)^(.+?)\s+glares\s+around\s+(\S+)\.$	
GLARE	GLARE <T-NAME>	someone	you		You glare icily at *.	(?i)^You\s+glare\s+icily\s+at\s+(\S+)\.$	
GLARE	GLARE <T-NAME>	someone	others		* glares at *.	(?i)^(.+?)\s+glares\s+at\s+(.+?)\.$	
GLARE	GLARE <T-NAME>	someone	target		* glares icily at you, you feel cold to your bones.	(?i)^(.+?)\s+glares\s+icily\s+at\s+you,\s+you\s+feel\s+cold\s+to\s+your\s+bones\.$	
GLARE	GLARE <T-NAME>	someone	fail		You try to glare at somebody who is not present.	(?i)^You\s+try\s+to\s+glare\s+at\s+somebody\s+who\s+is\s+not\s+present\.$	
GLARE	GLARE SELF	self	you		You glare icily at your feet, they are suddenly very cold.	(?i)^You\s+glare\s+icily\s+at\s+your\s+feet,\s+they\s+are\s+suddenly\s+very\s+cold\.$	
GLARE	GLARE SELF	self	others		* glares at * feet, what is bothering *?	(?i)^(.+?)\s+glares\s+at\s+(\S+)\s+feet,\s+what\s+is\s+bothering\s+(\S+)\?$	
GOODNIGHT	GOODNIGHT	alone	you		You yawn and wave good night.	(?i)^You\s+yawn\s+and\s+wave\s+good\s+night\.$	
GOODNIGHT	GOODNIGHT	alone	others		* yawns and waves good night.	(?i)^(.+?)\s+yawns\s+and\s+waves\s+good\s+night\.$	
GOODNIGHT	GOODNIGHT <T-NAME>	someone	you		You yawn and wave good night to *.	(?i)^You\s+yawn\s+and\s+wave\s+good\s+night\s+to\s+(.+?)\.$	
GOODNIGHT	GOODNIGHT <T-NAME>	someone	others		* yawns and waves good night to *.	(?i)^(.+?)\s+yawns\s+and\s+waves\s+good\s+night\s+to\s+(.+?)\.$	
GOODNIGHT	GOODNIGHT <T-NAME>	someone	target		* yawns and waves good night to you.	(?i)^(.+?)\s+yawns\s+and\s+waves\s+good\s+night\s+to\s+you\.$	
GOODNIGHT	GOODNIGHT <T-NAME>	someone	fail		Good night to who?	(?i)^Good\s+night\s+to\s+who\?$	
GOODNIGHT	GOODNIGHT SELF	self	you		You hum a lullaby to yourself as you doze off.	(?i)^You\s+hum\s+a\s+lullaby\s+to\s+yourself\s+as\s+you\s+doze\s+off\.$	
GOODNIGHT	GOODNIGHT SELF	self	others		* begins to hum a lullaby as * dozes off.	(?i)^(.+?)\s+begins\s+to\s+hum\s+a\s+lullaby\s+as\s+(\S+)\s+dozes\s+off\.$	
GOOSE	GOOSE	alone	you		Who would you like to goose?	(?i)^Who\s+would\s+you\s+like\s+to\s+goose\?$	
GOOSE	GOOSE <T-NAME>	someone	you		You tenderly goose * on the tush.	(?i)^You\s+tenderly\s+goose\s+(.+?)\s+on\s+the\s+tush\.$	
GOOSE	GOOSE <T-NAME>	someone	others		* reaches around *'s backside and gooses * tenderly.	(?i)^(.+?)\s+reaches\s+around\s+(.+?)'s\s+backside\s+and\s+gooses\s+(\S+)\s+tenderly\.$	
GOOSE	GOOSE <T-NAME>	someone	target		* gooses you tenderly!	(?i)^(.+?)\s+gooses\s+you\s+tenderly!$	
GOOSE	GOOSE <T-NAME>	someone	fail		You should go hunting for another victim, they left.	(?i)^You\s+should\s+go\s+hunting\s+for\s+another\s+victim,\s+they\s+left\.$	
GOOSE	GOOSE SELF	self	you		You pinch yourself on the rear, you must be desperate.	(?i)^You\s+pinch\s+yourself\s+on\s+the\s+rear,\s+you\s+must\s+be\s+desperate\.$	
GOOSE	GOOSE SELF	self	others		* pinches * on the rear.	(?i)^(.+?)\s+pinches\s+(\S+)\s+on\s+the\s+rear\.$	
GOOSEBUMPS	GOOSEBUMPS	alone	you		Goosebumps appear on your arms.	(?i)^Goosebumps\s+appear\s+on\s+your\s+arms\.$	
GOOSEBUMPS	GOOSEBUMPS	alone	others		* has goosebumps all over * arms.	(?i)^(.+?)\s+has\s+goosebumps\s+all\s+over\s+(\S+)\s+arms\.$	
GOUGE	GOUGE	alone	you		Whose eyes do you want to gouge out today?	(?i)^Whose\s+eyes\s+do\s+you\s+want\s+to\s+gouge\s+out\s+today\?$	
GOUGE	GOUGE <T-NAME>	someone	you		In a fit of rage, you attempt to gouge out *'s eyes. Take that!	(?i)^In\s+a\s+fit\s+of\s+rage,\s+you\s+attempt\s+to\s+gouge\s+out\s+(.+?)'s\s+eyes\.\s+Take\s+that!$	
GOUGE	GOUGE <T-NAME>	someone	others		Outraged, * tries to gouge out *'s eyes!	(?i)^Outraged,\s+(.+?)\s+tries\s+to\s+gouge\s+out\s+(.+?)'s\s+eyes!$	
GOUGE	GOUGE <T-NAME>	someone	target		In a fit of rage, * tries to gouge out your eyes! OWW!	(?i)^In\s+a\s+fit\s+of\s+rage,\s+(.+?)\s+tries\s+to\s+gouge\s+out\s+your\s+eyes!\s+OWW!$	
GOUGE	GOUGE <T-NAME>	someone	fail		No one present goes by that name.	(?i)^No\s+one\s+present\s+goes\s+by\s+that\s+name\.$	
GREET	GREET	alone	you		You raise a hand in greeting.	(?i)^You\s+raise\s+a\s+hand\s+in\s+greeting\.$	
GREET	GREET	alone	others		* raises a hand in greeting.	(?i)^(.+?)\s+raises\s+a\s+hand\s+in\s+greeting\.$	
GREET	GREET <T-NAME>	someone	you		You raise a hand in greeting to *.	(?i)^You\s+raise\s+a\s+hand\s+in\s+greeting\s+to\s+(.+?)\.$	
GREET	GREET <T-NAME>	someone	others		* raises a hand in greeting to *.	(?i)^(.+?)\s+raises\s+a\s+hand\s+in\s+greeting\s+to\s+(.+?)\.$	
GREET	GREET <T-NAME>	someone	target		* raises a hand in greeting to you.	(?i)^(.+?)\s+raises\s+a\s+hand\s+in\s+greeting\s+to\s+you\.$	
GRIMACE	GRIMACE	alone	you		You grimace painfully at the thought.	(?i)^You\s+grimace\s+painfully\s+at\s+the\s+thought\.$	
GRIMACE	GRIMACE	alone	others		* grimaces painfully at the thought.	(?i)^(.+?)\s+grimaces\s+painfully\s+at\s+the\s+thought\.$	
GRIMACE	GRIMACE <T-NAME>	someone	you		You grimace at *.	(?i)^You\s+grimace\s+at\s+(.+?)\.$	
GRIMACE	GRIMACE <T-NAME>	someone	others		* grimaces at *.	(?i)^(.+?)\s+grimaces\s+at\s+(.+?)\.$	
GRIMACE	GRIMACE <T-NAME>	someone	target		* grimaces at you. What could be wrong?	(?i)^(.+?)\s+grimaces\s+at\s+you\.\s+What\s+could\s+be\s+wrong\?$	
GRIMACE	GRIMACE <T-NAME>	someone	fail		You grimace at no one in particular.	(?i)^You\s+grimace\s+at\s+no\s+one\s+in\s+particular\.$	
GRIMACE	GRIMACE SELF	self	you		You grimace painfully at your thoughts.	(?i)^You\s+grimace\s+painfully\s+at\s+your\s+thoughts\.$	
GRIMACE	GRIMACE SELF	self	others		* grimaces painfully to *.	(?i)^(.+?)\s+grimaces\s+painfully\s+to\s+(\S+)\.$	
GRIN	GRIN	alone	you		You grin.	(?i)^You\s+grin\.$	
GRIN	GRIN	alone	others		* grins.	(?i)^(.+?)\s+grins\.$	
GRIN	GRIN <T-NAME>	someone	you		you grin at *.	(?i)^you\s+grin\s+at\s+(.+?)\.$	
GRIN	GRIN <T-NAME>	someone	others		* grins at *.	(?i)^(.+?)\s+grins\s+at\s+(.+?)\.$	
GRIN	GRIN <T-NAME>	someone	target		* grins at you.	(?i)^(.+?)\s+grins\s+at\s+you\.$	
GRIN	GRIN SELF	self	you		You grin at yourself. You must be getting very bad thoughts.	(?i)^You\s+grin\s+at\s+yourself\.\s+You\s+must\s+be\s+getting\s+very\s+bad\s+thoughts\.$	GRIN <T-NAME>
GRIN	GRIN SELF	self	others		* grins at *. You must wonder what's in * mind.	(?i)^(.+?)\s+grins\s+at\s+(\S+)\.\s+You\s+must\s+wonder\s+what's\s+in\s+(\S+)\s+mind\.$	GRIN <T-NAME>
GROAN	GROAN	alone	you	groan.wav	You groan loudly.	(?i)^You\s+groan\s+loudly\.$	
GROAN	GROAN	alone	others	groan.wav	* groans loudly.	(?i)^(.+?)\s+groans\s+loudly\.$	
GROAN	GROAN <T-NAME>	someone	you	groan.wav	You groan at the sight of *.	(?i)^You\s+groan\s+at\s+the\s+sight\s+of\s+(\S+)\.$	
GROAN	GROAN <T-NAME>	someone	others	groan.wav	* groans at the sight of *.	(?i)^(.+?)\s+groans\s+at\s+the\s+sight\s+of\s+(.+?)\.$	
GROAN	GROAN <T-NAME>	someone	target	groan.wav	* groans at the sight of you.	(?i)^(.+?)\s+groans\s+at\s+the\s+sight\s+of\s+you\.$	
GROAN	GROAN <T-NAME>	someone	fail	groan.wav	You see no reason to groan.	(?i)^You\s+see\s+no\s+reason\s+to\s+groan\.$	
GROAN	GROAN SELF	self	you	groan.wav	You groan as you realize what you have done.	(?i)^You\s+groan\s+as\s+you\s+realize\s+what\s+you\s+have\s+done\.$	
GROAN	GROAN SELF	self	others	groan.wav	* groans as * realizes what * has done.	(?i)^(.+?)\s+groans\s+as\s+(\S+)\s+realizes\s+what\s+(\S+)\s+has\s+done\.$	
GROPE	GROPE	alone	you		Whom do you wish to grope ??	(?i)^Whom\s+do\s+you\s+wish\s+to\s+grope\s+\?\?$	
GROPE	GROPE <T-NAME>	someone	you		Well, what sort of noise do you expect here?	(?i)^Well,\s+what\s+sort\s+of\s+noise\s+do\s+you\s+expect\s+here\?$	
GROPE	GROPE <T-NAME>	someone	others		* gropes *.	(?i)^(.+?)\s+gropes\s+(.+?)\.$	
GROPE	GROPE <T-NAME>	someone	target		* gropes you.	(?i)^(.+?)\s+gropes\s+you\.$	
GROPE	GROPE <T-NAME>	someone	fail		Try someone who's here.	(?i)^Try\s+someone\s+who's\s+here\.$	
GROPE	GROPE SELF	self	you		You grope yourself - YUCK.	(?i)^You\s+grope\s+yourself\s+\-\s+YUCK\.$	
GROPE	GROPE SELF	self	others		* gropes * - YUCK.	(?i)^(.+?)\s+gropes\s+(\S+)\s+\-\s+YUCK\.$	GROPE <T-NAME>
GROUPHUG	GROUPHUG	alone	you		You pull everyone into a HUGE group hug. Snuggly!	(?i)^You\s+pull\s+everyone\s+into\s+a\s+HUGE\s+group\s+hug\.\s+Snuggly!$	
GROUPHUG	GROUPHUG	alone	others		* pulls you into a HUGE group hug! Awwww.	(?i)^(.+?)\s+pulls\s+you\s+into\s+a\s+HUGE\s+group\s+hug!\s+Awwww\.$	
GROVEL	GROVEL	alone	you		You grovel in the dirt.	(?i)^You\s+grovel\s+in\s+the\s+dirt\.$	
GROVEL	GROVEL	alone	others		* grovels in the dirt.	(?i)^(.+?)\s+grovels\s+in\s+the\s+dirt\.$	
GROVEL	GROVEL <T-NAME>	someone	you		You grovel before *	(?i)^You\s+grovel\s+before\s+(\S+)$	
GROVEL	GROVEL <T-NAME>	someone	others		* grovels in the dirt before *.	(?i)^(.+?)\s+grovels\s+in\s+the\s+dirt\s+before\s+(.+?)\.$	
GROVEL	GROVEL <T-NAME>	someone	target		* grovels in the dirt before you.	(?i)^(.+?)\s+grovels\s+in\s+the\s+dirt\s+before\s+you\.$	
GROVEL	GROVEL <T-NAME>	someone	fail		Who?	(?i)^Who\?$	LOL <T-NAME>; NUDGE <T-NAME>; SNUGGLE; SWOON <T-NAME>
GROVEL	GROVEL SELF	self	you		That seems a little silly to me.	(?i)^That\s+seems\s+a\s+little\s+silly\s+to\s+me\.$	
GROWL	GROWL	alone	you	growl.wav	Grrrrrrrrrr...	(?i)^Grrrrrrrrrr\.\.\.$	
GROWL	GROWL	alone	others	growl.wav	* growls.	(?i)^(.+?)\s+growls\.$	
GROWL	GROWL <T-NAME>	someone	you	growl.wav	Grrrrrrrrrr....take that, *!!!	(?i)^Grrrrrrrrrr\.\.\.\.take\s+that,\s+(.+?)!!!$	
GROWL	GROWL <T-NAME>	someone	others	growl.wav	* growls at *. Better leave the room before the fighting starts.	(?i)^(.+?)\s+growls\s+at\s+(.+?)\.\s+Better\s+leave\s+the\s+room\s+before\s+the\s+fighting\s+starts\.$	
GROWL	GROWL <T-NAME>	someone	target	growl.wav	* growls at you. Hey, two can play it that way!	(?i)^(.+?)\s+growls\s+at\s+you\.\s+Hey,\s+two\s+can\s+play\s+it\s+that\s+way!$	
GROWL	GROWL <T-NAME>	someone	fail	growl.wav	No one can see you growl that far.	(?i)^No\s+one\s+can\s+see\s+you\s+growl\s+that\s+far\.$	
GROWL	GROWL SELF	self	you	growl.wav	You growl at yourself. Boy, do you feel bitter!	(?i)^You\s+growl\s+at\s+yourself\.\s+Boy,\s+do\s+you\s+feel\s+bitter!$	
GROWL	GROWL SELF	self	others	growl.wav	* growls at *. This could get interesting...	(?i)^(.+?)\s+growls\s+at\s+(\S+)\.\s+This\s+could\s+get\s+interesting\.\.\.$	
GRUMBLE	GRUMBLE	alone	you		You grumble distractedly to yourself.	(?i)^You\s+grumble\s+distractedly\s+to\s+yourself\.$	
GRUMBLE	GRUMBLE	alone	others		* grumbles and growls. You wonder what's wrong...	(?i)^(.+?)\s+grumbles\s+and\s+growls\.\s+You\s+wonder\s+what's\s+wrong\.\.\.$	
GRUMBLE	GRUMBLE <T-NAME>	someone	you		You grumble at *, disgusted with their presence.	(?i)^You\s+grumble\s+at\s+(.+?),\s+disgusted\s+with\s+their\s+presence\.$	
GRUMBLE	GRUMBLE <T-NAME>	someone	others		* seems to be a grumpy bear... * is grumbling at poor *.	(?i)^(.+?)\s+seems\s+to\s+be\s+a\s+grumpy\s+bear\.\.\.\s+(\S+)\s+is\s+grumbling\s+at\s+poor\s+(.+?)\.$	
GRUMBLE	GRUMBLE <T-NAME>	someone	target		* is grumbling at you... what'd you do?	(?i)^(.+?)\s+is\s+grumbling\s+at\s+you\.\.\.\s+what'd\s+you\s+do\?$	
GRUMBLE	GRUMBLE <T-NAME>	someone	fail		That person is presently AWOL.	(?i)^That\s+person\s+is\s+presently\s+AWOL\.$	
GRUMBLE	GRUMBLE SELF	self	you		Why bother?	(?i)^Why\s+bother\?$	
GRUNT	GRUNT	alone	you		You grunt.	(?i)^You\s+grunt\.$	GRUNT <T-NAME>
GRUNT	GRUNT	alone	others		* grunts in acknowledgement.	(?i)^(.+?)\s+grunts\s+in\s+acknowledgement\.$	GRUNT <T-NAME>
GRUNT	GRUNT <T-NAME>	someone	you		You grunt at * in acknowledgement.	(?i)^You\s+grunt\s+at\s+(.+?)\s+in\s+acknowledgement\.$	
GRUNT	GRUNT <T-NAME>	someone	others		* grunts in acknowledgement.	(?i)^(.+?)\s+grunts\s+in\s+acknowledgement\.$	GRUNT
GRUNT	GRUNT <T-NAME>	someone	target		* grunts at you in acknowledgement.	(?i)^(.+?)\s+grunts\s+at\s+you\s+in\s+acknowledgement\.$	
GRUNT	GRUNT <T-NAME>	someone	fail		You Grunt.	(?i)^You\s+Grunt\.$	GRUNT
HAIL	HAIL <T-NAME>	someone	you		You toss some golfball-sized hail at *!	(?i)^You\s+toss\s+some\s+golfball\-sized\s+hail\s+at\s+(.+?)!$	
HAIL	HAIL <T-NAME>	someone	others		* tosses some golfball-sized hail at *. Ouch, that`s gotta hurt!	(?i)^(.+?)\s+tosses\s+some\s+golfball\-sized\s+hail\s+at\s+(.+?)\.\s+Ouch,\s+that`s\s+gotta\s+hurt!$	
HAIL	HAIL <T-NAME>	someone	target		* tosses some golfball-sized hail at you. Ouch!	(?i)^(.+?)\s+tosses\s+some\s+golfball\-sized\s+hail\s+at\s+you\.\s+Ouch!$	
HAIL	HAIL <T-NAME>	someone	fail		Throw hail at who?	(?i)^Throw\s+hail\s+at\s+who\?$	
HAIR	HAIR	alone	you		You attempt to blow the hair out of your eyes.	(?i)^You\s+attempt\s+to\s+blow\s+the\s+hair\s+out\s+of\s+your\s+eyes\.$	
HAIR	HAIR	alone	others		* puffs * cheeks out and blows a mighty puff of air.	(?i)^(.+?)\s+puffs\s+(\S+)\s+cheeks\s+out\s+and\s+blows\s+a\s+mighty\s+puff\s+of\s+air\.$	
HAIR	HAIR <T-NAME>	someone	you		You gently brush *'s hair off * face.	(?i)^You\s+gently\s+brush\s+(.+?)'s\s+hair\s+off\s+(\S+)\s+face\.$	
HAIR	HAIR <T-NAME>	someone	others		* gently brushes the hair off *'s face.	(?i)^(.+?)\s+gently\s+brushes\s+the\s+hair\s+off\s+(.+?)'s\s+face\.$	
HAIR	HAIR <T-NAME>	someone	target		* gently brushes the hair out of your eyes.	(?i)^(.+?)\s+gently\s+brushes\s+the\s+hair\s+out\s+of\s+your\s+eyes\.$	
HAIR	HAIR <T-NAME>	someone	fail		Hello!!! They aren`t here.	(?i)^Hello!!!\s+They\s+aren`t\s+here\.$	
HAIR	HAIR SELF	self	you		You impatiently brush your hair from your face.	(?i)^You\s+impatiently\s+brush\s+your\s+hair\s+from\s+your\s+face\.$	
HAIR	HAIR SELF	self	others		* brushes * hair out of * face.	(?i)^(.+?)\s+brushes\s+(\S+)\s+hair\s+out\s+of\s+(\S+)\s+face\.$	
HAND	HAND	alone	you		Kiss whose hand?	(?i)^Kiss\s+whose\s+hand\?$	
HAND	HAND <T-NAME>	someone	you		You kiss * hand.	(?i)^You\s+kiss\s+(\S+)\s+hand\.$	
HAND	HAND <T-NAME>	someone	others		* kisses *'s hand. How continental!	(?i)^(.+?)\s+kisses\s+(.+?)'s\s+hand\.\s+How\s+continental!$	
HAND	HAND <T-NAME>	someone	target		* kisses your hand. How continental!	(?i)^(.+?)\s+kisses\s+your\s+hand\.\s+How\s+continental!$	
HAND	HAND <T-NAME>	someone	fail		You can't find a lady in THIS group.	(?i)^You\s+can't\s+find\s+a\s+lady\s+in\s+THIS\s+group\.$	
HAND	HAND SELF	self	you		You kiss your own hand.	(?i)^You\s+kiss\s+your\s+own\s+hand\.$	
HAND	HAND SELF	self	others		* kisses * own hand.	(?i)^(.+?)\s+kisses\s+(\S+)\s+own\s+hand\.$	KISS <T-NAME>
HANDSHAKE	HANDSHAKE	alone	you		You grin brightly, and shake hands with everyone in the room.	(?i)^You\s+grin\s+brightly,\s+and\s+shake\s+hands\s+with\s+everyone\s+in\s+the\s+room\.$	HSHAKE
HANDSHAKE	HANDSHAKE	alone	others		* grins brightly, and shakes hands with everyone in the room.	(?i)^(.+?)\s+grins\s+brightly,\s+and\s+shakes\s+hands\s+with\s+everyone\s+in\s+the\s+room\.$	HSHAKE
HANDSHAKE	HANDSHAKE <T-NAME>	someone	you		You shake *'s hand.	(?i)^You\s+shake\s+(.+?)'s\s+hand\.$	
HANDSHAKE	HANDSHAKE <T-NAME>	someone	others		* shakes *'s hand.	(?i)^(.+?)\s+shakes\s+(.+?)'s\s+hand\.$	
HANDSHAKE	HANDSHAKE <T-NAME>	someone	target		* shakes your hand.	(?i)^(.+?)\s+shakes\s+your\s+hand\.$	HSHAKE <T-NAME>
HATTACK	HATTACK	alone	you		You clutch your chest and stumble around the room bumping into everything and everyone. You yell at the top of your lungs, "This is the big one! I`m coming Elizabeth!"	(?i)^You\s+clutch\s+your\s+chest\s+and\s+stumble\s+around\s+the\s+room\s+bumping\s+into\s+everything\s+and\s+everyone\.\s+You\s+yell\s+at\s+the\s+top\s+of\s+your\s+lungs,\s+"This\s+is\s+the\s+big\s+one!\s+I`m\s+coming\s+Elizabeth!"$	
HATTACK	HATTACK	alone	others		* clutches * chest and stumbles around the room bumping into everything and everyone. * yells at the top of * lungs, "This is the big one! I`m coming Elizabath!"	(?i)^(.+?)\s+clutches\s+(\S+)\s+chest\s+and\s+stumbles\s+around\s+the\s+room\s+bumping\s+into\s+everything\s+and\s+everyone\.\s+(\S+)\s+yells\s+at\s+the\s+top\s+of\s+(\S+)\s+lungs,\s+"This\s+is\s+the\s+big\s+one!\s+I`m\s+coming\s+Elizabath!"$	
HEAD	HEAD	alone	you		You toss your head haughtily.	(?i)^You\s+toss\s+your\s+head\s+haughtily\.$	
HEAD	HEAD	alone	others		* tosses * head haughtily.	(?i)^(.+?)\s+tosses\s+(\S+)\s+head\s+haughtily\.$	
HEAD	HEAD <T-NAME>	someone	you		You toss your head haughtily at *.	(?i)^You\s+toss\s+your\s+head\s+haughtily\s+at\s+(.+?)\.$	
HEAD	HEAD <T-NAME>	someone	others		* tosses * head haughtily at *... what an ATTITUDE!	(?i)^(.+?)\s+tosses\s+(\S+)\s+head\s+haughtily\s+at\s+(.+?)\.\.\.\s+what\s+an\s+ATTITUDE!$	
HEAD	HEAD <T-NAME>	someone	target		* tossed * head haughtily at you... :(	(?i)^(.+?)\s+tossed\s+(\S+)\s+head\s+haughtily\s+at\s+you\.\.\.\s+:\($	
HEAD	HEAD <T-NAME>	someone	fail		That person is AWOL.	(?i)^That\s+person\s+is\s+AWOL\.$	
HEAD	HEAD SELF	self	you		Why would you do that?	(?i)^Why\s+would\s+you\s+do\s+that\?$	
HI	HI	alone	you		You wave hello.	(?i)^You\s+wave\s+hello\.$	
HI	HI	alone	others		* waves hello.	(?i)^(.+?)\s+waves\s+hello\.$	
HI	HI <T-NAME>	someone	you		You wave hello to *.	(?i)^You\s+wave\s+hello\s+to\s+(.+?)\.$	
HI	HI <T-NAME>	someone	others		* waves hello to *.	(?i)^(.+?)\s+waves\s+hello\s+to\s+(.+?)\.$	
HI	HI <T-NAME>	someone	target		* waves hello to you.	(?i)^(.+?)\s+waves\s+hello\s+to\s+you\.$	
HI	HI <T-NAME>	someone	fail		You wave hello to noone.	(?i)^You\s+wave\s+hello\s+to\s+noone\.$	
HI	HI SELF	self	you		You say hi to yourself.	(?i)^You\s+say\s+hi\s+to\s+yourself\.$	
HI	HI SELF	self	others		* says hello to *.	(?i)^(.+?)\s+says\s+hello\s+to\s+(\S+)\.$	
HICCUP	HICCUP	alone	you	hiccup.wav	*HIC*	(?i)^\*HIC\*$	
HICCUP	HICCUP	alone	others	hiccup.wav	* hiccups.	(?i)^(.+?)\s+hiccups\.$	
HIGHFIVE	HIGHFIVE	alone	you		You jump in the air and give a BIG high five to...umm...absolutely nothing.	(?i)^You\s+jump\s+in\s+the\s+air\s+and\s+give\s+a\s+BIG\s+high\s+five\s+to\.\.\.umm\.\.\.absolutely\s+nothing\.$	
HIGHFIVE	HIGHFIVE	alone	others		* wildly high fives the air, looking very foolish -- very foolish indeed.	(?i)^(.+?)\s+wildly\s+high\s+fives\s+the\s+air,\s+looking\s+very\s+foolish\s+\-\-\s+very\s+foolish\s+indeed\.$	
HIGHFIVE	HIGHFIVE <T-NAME>	someone	you		You jump in the air and give a BIG high five to *!	(?i)^You\s+jump\s+in\s+the\s+air\s+and\s+give\s+a\s+BIG\s+high\s+five\s+to\s+(.+?)!$	
HIGHFIVE	HIGHFIVE <T-NAME>	someone	others		* enthusiastically high-five's *!	(?i)^(.+?)\s+enthusiastically\s+high\-five's\s+(.+?)!$	
HIGHFIVE	HIGHFIVE <T-NAME>	someone	target		* gives you a BIG high five! Way to go!!	(?i)^(.+?)\s+gives\s+you\s+a\s+BIG\s+high\s+five!\s+Way\s+to\s+go!!$	
HIGHFIVE	HIGHFIVE <T-NAME>	someone	fail		Sorry, they have already left.	(?i)^Sorry,\s+they\s+have\s+already\s+left\.$	
HIGHFIVE	HIGHFIVE SELF	self	you		You try to give yourself a high five. What ARE you thinking?	(?i)^You\s+try\s+to\s+give\s+yourself\s+a\s+high\s+five\.\s+What\s+ARE\s+you\s+thinking\?$	
HIGHFIVE	HIGHFIVE SELF	self	others		* tries to high five *, but ends up looking foolish instead.	(?i)^(.+?)\s+tries\s+to\s+high\s+five\s+(\S+),\s+but\s+ends\s+up\s+looking\s+foolish\s+instead\.$	
HOMEWORK	HOMEWORK	alone	you		You suddenly remember that you have to defend your thesis today...	(?i)^You\s+suddenly\s+remember\s+that\s+you\s+have\s+to\s+defend\s+your\s+thesis\s+today\.\.\.$	
HOMEWORK	HOMEWORK	alone	others		* looks stricken. Could * have blown off some important homework?	(?i)^(.+?)\s+looks\s+stricken\.\s+Could\s+(\S+)\s+have\s+blown\s+off\s+some\s+important\s+homework\?$	
HOMEWORK	HOMEWORK <T-NAME>	someone	you		You bring out a textbook and slowly advance towards *.	(?i)^You\s+bring\s+out\s+a\s+textbook\s+and\s+slowly\s+advance\s+towards\s+(.+?)\.$	
HOMEWORK	HOMEWORK <T-NAME>	someone	others		* grabs * textbook and slowly advances towards *.	(?i)^(.+?)\s+grabs\s+(\S+)\s+textbook\s+and\s+slowly\s+advances\s+towards\s+(.+?)\.$	
HOMEWORK	HOMEWORK <T-NAME>	someone	target		* grabs their textbook and slowly advances towards you.	(?i)^(.+?)\s+grabs\s+their\s+textbook\s+and\s+slowly\s+advances\s+towards\s+you\.$	
HOMEWORK	HOMEWORK <T-NAME>	someone	fail		But I brought my own pencil!	(?i)^But\s+I\s+brought\s+my\s+own\s+pencil!$	
HOMEWORK	HOMEWORK SELF	self	you		You bring out a textbook and get to work.	(?i)^You\s+bring\s+out\s+a\s+textbook\s+and\s+get\s+to\s+work\.$	
HOMEWORK	HOMEWORK SELF	self	others		* pulls out * textbook and gets to work.	(?i)^(.+?)\s+pulls\s+out\s+(\S+)\s+textbook\s+and\s+gets\s+to\s+work\.$	
HOP	HOP	alone	you		You hop around like a little kid.	(?i)^You\s+hop\s+around\s+like\s+a\s+little\s+kid\.$	
HOP	HOP	alone	others		* hops around like a little kid.	(?i)^(.+?)\s+hops\s+around\s+like\s+a\s+little\s+kid\.$	
HOT	HOT	alone	you		You feel rather hot.	(?i)^You\s+feel\s+rather\s+hot\.$	
HOT	HOT	alone	others		* looks like * feels rather hot.	(?i)^(.+?)\s+looks\s+like\s+(\S+)\s+feels\s+rather\s+hot\.$	
HOT	HOT <T-NAME>	someone	you		You eye * up and down. * is HOT.	(?i)^You\s+eye\s+(.+?)\s+up\s+and\s+down\.\s+(\S+)\s+is\s+HOT\.$	
HOT	HOT <T-NAME>	someone	others		* eyes * up and down. * clearly thinks * is HOT.	(?i)^(.+?)\s+eyes\s+(.+?)\s+up\s+and\s+down\.\s+(.+?)\s+clearly\s+thinks\s+(\S+)\s+is\s+HOT\.$	
HOT	HOT <T-NAME>	someone	target		* eyes you up and down. * thinks you`re HOT.	(?i)^(.+?)\s+eyes\s+you\s+up\s+and\s+down\.\s+(\S+)\s+thinks\s+you`re\s+HOT\.$	
HOT	HOT <T-NAME>	someone	fail		Hot who?	(?i)^Hot\s+who\?$	
HOWL	HOWL	alone	you	howl.wav	You howl at the moon.	(?i)^You\s+howl\s+at\s+the\s+moon\.$	
HOWL	HOWL	alone	others	howl.wav	* howls at the moon.	(?i)^(.+?)\s+howls\s+at\s+the\s+moon\.$	HOWL <T-NAME>
HOWL	HOWL <T-NAME>	someone	you	howl.wav	You howl soulfully at *.	(?i)^You\s+howl\s+soulfully\s+at\s+(.+?)\.$	
HOWL	HOWL <T-NAME>	someone	others	howl.wav	* howls at *.	(?i)^(.+?)\s+howls\s+at\s+(.+?)\.$	
HOWL	HOWL <T-NAME>	someone	target	howl.wav	* howls soulfully at you.	(?i)^(.+?)\s+howls\s+soulfully\s+at\s+you\.$	
HOWL	HOWL <T-NAME>	someone	fail	howl.wav	Who? What? Where?	(?i)^Who\?\s+What\?\s+Where\?$	
HSHAKE	HSHAKE	alone	you		You grin brightly, and shake hands with everyone in the room.	(?i)^You\s+grin\s+brightly,\s+and\s+shake\s+hands\s+with\s+everyone\s+in\s+the\s+room\.$	HANDSHAKE
HSHAKE	HSHAKE	alone	others		* grins brightly, and shakes hands with everyone in the room.	(?i)^(.+?)\s+grins\s+brightly,\s+and\s+shakes\s+hands\s+with\s+everyone\s+in\s+the\s+room\.$	HANDSHAKE
HSHAKE	HSHAKE <T-NAME>	someone	you		You shake *`s hand.	(?i)^You\s+shake\s+(.+?)`s\s+hand\.$	
HSHAKE	HSHAKE <T-NAME>	someone	others		* shakes *`s hand.	(?i)^(.+?)\s+shakes\s+(.+?)`s\s+hand\.$	
HSHAKE	HSHAKE <T-NAME>	someone	target		* shakes your hand.	(?i)^(.+?)\s+shakes\s+your\s+hand\.$	HANDSHAKE <T-NAME>
HSHAKE	HSHAKE <T-NAME>	someone	fail		You would shake hands with someone if you could find them.	(?i)^You\s+would\s+shake\s+hands\s+with\s+someone\s+if\s+you\s+could\s+find\s+them\.$	
HUG	HUG	alone	you		Hug who?	(?i)^Hug\s+who\?$	
HUG	HUG <T-NAME>	someone	you		You hug *.	(?i)^You\s+hug\s+(\S+)\.$	
HUG	HUG <T-NAME>	someone	others		* hugs *.	(?i)^(.+?)\s+hugs\s+(.+?)\.$	
HUG	HUG <T-NAME>	someone	target		* hugs you.	(?i)^(.+?)\s+hugs\s+you\.$	
HUG	HUG <T-NAME>	someone	fail		Sorry, friend, I can't see that person here.	(?i)^Sorry,\s+friend,\s+I\s+can't\s+see\s+that\s+person\s+here\.$	MAKE <T-NAME>; MATE <T-NAME>; POUND <T-NAME>; SUPPORT <T-NAME>; TIGHT <T-NAME>; WHIP <T-NAME>; WRESTLE <T-NAME>; WRIST <T-NAME>
HUG	HUG SELF	self	you		You hug yourself.	(?i)^You\s+hug\s+yourself\.$	HUG <T-NAME>
HUG	HUG SELF	self	others		* hugs * in a vain attempt to get friendship.	(?i)^(.+?)\s+hugs\s+(\S+)\s+in\s+a\s+vain\s+attempt\s+to\s+get\s+friendship\.$	HUG <T-NAME>
HUSH	HUSH	alone	you		SHHHHHHHHHHHHHHHHHHHHHH	(?i)^SHHHHHHHHHHHHHHHHHHHHHH$	
HUSH	HUSH	alone	others		* requests everyone quiet down. Shhhhhhhhhhh...	(?i)^(.+?)\s+requests\s+everyone\s+quiet\s+down\.\s+Shhhhhhhhhhh\.\.\.$	
HUSH	HUSH <T-NAME>	someone	you		You nicely ask * to be more quiet.	(?i)^You\s+nicely\s+ask\s+(.+?)\s+to\s+be\s+more\s+quiet\.$	
HUSH	HUSH <T-NAME>	someone	others		* nicely asks * to be more quiet.	(?i)^(.+?)\s+nicely\s+asks\s+(.+?)\s+to\s+be\s+more\s+quiet\.$	
HUSH	HUSH <T-NAME>	someone	target		* kindly requests that you please quiet down.	(?i)^(.+?)\s+kindly\s+requests\s+that\s+you\s+please\s+quiet\s+down\.$	
HUSH	HUSH <T-NAME>	someone	fail		Who needs to be silenced?	(?i)^Who\s+needs\s+to\s+be\s+silenced\?$	
HUSH	HUSH SELF	self	you		You realize you are loud and obnoxious and try to silence yourself.	(?i)^You\s+realize\s+you\s+are\s+loud\s+and\s+obnoxious\s+and\s+try\s+to\s+silence\s+yourself\.$	
HUSH	HUSH SELF	self	others		* covers * mouth in an attempt to silence *.	(?i)^(.+?)\s+covers\s+(\S+)\s+mouth\s+in\s+an\s+attempt\s+to\s+silence\s+(\S+)\.$	
INNOCENT	INNOCENT	alone	you		You innocently whistle a tune.	(?i)^You\s+innocently\s+whistle\s+a\s+tune\.$	
INNOCENT	INNOCENT	alone	others		* looks around and whistles innocently.	(?i)^(.+?)\s+looks\s+around\s+and\s+whistles\s+innocently\.$	
INNOCENT	INNOCENT <T-NAME>	someone	you		You look at * and bat your eyelashes -- the picture of innocence!	(?i)^You\s+look\s+at\s+(.+?)\s+and\s+bat\s+your\s+eyelashes\s+\-\-\s+the\s+picture\s+of\s+innocence!$	
INNOCENT	INNOCENT <T-NAME>	someone	others		* bats * eyelashes innocently at *.	(?i)^(.+?)\s+bats\s+(\S+)\s+eyelashes\s+innocently\s+at\s+(.+?)\.$	
INNOCENT	INNOCENT <T-NAME>	someone	target		* looks at you and innocently bats * eyelashes.	(?i)^(.+?)\s+looks\s+at\s+you\s+and\s+innocently\s+bats\s+(\S+)\s+eyelashes\.$	
INNOCENT	INNOCENT <T-NAME>	someone	fail		Don't even TRY -- they've already left.	(?i)^Don't\s+even\s+TRY\s+\-\-\s+they've\s+already\s+left\.$	
INSANE	INSANE	alone	you		You feel your sanity slipping away...	(?i)^You\s+feel\s+your\s+sanity\s+slipping\s+away\.\.\.$	
INSANE	INSANE	alone	others		Before your eyes, *'s sanity is slipping away...	(?i)^Before\s+your\s+eyes,\s+(.+?)'s\s+sanity\s+is\s+slipping\s+away\.\.\.$	
INSANE	INSANE <T-NAME>	someone	you		Why is * looking at me like that?	(?i)^Why\s+is\s+(.+?)\s+looking\s+at\s+me\s+like\s+that\?$	
INSANE	INSANE <T-NAME>	someone	others		* looks at * with crazy eyes.	(?i)^(.+?)\s+looks\s+at\s+(.+?)\s+with\s+crazy\s+eyes\.$	
INSANE	INSANE <T-NAME>	someone	target		* looks at you with crazy eyes.	(?i)^(.+?)\s+looks\s+at\s+you\s+with\s+crazy\s+eyes\.$	
INSANE	INSANE <T-NAME>	someone	fail		Insane who? Were they even here to begin with?	(?i)^Insane\s+who\?\s+Were\s+they\s+even\s+here\s+to\s+begin\s+with\?$	
JIG	JIG	alone	you		You do a little jig.	(?i)^You\s+do\s+a\s+little\s+jig\.$	
JIG	JIG	alone	others		* does a little jig.	(?i)^(.+?)\s+does\s+a\s+little\s+jig\.$	
JIG	JIG <T-NAME>	someone	you		You grab * and do a little jig.	(?i)^You\s+grab\s+(.+?)\s+and\s+do\s+a\s+little\s+jig\.$	
JIG	JIG <T-NAME>	someone	others		* grabs * and does a little jig.	(?i)^(.+?)\s+grabs\s+(.+?)\s+and\s+does\s+a\s+little\s+jig\.$	JIG
JIG	JIG <T-NAME>	someone	target		* does a jig with you.	(?i)^(.+?)\s+does\s+a\s+jig\s+with\s+you\.$	
JIG	JIG <T-NAME>	someone	fail		Jig with who?	(?i)^Jig\s+with\s+who\?$	
JUDGE	JUDGE	alone	you		Yes, but who?	(?i)^Yes,\s+but\s+who\?$	CRITICIZE
JUDGE	JUDGE <T-NAME>	someone	you		You judge * on a scale of 1 to 10.	(?i)^You\s+judge\s+(\S+)\s+on\s+a\s+scale\s+of\s+1\s+to\s+10\.$	
JUDGE	JUDGE <T-NAME>	someone	others		On a scale from 1 to 10, * thinks * is a complete ZERO!!!	(?i)^On\s+a\s+scale\s+from\s+1\s+to\s+10,\s+(.+?)\s+thinks\s+(.+?)\s+is\s+a\s+complete\s+ZERO!!!$	
JUDGE	JUDGE <T-NAME>	someone	target		* judges your actions on a scale of 1 to 10 and comes up with ZERO!!!	(?i)^(.+?)\s+judges\s+your\s+actions\s+on\s+a\s+scale\s+of\s+1\s+to\s+10\s+and\s+comes\s+up\s+with\s+ZERO!!!$	
JUDGE	JUDGE <T-NAME>	someone	fail		They aren't here right now.	(?i)^They\s+aren't\s+here\s+right\s+now\.$	COVER <T-NAME>
JUDGE	JUDGE SELF	self	you		You don't REALLY want to do that.	(?i)^You\s+don't\s+REALLY\s+want\s+to\s+do\s+that\.$	
KISS	KISS	alone	you		Isn't there someone you want to kiss?	(?i)^Isn't\s+there\s+someone\s+you\s+want\s+to\s+kiss\?$	
KISS	KISS <T-NAME>	someone	you	kiss.wav	You kiss *.	(?i)^You\s+kiss\s+(\S+)\.$	
KISS	KISS <T-NAME>	someone	others	kiss.wav	* kisses *.	(?i)^(.+?)\s+kisses\s+(.+?)\.$	
KISS	KISS <T-NAME>	someone	target	kiss.wav	* kisses you.	(?i)^(.+?)\s+kisses\s+you\.$	
KISS	KISS <T-NAME>	someone	fail	kiss.wav	Never around when required.	(?i)^Never\s+around\s+when\s+required\.$	
KISS	KISS <T-NAME> NECK	someone	you		You kiss *'s neck.	(?i)^You\s+kiss\s+(.+?)'s\s+neck\.$	
KISS	KISS <T-NAME> NECK	someone	others		* kisses *'s neck.	(?i)^(.+?)\s+kisses\s+(.+?)'s\s+neck\.$	KISS <T-NAME>
KISS	KISS <T-NAME> NECK	someone	target		* kisses your neck.	(?i)^(.+?)\s+kisses\s+your\s+neck\.$	KISS <T-NAME>
KISS	KISS <T-NAME> NECK	someone	fail		Kiss who?	(?i)^Kiss\s+who\?$	KISS <T-NAME> PALM
KISS	KISS <T-NAME> PALM	someone	you		You romantically kiss the palm of *'s hand.	(?i)^You\s+romantically\s+kiss\s+the\s+palm\s+of\s+(.+?)'s\s+hand\.$	
KISS	KISS <T-NAME> PALM	someone	others		* kisses the palm of *'s hand. How romantic!	(?i)^(.+?)\s+kisses\s+the\s+palm\s+of\s+(.+?)'s\s+hand\.\s+How\s+romantic!$	
KISS	KISS <T-NAME> PALM	someone	target		* romantically kisses the palm of your hand.	(?i)^(.+?)\s+romantically\s+kisses\s+the\s+palm\s+of\s+your\s+hand\.$	KISS <T-NAME>
KISS	KISS <T-NAME> PALM	someone	fail		Kiss who?	(?i)^Kiss\s+who\?$	KISS <T-NAME> NECK
KISS	KISS SELF	self	you		All the lonely people :(	(?i)^All\s+the\s+lonely\s+people\s+:\($	
KNEE	KNEE	alone	you		You raise one knee, preparing to do justice...	(?i)^You\s+raise\s+one\s+knee,\s+preparing\s+to\s+do\s+justice\.\.\.$	
KNEE	KNEE	alone	others		* cocks one knee threateningly.	(?i)^(.+?)\s+cocks\s+one\s+knee\s+threateningly\.$	
KNEE	KNEE <T-NAME>	someone	you		You knee * hard in the groin.	(?i)^You\s+knee\s+(\S+)\s+hard\s+in\s+the\s+groin\.$	
KNEE	KNEE <T-NAME>	someone	others		* doubles over in pain as * knees * in the groin!	(?i)^(.+?)\s+doubles\s+over\s+in\s+pain\s+as\s+(.+?)\s+knees\s+(\S+)\s+in\s+the\s+groin!$	
KNEE	KNEE <T-NAME>	someone	target		* suddenly knees you in the groin! You fall to your knees in agony.	(?i)^(.+?)\s+suddenly\s+knees\s+you\s+in\s+the\s+groin!\s+You\s+fall\s+to\s+your\s+knees\s+in\s+agony\.$	
KNEE	KNEE <T-NAME>	someone	fail		Whom do you wish to render impotent?	(?i)^Whom\s+do\s+you\s+wish\s+to\s+render\s+impotent\?$	
KNEE	KNEE SELF	self	you		What ARE you thinking !?!??!?!?!?!	(?i)^What\s+ARE\s+you\s+thinking\s+!\?!\?\?!\?!\?!\?!$	
KNEEL	KNEEL	alone	you		You kneel.	(?i)^You\s+kneel\.$	
KNEEL	KNEEL	alone	others		* kneels.	(?i)^(.+?)\s+kneels\.$	
KNEEL	KNEEL <T-NAME>	someone	you		You kneel down before *.	(?i)^You\s+kneel\s+down\s+before\s+(.+?)\.$	
KNEEL	KNEEL <T-NAME>	someone	others		* kneels down in front of *.	(?i)^(.+?)\s+kneels\s+down\s+in\s+front\s+of\s+(.+?)\.$	
KNEEL	KNEEL <T-NAME>	someone	target		* kneels down in front of you.	(?i)^(.+?)\s+kneels\s+down\s+in\s+front\s+of\s+you\.$	
KNEEL	KNEEL <T-NAME>	someone	fail		Kneel who?	(?i)^Kneel\s+who\?$	
LACES	LACES	alone	you		Whose laces?	(?i)^Whose\s+laces\?$	LACES <T-NAME>
LACES	LACES <T-NAME>	someone	you		With the greatest of stealth, you tie * shoelaces together.	(?i)^With\s+the\s+greatest\s+of\s+stealth,\s+you\s+tie\s+(\S+)\s+shoelaces\s+together\.$	
LACES	LACES <T-NAME>	someone	others		* sneaks up to * and ties * shoelaces together.	(?i)^(.+?)\s+sneaks\s+up\s+to\s+(.+?)\s+and\s+ties\s+(\S+)\s+shoelaces\s+together\.$	
LACES	LACES <T-NAME>	someone	target		You try to take a step, and you hit the world facedown! Someone must have tied your shoelaces together!	(?i)^You\s+try\s+to\s+take\s+a\s+step,\s+and\s+you\s+hit\s+the\s+world\s+facedown!\s+Someone\s+must\s+have\s+tied\s+your\s+shoelaces\s+together!$	
LACES	LACES <T-NAME>	someone	fail		Whose laces?	(?i)^Whose\s+laces\?$	LACES
LACES	LACES SELF	self	you		You tie your own shoelaces together, try to walk, and promptly fall.	(?i)^You\s+tie\s+your\s+own\s+shoelaces\s+together,\s+try\s+to\s+walk,\s+and\s+promptly\s+fall\.$	
LACES	LACES SELF	self	others		* cleverly ties * own shoelaces together, tries to walk, and sprawls flat on the floor.	(?i)^(.+?)\s+cleverly\s+ties\s+(\S+)\s+own\s+shoelaces\s+together,\s+tries\s+to\s+walk,\s+and\s+sprawls\s+flat\s+on\s+the\s+floor\.$	
LAG	LAG	alone	you		Yes, yes.	(?i)^Yes,\s+yes\.$	
LAG	LAG	alone	others		* is m o v i n g v e ry sl o w l y ...	(?i)^(.+?)\s+is\s+m\s+o\s+v\s+i\s+n\s+g\s+v\s+e\s+ry\s+sl\s+o\s+w\s+l\s+y\s+\.\.\.$	
LAP	LAP <T-NAME>	someone	you		You wiggle your bottom into *'s lap.	(?i)^You\s+wiggle\s+your\s+bottom\s+into\s+(.+?)'s\s+lap\.$	
LAP	LAP <T-NAME>	someone	others		* settles deep into *'s lap.	(?i)^(.+?)\s+settles\s+deep\s+into\s+(.+?)'s\s+lap\.$	
LAP	LAP <T-NAME>	someone	target		* settles deep into your lap.	(?i)^(.+?)\s+settles\s+deep\s+into\s+your\s+lap\.$	
LAP	LAP <T-NAME>	someone	fail		I don`t think you really want to sit there. Look for a better spot.	(?i)^I\s+don`t\s+think\s+you\s+really\s+want\s+to\s+sit\s+there\.\s+Look\s+for\s+a\s+better\s+spot\.$	
LAPDANCE	LAPDANCE <T-NAME>	someone	you		You crawl on to *`s lap and grind away in a lapdance.	(?i)^You\s+crawl\s+on\s+to\s+(.+?)`s\s+lap\s+and\s+grind\s+away\s+in\s+a\s+lapdance\.$	
LAPDANCE	LAPDANCE <T-NAME>	someone	others		* crawls onto *`s lap and gives * a sensuous lapdance.	(?i)^(.+?)\s+crawls\s+onto\s+(.+?)`s\s+lap\s+and\s+gives\s+(\S+)\s+a\s+sensuous\s+lapdance\.$	
LAPDANCE	LAPDANCE <T-NAME>	someone	target		* crawls onto your lap and grinds away in a sensuous lapdance.	(?i)^(.+?)\s+crawls\s+onto\s+your\s+lap\s+and\s+grinds\s+away\s+in\s+a\s+sensuous\s+lapdance\.$	
LAPDANCE	LAPDANCE <T-NAME>	someone	fail		Lapdance who?	(?i)^Lapdance\s+who\?$	
LAUGH	LAUGH	alone	you	laugh.wav	You laugh.	(?i)^You\s+laugh\.$	
LAUGH	LAUGH	alone	others	laugh.wav	* laughs.	(?i)^(.+?)\s+laughs\.$	
LAUGH	LAUGH <T-NAME>	someone	you	laugh.wav	You laugh at *.	(?i)^You\s+laugh\s+at\s+(.+?)\.$	
LAUGH	LAUGH <T-NAME>	someone	others	laugh.wav	* laughs at *.	(?i)^(.+?)\s+laughs\s+at\s+(.+?)\.$	LAUGH SELF
LAUGH	LAUGH <T-NAME>	someone	target	laugh.wav	* laughs at you.	(?i)^(.+?)\s+laughs\s+at\s+you\.$	LAUGH SELF
LAUGH	LAUGH <T-NAME>	someone	fail	laugh.wav	You can`t find the butt of your joke.	(?i)^You\s+can`t\s+find\s+the\s+butt\s+of\s+your\s+joke\.$	
LAUGH	LAUGH SELF	self	you	laugh.wav	You laugh at yourself.	(?i)^You\s+laugh\s+at\s+yourself\.$	LAUGH <T-NAME>
LAUGH	LAUGH SELF	self	others	laugh.wav	* laughs at *.	(?i)^(.+?)\s+laughs\s+at\s+(\S+)\.$	LAUGH <T-NAME>
LBITE	LBITE	alone	you		Who do you want to give love bites?	(?i)^Who\s+do\s+you\s+want\s+to\s+give\s+love\s+bites\?$	
LBITE	LBITE <T-NAME>	someone	you		You bite * softly.	(?i)^You\s+bite\s+(.+?)\s+softly\.$	
LBITE	LBITE <T-NAME>	someone	others		* gives * a love bite.	(?i)^(.+?)\s+gives\s+(.+?)\s+a\s+love\s+bite\.$	
LBITE	LBITE <T-NAME>	someone	target		* gives you a love bite.	(?i)^(.+?)\s+gives\s+you\s+a\s+love\s+bite\.$	
LBITE	LBITE <T-NAME>	someone	fail		They don`t want your love!	(?i)^They\s+don`t\s+want\s+your\s+love!$	
LEAN	LEAN	alone	you		You look around for something to lean on.	(?i)^You\s+look\s+around\s+for\s+something\s+to\s+lean\s+on\.$	
LEAN	LEAN	alone	others		* looks around for something to lean on.	(?i)^(.+?)\s+looks\s+around\s+for\s+something\s+to\s+lean\s+on\.$	
LEAN	LEAN <T-NAME>	someone	you		You lean on *.	(?i)^You\s+lean\s+on\s+(\S+)\.$	
LEAN	LEAN <T-NAME>	someone	others		* leans on *.	(?i)^(.+?)\s+leans\s+on\s+(.+?)\.$	
LEAN	LEAN <T-NAME>	someone	target		* leans on you.	(?i)^(.+?)\s+leans\s+on\s+you\.$	
LEAN	LEAN <T-NAME>	someone	fail		You can`t lean on something when it`s not here.	(?i)^You\s+can`t\s+lean\s+on\s+something\s+when\s+it`s\s+not\s+here\.$	
LEAN	LEAN SELF	self	you		You try to lean on yourself. How will that work?	(?i)^You\s+try\s+to\s+lean\s+on\s+yourself\.\s+How\s+will\s+that\s+work\?$	
LEAN	LEAN SELF	self	others		* tries to lean on * and fails miserably.	(?i)^(.+?)\s+tries\s+to\s+lean\s+on\s+(\S+)\s+and\s+fails\s+miserably\.$	
LEER	LEER	alone	you		You peer around the room, leering like the pervert you are!	(?i)^You\s+peer\s+around\s+the\s+room,\s+leering\s+like\s+the\s+pervert\s+you\s+are!$	
LEER	LEER	alone	others		* peers about, leering like a filthy pervert!	(?i)^(.+?)\s+peers\s+about,\s+leering\s+like\s+a\s+filthy\s+pervert!$	
LEER	LEER <T-NAME>	someone	you		You leer at * like the pervert you are.	(?i)^You\s+leer\s+at\s+(.+?)\s+like\s+the\s+pervert\s+you\s+are\.$	
LEER	LEER <T-NAME>	someone	others		* eyes * up and down, leering like a filthy pervert!	(?i)^(.+?)\s+eyes\s+(.+?)\s+up\s+and\s+down,\s+leering\s+like\s+a\s+filthy\s+pervert!$	
LEER	LEER <T-NAME>	someone	target		* eyes you up and down, leering like a filthy pervert!	(?i)^(.+?)\s+eyes\s+you\s+up\s+and\s+down,\s+leering\s+like\s+a\s+filthy\s+pervert!$	
LEER	LEER <T-NAME>	someone	fail		You'll have to settle for memories -- that person isn't here.	(?i)^You'll\s+have\s+to\s+settle\s+for\s+memories\s+\-\-\s+that\s+person\s+isn't\s+here\.$	
LEER	LEER SELF	self	you		Desperation has reached new heights, hasn't it?	(?i)^Desperation\s+has\s+reached\s+new\s+heights,\s+hasn't\s+it\?$	
LEER	LEER SELF	self	others		* leers at * shamelessly.	(?i)^(.+?)\s+leers\s+at\s+(\S+)\s+shamelessly\.$	
LICK	LICK	alone	you		You lick your lips and smile.	(?i)^You\s+lick\s+your\s+lips\s+and\s+smile\.$	LICK SELF
LICK	LICK	alone	others		* licks * lips and smiles.	(?i)^(.+?)\s+licks\s+(\S+)\s+lips\s+and\s+smiles\.$	SMILE
LICK	LICK <T-NAME>	someone	you		You lick *'s jawline.	(?i)^You\s+lick\s+(.+?)'s\s+jawline\.$	
LICK	LICK <T-NAME>	someone	others		* licks *'s jawline.	(?i)^(.+?)\s+licks\s+(.+?)'s\s+jawline\.$	
LICK	LICK <T-NAME>	someone	target		* licks your jawline.	(?i)^(.+?)\s+licks\s+your\s+jawline\.$	
LICK	LICK <T-NAME>	someone	fail		Lick away, that person is not here!!	(?i)^Lick\s+away,\s+that\s+person\s+is\s+not\s+here!!$	
LICK	LICK <T-NAME> CHEST	someone	you		You run your tongue over *'s chest.	(?i)^You\s+run\s+your\s+tongue\s+over\s+(.+?)'s\s+chest\.$	
LICK	LICK <T-NAME> CHEST	someone	others		* licks *'s chest.	(?i)^(.+?)\s+licks\s+(.+?)'s\s+chest\.$	
LICK	LICK <T-NAME> CHEST	someone	target		* runs * tongue over your chest.	(?i)^(.+?)\s+runs\s+(\S+)\s+tongue\s+over\s+your\s+chest\.$	
LICK	LICK <T-NAME> CHEST	someone	fail		Lick who?	(?i)^Lick\s+who\?$	LICK <T-NAME> LIPS; LICK <T-NAME> THIGH
LICK	LICK <T-NAME> LIPS	someone	you		You run your tongue along *'s lips.	(?i)^You\s+run\s+your\s+tongue\s+along\s+(.+?)'s\s+lips\.$	
LICK	LICK <T-NAME> LIPS	someone	others		* traces the outline of *'s lips with * tongue.	(?i)^(.+?)\s+traces\s+the\s+outline\s+of\s+(.+?)'s\s+lips\s+with\s+(\S+)\s+tongue\.$	
LICK	LICK <T-NAME> LIPS	someone	target		* traces the outlone of your lips with * tongue.	(?i)^(.+?)\s+traces\s+the\s+outlone\s+of\s+your\s+lips\s+with\s+(\S+)\s+tongue\.$	
LICK	LICK <T-NAME> LIPS	someone	fail		Lick who?	(?i)^Lick\s+who\?$	LICK <T-NAME> CHEST; LICK <T-NAME> THIGH
LICK	LICK <T-NAME> THIGH	someone	you		You run your tongue up *'s inner thigh.	(?i)^You\s+run\s+your\s+tongue\s+up\s+(.+?)'s\s+inner\s+thigh\.$	
LICK	LICK <T-NAME> THIGH	someone	others		* licks *'s inner thigh. Get a room!	(?i)^(.+?)\s+licks\s+(.+?)'s\s+inner\s+thigh\.\s+Get\s+a\s+room!$	
LICK	LICK <T-NAME> THIGH	someone	target		* runs * tongue up your inner thigh.	(?i)^(.+?)\s+runs\s+(\S+)\s+tongue\s+up\s+your\s+inner\s+thigh\.$	
LICK	LICK <T-NAME> THIGH	someone	fail		Lick who?	(?i)^Lick\s+who\?$	LICK <T-NAME> CHEST; LICK <T-NAME> LIPS
LICK	LICK SELF	self	you		You lick your lips and smile.	(?i)^You\s+lick\s+your\s+lips\s+and\s+smile\.$	LICK
LICK	LICK SELF	self	others		* licks * mouth and smiles.	(?i)^(.+?)\s+licks\s+(\S+)\s+mouth\s+and\s+smiles\.$	SMILE
LIFE	LIFE	alone	you		You try to get a life, and fail.	(?i)^You\s+try\s+to\s+get\s+a\s+life,\s+and\s+fail\.$	
LIFE	LIFE	alone	others		* tries to get a life, and fails.	(?i)^(.+?)\s+tries\s+to\s+get\s+a\s+life,\s+and\s+fails\.$	
LIFE	LIFE <T-NAME>	someone	you		* needs to get a life!	(?i)^(.+?)\s+needs\s+to\s+get\s+a\s+life!$	
LIFE	LIFE <T-NAME>	someone	others		* needs to get a life!	(?i)^(.+?)\s+needs\s+to\s+get\s+a\s+life!$	
LIFE	LIFE <T-NAME>	someone	target		You need to get a life!	(?i)^You\s+need\s+to\s+get\s+a\s+life!$	
LIFE	LIFE <T-NAME>	someone	fail		Who needs a life?	(?i)^Who\s+needs\s+a\s+life\?$	
LIFE	LIFE SELF	self	you		But you have none to give!	(?i)^But\s+you\s+have\s+none\s+to\s+give!$	
LIFE	LIFE SELF	self	others		* attempts to give * a life, but has none to spare.	(?i)^(.+?)\s+attempts\s+to\s+give\s+(\S+)\s+a\s+life,\s+but\s+has\s+none\s+to\s+spare\.$	
LIGHTBULB	LIGHTBULB	alone	you		*Ding!* Inspiration!	(?i)^\*Ding!\*\s+Inspiration!$	
LIGHTBULB	LIGHTBULB	alone	others		A light bulb appears above *'s head!	(?i)^A\s+light\s+bulb\s+appears\s+above\s+(.+?)'s\s+head!$	
LIPS	LIPS <T-NAME>	someone	you		You lick your lips as you look * up and down.	(?i)^You\s+lick\s+your\s+lips\s+as\s+you\s+look\s+(.+?)\s+up\s+and\s+down\.$	
LIPS	LIPS <T-NAME>	someone	others		* licks * lips as * looks * up and down.	(?i)^(.+?)\s+licks\s+(\S+)\s+lips\s+as\s+(\S+)\s+looks\s+(.+?)\s+up\s+and\s+down\.$	
LIPS	LIPS <T-NAME>	someone	target		* licks * lips looking you up and down.	(?i)^(.+?)\s+licks\s+(\S+)\s+lips\s+looking\s+you\s+up\s+and\s+down\.$	
LIPS	LIPS <T-NAME>	someone	fail		Lips who?	(?i)^Lips\s+who\?$	
LIVER	LIVER	alone	you		You look around agrily for someone to disembowel.	(?i)^You\s+look\s+around\s+agrily\s+for\s+someone\s+to\s+disembowel\.$	
LIVER	LIVER	alone	others		* looks around angrily for someone to disembowel.	(?i)^(.+?)\s+looks\s+around\s+angrily\s+for\s+someone\s+to\s+disembowel\.$	
LIVER	LIVER <T-NAME>	someone	you		You rip out * liver and eat it.	(?i)^You\s+rip\s+out\s+(\S+)\s+liver\s+and\s+eat\s+it\.$	
LIVER	LIVER <T-NAME>	someone	others		* rips out *'s liver and eats it.	(?i)^(.+?)\s+rips\s+out\s+(.+?)'s\s+liver\s+and\s+eats\s+it\.$	
LIVER	LIVER <T-NAME>	someone	target		* rips out your liver and eats it.	(?i)^(.+?)\s+rips\s+out\s+your\s+liver\s+and\s+eats\s+it\.$	
LIVER	LIVER <T-NAME>	someone	fail		The object of your wrath is absent.	(?i)^The\s+object\s+of\s+your\s+wrath\s+is\s+absent\.$	
LOL	LOL	alone	you		You laugh hysterically.	(?i)^You\s+laugh\s+hysterically\.$	
LOL	LOL	alone	others		* laughs hysterically.	(?i)^(.+?)\s+laughs\s+hysterically\.$	
LOL	LOL <T-NAME>	someone	you		You look at * and laugh hysterically.	(?i)^You\s+look\s+at\s+(.+?)\s+and\s+laugh\s+hysterically\.$	
LOL	LOL <T-NAME>	someone	others		* looks at * and laughs hysterically.	(?i)^(.+?)\s+looks\s+at\s+(.+?)\s+and\s+laughs\s+hysterically\.$	LOL
LOL	LOL <T-NAME>	someone	target		* looks at you and laughs hysterically.	(?i)^(.+?)\s+looks\s+at\s+you\s+and\s+laughs\s+hysterically\.$	LOL
LOL	LOL <T-NAME>	someone	fail		Who?	(?i)^Who\?$	GROVEL <T-NAME>; NUDGE <T-NAME>; SNUGGLE; SWOON <T-NAME>
LOL	LOL SELF	self	you		You laugh hysterically at your own stupidity.	(?i)^You\s+laugh\s+hysterically\s+at\s+your\s+own\s+stupidity\.$	
LOL	LOL SELF	self	others		* laughs hysterically at * own stupidity.	(?i)^(.+?)\s+laughs\s+hysterically\s+at\s+(\S+)\s+own\s+stupidity\.$	
LOVE	LOVE	alone	you		You love the whole world.	(?i)^You\s+love\s+the\s+whole\s+world\.$	
LOVE	LOVE	alone	others		* loves everybody in the world.	(?i)^(.+?)\s+loves\s+everybody\s+in\s+the\s+world\.$	
LOVE	LOVE <T-NAME>	someone	you		You tell your true feelings to *.	(?i)^You\s+tell\s+your\s+true\s+feelings\s+to\s+(.+?)\.$	
LOVE	LOVE <T-NAME>	someone	others		* whispers softly to *.	(?i)^(.+?)\s+whispers\s+softly\s+to\s+(.+?)\.$	
LOVE	LOVE <T-NAME>	someone	target		* whispers to you sweet words of love.	(?i)^(.+?)\s+whispers\s+to\s+you\s+sweet\s+words\s+of\s+love\.$	
LOVE	LOVE <T-NAME>	someone	fail		Alas, your love is not present...	(?i)^Alas,\s+your\s+love\s+is\s+not\s+present\.\.\.$	
LOVE	LOVE SELF	self	you		Well, we already know you love yourself (lucky someone does !)	(?i)^Well,\s+we\s+already\s+know\s+you\s+love\s+yourself\s+\(lucky\s+someone\s+does\s+!\)$	
LOVE	LOVE SELF	self	others		* loves *, can you believe it ?	(?i)^(.+?)\s+loves\s+(\S+),\s+can\s+you\s+believe\s+it\s+\?$	
LUST	LUST	alone	you		Your hormones begin to rage.	(?i)^Your\s+hormones\s+begin\s+to\s+rage\.$	
LUST	LUST	alone	others		* has that look of lust in * eyes --- Get away QUICK!	(?i)^(.+?)\s+has\s+that\s+look\s+of\s+lust\s+in\s+(\S+)\s+eyes\s+\-\-\-\s+Get\s+away\s+QUICK!$	
LUST	LUST <T-NAME>	someone	you		You seriously lust after *'s body.	(?i)^You\s+seriously\s+lust\s+after\s+(.+?)'s\s+body\.$	
LUST	LUST <T-NAME>	someone	others		* looks lustily at *.	(?i)^(.+?)\s+looks\s+lustily\s+at\s+(.+?)\.$	
LUST	LUST <T-NAME>	someone	target		* lusts after your delectable body.	(?i)^(.+?)\s+lusts\s+after\s+your\s+delectable\s+body\.$	
LUST	LUST <T-NAME>	someone	fail		Whom are you trying to lust after?	(?i)^Whom\s+are\s+you\s+trying\s+to\s+lust\s+after\?$	
LUST	LUST SELF	self	you		Oh, please! You aren't THAT great...	(?i)^Oh,\s+please!\s+You\s+aren't\s+THAT\s+great\.\.\.$	
LUST	LUST SELF	self	others		* lusts after *, lonely eh?	(?i)^(.+?)\s+lusts\s+after\s+(\S+),\s+lonely\s+eh\?$	
MAKE	MAKE	alone	you		You breathe heavily and wetly.	(?i)^You\s+breathe\s+heavily\s+and\s+wetly\.$	
MAKE	MAKE	alone	others		* breathes heavily and wetly.	(?i)^(.+?)\s+breathes\s+heavily\s+and\s+wetly\.$	
MAKE	MAKE <T-NAME>	someone	you		You steam up the windows with *.	(?i)^You\s+steam\s+up\s+the\s+windows\s+with\s+(\S+)\.$	
MAKE	MAKE <T-NAME>	someone	others		* and * start steaming up the windows.	(?i)^(.+?)\s+and\s+(.+?)\s+start\s+steaming\s+up\s+the\s+windows\.$	
MAKE	MAKE <T-NAME>	someone	target		* starts steaming up the windows with you.	(?i)^(.+?)\s+starts\s+steaming\s+up\s+the\s+windows\s+with\s+you\.$	
MAKE	MAKE <T-NAME>	someone	fail		Sorry, friend, I can't see that person here.	(?i)^Sorry,\s+friend,\s+I\s+can't\s+see\s+that\s+person\s+here\.$	HUG <T-NAME>; MATE <T-NAME>; POUND <T-NAME>; SUPPORT <T-NAME>; TIGHT <T-NAME>; WHIP <T-NAME>; WRESTLE <T-NAME>; WRIST <T-NAME>
MASSAGE	MASSAGE	alone	you		Massage what? Thin air?	(?i)^Massage\s+what\?\s+Thin\s+air\?$	
MASSAGE	MASSAGE <T-NAME>	someone	you		You gently massage *'s shoulders.	(?i)^You\s+gently\s+massage\s+(.+?)'s\s+shoulders\.$	
MASSAGE	MASSAGE <T-NAME>	someone	others		* massages *'s shoulders.	(?i)^(.+?)\s+massages\s+(.+?)'s\s+shoulders\.$	
MASSAGE	MASSAGE <T-NAME>	someone	target		* gently massages your shoulders - Ahhhhhhhhhh...	(?i)^(.+?)\s+gently\s+massages\s+your\s+shoulders\s+\-\s+Ahhhhhhhhhh\.\.\.$	
MASSAGE	MASSAGE <T-NAME>	someone	fail		You can only massage someone in the same room as you.	(?i)^You\s+can\s+only\s+massage\s+someone\s+in\s+the\s+same\s+room\s+as\s+you\.$	
MASSAGE	MASSAGE SELF	self	you		You practice yoga as you try to massage yourself.	(?i)^You\s+practice\s+yoga\s+as\s+you\s+try\s+to\s+massage\s+yourself\.$	
MASSAGE	MASSAGE SELF	self	others		* gives a show on yoga-positions, trying to massage *.	(?i)^(.+?)\s+gives\s+a\s+show\s+on\s+yoga\-positions,\s+trying\s+to\s+massage\s+(\S+)\.$	
MATE	MATE	alone	you		Umm, with yourself?	(?i)^Umm,\s+with\s+yourself\?$	
MATE	MATE <T-NAME>	someone	you		You make passionate love to *.	(?i)^You\s+make\s+passionate\s+love\s+to\s+(\S+)\.$	
MATE	MATE <T-NAME>	someone	others		* makes passionate love to *.	(?i)^(.+?)\s+makes\s+passionate\s+love\s+to\s+(.+?)\.$	
MATE	MATE <T-NAME>	someone	target		* makes passionate love to you.	(?i)^(.+?)\s+makes\s+passionate\s+love\s+to\s+you\.$	
MATE	MATE <T-NAME>	someone	fail		Sorry, friend, I can't see that person here.	(?i)^Sorry,\s+friend,\s+I\s+can't\s+see\s+that\s+person\s+here\.$	HUG <T-NAME>; MAKE <T-NAME>; POUND <T-NAME>; SUPPORT <T-NAME>; TIGHT <T-NAME>; WHIP <T-NAME>; WRESTLE <T-NAME>; WRIST <T-NAME>
MATE	MATE SELF	self	you		You make passionate love to yourself.	(?i)^You\s+make\s+passionate\s+love\s+to\s+yourself\.$	MATE <T-NAME>
MATE	MATE SELF	self	others		You don't want to know what * is doing right now.	(?i)^You\s+don't\s+want\s+to\s+know\s+what\s+(.+?)\s+is\s+doing\s+right\s+now\.$	
MEDITATE	MEDITATE	alone	you		You assume a very comfortable position and begin to meditate.	(?i)^You\s+assume\s+a\s+very\s+comfortable\s+position\s+and\s+begin\s+to\s+meditate\.$	
MEDITATE	MEDITATE	alone	others		* rests and begins to meditate... * chants softly to *.	(?i)^(.+?)\s+rests\s+and\s+begins\s+to\s+meditate\.\.\.\s+(\S+)\s+chants\s+softly\s+to\s+(\S+)\.$	
MISCHIEVOUS	MISCHIEVOUS	alone	you		You give a mischievous smile at the trouble you have in mind.	(?i)^You\s+give\s+a\s+mischievous\s+smile\s+at\s+the\s+trouble\s+you\s+have\s+in\s+mind\.$	
MISCHIEVOUS	MISCHIEVOUS	alone	others		* grins mischievously at a nasty idea.	(?i)^(.+?)\s+grins\s+mischievously\s+at\s+a\s+nasty\s+idea\.$	
MISCHIEVOUS	MISCHIEVOUS <T-NAME>	someone	you		You grin mischievously at *, thinking an evil thought.	(?i)^You\s+grin\s+mischievously\s+at\s+(\S+),\s+thinking\s+an\s+evil\s+thought\.$	
MISCHIEVOUS	MISCHIEVOUS <T-NAME>	someone	others		* grins mischievously at *. * must be thinking something evil.	(?i)^(.+?)\s+grins\s+mischievously\s+at\s+(.+?)\.\s+(\S+)\s+must\s+be\s+thinking\s+something\s+evil\.$	
MISCHIEVOUS	MISCHIEVOUS <T-NAME>	someone	target		* grins mischievously at you. You inch toward the door.	(?i)^(.+?)\s+grins\s+mischievously\s+at\s+you\.\s+You\s+inch\s+toward\s+the\s+door\.$	
MISCHIEVOUS	MISCHIEVOUS <T-NAME>	someone	fail		You must be delirious.	(?i)^You\s+must\s+be\s+delirious\.$	
MISCHIEVOUS	MISCHIEVOUS SELF	self	you		You grin mischievously to yourself.	(?i)^You\s+grin\s+mischievously\s+to\s+yourself\.$	
MISCHIEVOUS	MISCHIEVOUS SELF	self	others		* grins mischievously to *.	(?i)^(.+?)\s+grins\s+mischievously\s+to\s+(\S+)\.$	
MOAN	MOAN	alone	you		You start to moan.	(?i)^You\s+start\s+to\s+moan\.$	
MOAN	MOAN	alone	others		* starts moaning.	(?i)^(.+?)\s+starts\s+moaning\.$	
MOAN	MOAN <T-NAME>	someone	you		You moan in ecstasy.	(?i)^You\s+moan\s+in\s+ecstasy\.$	
MOAN	MOAN <T-NAME>	someone	others		* moans in ecstasy.	(?i)^(.+?)\s+moans\s+in\s+ecstasy\.$	
MOAN	MOAN <T-NAME>	someone	target		* moans in total ecstasy.	(?i)^(.+?)\s+moans\s+in\s+total\s+ecstasy\.$	
MOAN	MOAN <T-NAME>	someone	fail		You see no cause to moan.	(?i)^You\s+see\s+no\s+cause\s+to\s+moan\.$	
MOAN	MOAN SELF	self	you		You moan at yourself.	(?i)^You\s+moan\s+at\s+yourself\.$	
MOAN	MOAN SELF	self	others		* makes * moan.	(?i)^(.+?)\s+makes\s+(\S+)\s+moan\.$	
MOO	MOO	alone	you	moo.wav	You chew your cud and moo plaintively. Muh-OOOOO!	(?i)^You\s+chew\s+your\s+cud\s+and\s+moo\s+plaintively\.\s+Muh\-OOOOO!$	
MOO	MOO	alone	others	moo.wav	* turns cowlike eyes on you, chews * cud, and moos plaintively.	(?i)^(.+?)\s+turns\s+cowlike\s+eyes\s+on\s+you,\s+chews\s+(\S+)\s+cud,\s+and\s+moos\s+plaintively\.$	
MOO	MOO <T-NAME>	someone	you	moo.wav	You focus all your bovine Zen on *, and speak your thoughts. Muh-OOOOO!	(?i)^You\s+focus\s+all\s+your\s+bovine\s+Zen\s+on\s+(.+?),\s+and\s+speak\s+your\s+thoughts\.\s+Muh\-OOOOO!$	
MOO	MOO <T-NAME>	someone	others	moo.wav	Slowly, * looks at *, chews * cud, and muh-OOOOs!	(?i)^Slowly,\s+(.+?)\s+looks\s+at\s+(.+?),\s+chews\s+(\S+)\s+cud,\s+and\s+muh\-OOOOs!$	
MOO	MOO <T-NAME>	someone	target	moo.wav	* moos at you. What could that possibly mean?	(?i)^(.+?)\s+moos\s+at\s+you\.\s+What\s+could\s+that\s+possibly\s+mean\?$	
MOO	MOO <T-NAME>	someone	fail	moo.wav	You'd better find someone else to moo at.	(?i)^You'd\s+better\s+find\s+someone\s+else\s+to\s+moo\s+at\.$	
MOO	MOO SELF	self	you	moo.wav	You settle down into the center of your bovine Zen; the foolish world thinks you're just mooing.	(?i)^You\s+settle\s+down\s+into\s+the\s+center\s+of\s+your\s+bovine\s+Zen;\s+the\s+foolish\s+world\s+thinks\s+you're\s+just\s+mooing\.$	
MOO	MOO SELF	self	others	moo.wav	* is mooing at * again... You look for an exit...	(?i)^(.+?)\s+is\s+mooing\s+at\s+(\S+)\s+again\.\.\.\s+You\s+look\s+for\s+an\s+exit\.\.\.$	
MOON	MOON	alone	you		You drop your drawers and moon everyone in the room!	(?i)^You\s+drop\s+your\s+drawers\s+and\s+moon\s+everyone\s+in\s+the\s+room!$	
MOON	MOON	alone	others		* drops * pants and gives you the vertical smile!	(?i)^(.+?)\s+drops\s+(\S+)\s+pants\s+and\s+gives\s+you\s+the\s+vertical\s+smile!$	
MOON	MOON <T-NAME>	someone	you		You bend over and moon *.	(?i)^You\s+bend\s+over\s+and\s+moon\s+(.+?)\.$	
MOON	MOON <T-NAME>	someone	others		* drops * pants and rudely moons *!	(?i)^(.+?)\s+drops\s+(\S+)\s+pants\s+and\s+rudely\s+moons\s+(.+?)!$	
MOON	MOON <T-NAME>	someone	target		* bends over and gives you the vertical smile!	(?i)^(.+?)\s+bends\s+over\s+and\s+gives\s+you\s+the\s+vertical\s+smile!$	
MOON	MOON <T-NAME>	someone	fail		You stand, with your pants around your ankles, looking VERY silly!	(?i)^You\s+stand,\s+with\s+your\s+pants\s+around\s+your\s+ankles,\s+looking\s+VERY\s+silly!$	
MOON	MOON SELF	self	you		You try to moon yourself, but you can't see your A** that well.	(?i)^You\s+try\s+to\s+moon\s+yourself,\s+but\s+you\s+can't\s+see\s+your\s+A\*\*\s+that\s+well\.$	
MOON	MOON SELF	self	others		* nearly goes into convulsions while trying to moon *.	(?i)^(.+?)\s+nearly\s+goes\s+into\s+convulsions\s+while\s+trying\s+to\s+moon\s+(\S+)\.$	
MOSH	MOSH	alone	you		You mosh insanely around the room!	(?i)^You\s+mosh\s+insanely\s+around\s+the\s+room!$	
MOSH	MOSH	alone	others		* moshes insanely around the room!	(?i)^(.+?)\s+moshes\s+insanely\s+around\s+the\s+room!$	
MOSH	MOSH <T-NAME>	someone	you		You mosh sadistically against * ... you WILL be punished.	(?i)^You\s+mosh\s+sadistically\s+against\s+(.+?)\s+\.\.\.\s+you\s+WILL\s+be\s+punished\.$	
MOSH	MOSH <T-NAME>	someone	others		* bounces off of * in a vain attempt to mosh... what a LOSER.	(?i)^(.+?)\s+bounces\s+off\s+of\s+(.+?)\s+in\s+a\s+vain\s+attempt\s+to\s+mosh\.\.\.\s+what\s+a\s+LOSER\.$	
MOSH	MOSH <T-NAME>	someone	target		* slams into you, moshing painfully against you. That REALLY hurts!	(?i)^(.+?)\s+slams\s+into\s+you,\s+moshing\s+painfully\s+against\s+you\.\s+That\s+REALLY\s+hurts!$	
MOSH	MOSH <T-NAME>	someone	fail		Hmmm... your victim found a new dance partner.	(?i)^Hmmm\.\.\.\s+your\s+victim\s+found\s+a\s+new\s+dance\s+partner\.$	
MOSH	MOSH SELF	self	you		Masochist!	(?i)^Masochist!$	
MOSH	MOSH SELF	self	others		* throws * on the floor, grinding * into a bloody pulp	(?i)^(.+?)\s+throws\s+(\S+)\s+on\s+the\s+floor,\s+grinding\s+(\S+)\s+into\s+a\s+bloody\s+pulp$	
MULL	MULL	alone	you		You mull over the idea at hand, asking for patience.	(?i)^You\s+mull\s+over\s+the\s+idea\s+at\s+hand,\s+asking\s+for\s+patience\.$	
MULL	MULL	alone	others		* mulls over the idea at hand. Please be patient.	(?i)^(.+?)\s+mulls\s+over\s+the\s+idea\s+at\s+hand\.\s+Please\s+be\s+patient\.$	
MUTE	MUTE <T-NAME>	someone	you		You look for the mute button on *.	(?i)^You\s+look\s+for\s+the\s+mute\s+button\s+on\s+(.+?)\.$	
MUTE	MUTE <T-NAME>	someone	others		* frantically searches for *'s mute button.	(?i)^(.+?)\s+frantically\s+searches\s+for\s+(.+?)'s\s+mute\s+button\.$	
MUTE	MUTE <T-NAME>	someone	target		* looks for your mute button.	(?i)^(.+?)\s+looks\s+for\s+your\s+mute\s+button\.$	
MUTE	MUTE <T-NAME>	someone	fail		Mute who?	(?i)^Mute\s+who\?$	
MUTE	MUTE ALL	all	you		You mute everyone.	(?i)^You\s+mute\s+everyone\.$	
MUTE	MUTE ALL	all	others		* mutes everyone.	(?i)^(.+?)\s+mutes\s+everyone\.$	MUTE SELF
MUTE	MUTE SELF	self	you		You mute yourself.	(?i)^You\s+mute\s+yourself\.$	
MUTE	MUTE SELF	self	others		* mutes *.	(?i)^(.+?)\s+mutes\s+(\S+)\.$	
MUTTER	MUTTER	alone	you		You mutter quietly to yourself.	(?i)^You\s+mutter\s+quietly\s+to\s+yourself\.$	MUTTER SELF
MUTTER	MUTTER	alone	others		* mutters something quietly to *.	(?i)^(.+?)\s+mutters\s+something\s+quietly\s+to\s+(\S+)\.$	MUTTER SELF
MUTTER	MUTTER <T-NAME>	someone	you		You mutter something to *.	(?i)^You\s+mutter\s+something\s+to\s+(.+?)\.$	
MUTTER	MUTTER <T-NAME>	someone	others		* looks at * and mutters something nasty under * breath.	(?i)^(.+?)\s+looks\s+at\s+(.+?)\s+and\s+mutters\s+something\s+nasty\s+under\s+(\S+)\s+breath\.$	
MUTTER	MUTTER <T-NAME>	someone	target		* looks at you and mutters something nasty under * breath.	(?i)^(.+?)\s+looks\s+at\s+you\s+and\s+mutters\s+something\s+nasty\s+under\s+(\S+)\s+breath\.$	
MUTTER	MUTTER <T-NAME>	someone	fail		There's nothing left for you to say, they've left!	(?i)^There's\s+nothing\s+left\s+for\s+you\s+to\s+say,\s+they've\s+left!$	
MUTTER	MUTTER SELF	self	you		You mutter quietly to yourself.	(?i)^You\s+mutter\s+quietly\s+to\s+yourself\.$	MUTTER
MUTTER	MUTTER SELF	self	others		* mutters something quietly to *.	(?i)^(.+?)\s+mutters\s+something\s+quietly\s+to\s+(\S+)\.$	MUTTER
NARROW	NARROW	alone	you		You narrow your eyes in disdain.	(?i)^You\s+narrow\s+your\s+eyes\s+in\s+disdain\.$	
NARROW	NARROW	alone	others		* narrows * eyes in disdain.	(?i)^(.+?)\s+narrows\s+(\S+)\s+eyes\s+in\s+disdain\.$	
NARROW	NARROW <T-NAME>	someone	you		You narrow your eyes at *. Guess * better watch out!	(?i)^You\s+narrow\s+your\s+eyes\s+at\s+(.+?)\.\s+Guess\s+(\S+)\s+better\s+watch\s+out!$	
NARROW	NARROW <T-NAME>	someone	others		* narrows * eyes at *...	(?i)^(.+?)\s+narrows\s+(\S+)\s+eyes\s+at\s+(.+?)\.\.\.$	
NARROW	NARROW <T-NAME>	someone	target		Uh oh - * narrows * eyes at you!	(?i)^Uh\s+oh\s+\-\s+(.+?)\s+narrows\s+(\S+)\s+eyes\s+at\s+you!$	
NARROW	NARROW <T-NAME>	someone	fail		There is no one there by that name.	(?i)^There\s+is\s+no\s+one\s+there\s+by\s+that\s+name\.$	FIDGET <T-NAME>
NIBBLE	NIBBLE	alone	you		Nibble on who ?	(?i)^Nibble\s+on\s+who\s+\?$	
NIBBLE	NIBBLE <T-NAME>	someone	you		You nibble on *'s ear.	(?i)^You\s+nibble\s+on\s+(.+?)'s\s+ear\.$	
NIBBLE	NIBBLE <T-NAME>	someone	others		* nibbles on *'s ear.	(?i)^(.+?)\s+nibbles\s+on\s+(.+?)'s\s+ear\.$	
NIBBLE	NIBBLE <T-NAME>	someone	target		* nibbles on your ear.	(?i)^(.+?)\s+nibbles\s+on\s+your\s+ear\.$	
NIBBLE	NIBBLE <T-NAME>	someone	fail		Sorry, not present.	(?i)^Sorry,\s+not\s+present\.$	
NIBBLE	NIBBLE SELF	self	you		You nibble on your OWN ear ???????????????????	(?i)^You\s+nibble\s+on\s+your\s+OWN\s+ear\s+\?\?\?\?\?\?\?\?\?\?\?\?\?\?\?\?\?\?\?$	
NIBBLE	NIBBLE SELF	self	others		* nibbles on * OWN ear (I wonder how it is done !!).	(?i)^(.+?)\s+nibbles\s+on\s+(\S+)\s+OWN\s+ear\s+\(I\s+wonder\s+how\s+it\s+is\s+done\s+!!\)\.$	
NOD	NOD	alone	you		You nod.	(?i)^You\s+nod\.$	
NOD	NOD	alone	others		* nods.	(?i)^(.+?)\s+nods\.$	
NOD	NOD <T-NAME>	someone	you		You nod at *.	(?i)^You\s+nod\s+at\s+(.+?)\.$	
NOD	NOD <T-NAME>	someone	others		* nods at *.	(?i)^(.+?)\s+nods\s+at\s+(.+?)\.$	
NOD	NOD <T-NAME>	someone	target		* nods at you.	(?i)^(.+?)\s+nods\s+at\s+you\.$	
NOD	NOD <T-NAME>	someone	fail		Nod your head off -- they aren't here.	(?i)^Nod\s+your\s+head\s+off\s+\-\-\s+they\s+aren't\s+here\.$	
NOD	NOD SELF	self	you		You attempt to nod at yourself and get dizzy instead.	(?i)^You\s+attempt\s+to\s+nod\s+at\s+yourself\s+and\s+get\s+dizzy\s+instead\.$	
NOD	NOD SELF	self	others		* nods quietly to *. What a wacko.	(?i)^(.+?)\s+nods\s+quietly\s+to\s+(\S+)\.\s+What\s+a\s+wacko\.$	
NOOGIE	NOOGIE	alone	you		You can't noogie the AIR! It has no head.	(?i)^You\s+can't\s+noogie\s+the\s+AIR!\s+It\s+has\s+no\s+head\.$	
NOOGIE	NOOGIE <T-NAME>	someone	you		You grab *, get * in a head lock and NOOGIE *!	(?i)^You\s+grab\s+(.+?),\s+get\s+(\S+)\s+in\s+a\s+head\s+lock\s+and\s+NOOGIE\s+(\S+)!$	
NOOGIE	NOOGIE <T-NAME>	someone	others		* grabs * in a head lock and NOOGIES *... ARGH!!!	(?i)^(.+?)\s+grabs\s+(.+?)\s+in\s+a\s+head\s+lock\s+and\s+NOOGIES\s+(\S+)\.\.\.\s+ARGH!!!$	
NOOGIE	NOOGIE <T-NAME>	someone	target		Oh NO, * grabs you, throws you in a head lock and NOOGIES you!	(?i)^Oh\s+NO,\s+(.+?)\s+grabs\s+you,\s+throws\s+you\s+in\s+a\s+head\s+lock\s+and\s+NOOGIES\s+you!$	
NOOGIE	NOOGIE <T-NAME>	someone	fail		That person has gone off to other lands...	(?i)^That\s+person\s+has\s+gone\s+off\s+to\s+other\s+lands\.\.\.$	
NOOGIE	NOOGIE SELF	self	you		You rub your head and create a static charge...	(?i)^You\s+rub\s+your\s+head\s+and\s+create\s+a\s+static\s+charge\.\.\.$	
NOOGIE	NOOGIE SELF	self	others		* rubs * OWN head and creates a static charge... *ZAP*	(?i)^(.+?)\s+rubs\s+(\S+)\s+OWN\s+head\s+and\s+creates\s+a\s+static\s+charge\.\.\.\s+\*ZAP\*$	
NTWIST	NTWIST	alone	you		You pinch and twist your nipples playfully.	(?i)^You\s+pinch\s+and\s+twist\s+your\s+nipples\s+playfully\.$	
NTWIST	NTWIST	alone	others		* twists * nipples in a seductive manner. Ooh-lala!	(?i)^(.+?)\s+twists\s+(\S+)\s+nipples\s+in\s+a\s+seductive\s+manner\.\s+Ooh\-lala!$	
NTWIST	NTWIST <T-NAME>	someone	you		You twist *'s nipples.	(?i)^You\s+twist\s+(.+?)'s\s+nipples\.$	
NTWIST	NTWIST <T-NAME>	someone	others		* twists *'s nipples.	(?i)^(.+?)\s+twists\s+(.+?)'s\s+nipples\.$	
NTWIST	NTWIST <T-NAME>	someone	target		Ouch! * twists your nipples!	(?i)^Ouch!\s+(.+?)\s+twists\s+your\s+nipples!$	
NTWIST	NTWIST <T-NAME>	someone	fail		Whose nipples do you want to twist?	(?i)^Whose\s+nipples\s+do\s+you\s+want\s+to\s+twist\?$	
NTWIST	NTWIST SELF	self	you		You masochist!	(?i)^You\s+masochist!$	
NTWIST	NTWIST SELF	self	others		* twists * nipples. What a masochist!	(?i)^(.+?)\s+twists\s+(\S+)\s+nipples\.\s+What\s+a\s+masochist!$	
NUDGE	NUDGE	alone	you		Nudge whom?	(?i)^Nudge\s+whom\?$	
NUDGE	NUDGE <T-NAME>	someone	you		You nudge *.	(?i)^You\s+nudge\s+(\S+)\.$	
NUDGE	NUDGE <T-NAME>	someone	others		* nudges *.	(?i)^(.+?)\s+nudges\s+(.+?)\.$	
NUDGE	NUDGE <T-NAME>	someone	target		* nudges you.	(?i)^(.+?)\s+nudges\s+you\.$	
NUDGE	NUDGE <T-NAME>	someone	fail		Who?	(?i)^Who\?$	GROVEL <T-NAME>; LOL <T-NAME>; SNUGGLE; SWOON <T-NAME>
NUDGE	NUDGE SELF	self	you		You nudge yourself, for some strange reason.	(?i)^You\s+nudge\s+yourself,\s+for\s+some\s+strange\s+reason\.$	
NUDGE	NUDGE SELF	self	others		* nudges *, to keep * awake.	(?i)^(.+?)\s+nudges\s+(\S+),\s+to\s+keep\s+(\S+)\s+awake\.$	NUDGE <T-NAME>
NUZZLE	NUZZLE	alone	you		Nuzzle who??	(?i)^Nuzzle\s+who\?\?$	
NUZZLE	NUZZLE <T-NAME>	someone	you		You nuzzle * neck softly.	(?i)^You\s+nuzzle\s+(\S+)\s+neck\s+softly\.$	
NUZZLE	NUZZLE <T-NAME>	someone	others		* softly nuzzles *'s neck.	(?i)^(.+?)\s+softly\s+nuzzles\s+(.+?)'s\s+neck\.$	
NUZZLE	NUZZLE <T-NAME>	someone	target		* softly nuzzles your neck.	(?i)^(.+?)\s+softly\s+nuzzles\s+your\s+neck\.$	
NUZZLE	NUZZLE <T-NAME>	someone	fail		No.. they aren't here..	(?i)^No\.\.\s+they\s+aren't\s+here\.\.$	
NUZZLE	NUZZLE <T-NAME> CHEST	someone	you		You rub your cheek against *'s chest.	(?i)^You\s+rub\s+your\s+cheek\s+against\s+(.+?)'s\s+chest\.$	
NUZZLE	NUZZLE <T-NAME> CHEST	someone	others		* rubs her face against *'s chest.	(?i)^(.+?)\s+rubs\s+her\s+face\s+against\s+(.+?)'s\s+chest\.$	
NUZZLE	NUZZLE <T-NAME> CHEST	someone	target		* rubs her cheek softly against your chest.	(?i)^(.+?)\s+rubs\s+her\s+cheek\s+softly\s+against\s+your\s+chest\.$	
NUZZLE	NUZZLE <T-NAME> CHEST	someone	fail		Nuzzle who?	(?i)^Nuzzle\s+who\?$	
NUZZLE	NUZZLE SELF	self	you		I'm sorry, friend, but that's impossible.	(?i)^I'm\s+sorry,\s+friend,\s+but\s+that's\s+impossible\.$	
OGLE	OGLE	alone	you		You start to ogle at everyone in the room.	(?i)^You\s+start\s+to\s+ogle\s+at\s+everyone\s+in\s+the\s+room\.$	
OGLE	OGLE	alone	others		* ogles at everyone in the room.	(?i)^(.+?)\s+ogles\s+at\s+everyone\s+in\s+the\s+room\.$	
OGLE	OGLE <T-NAME>	someone	you		You ogle at *.	(?i)^You\s+ogle\s+at\s+(.+?)\.$	
OGLE	OGLE <T-NAME>	someone	others		* ogles at * and drools.	(?i)^(.+?)\s+ogles\s+at\s+(.+?)\s+and\s+drools\.$	
OGLE	OGLE <T-NAME>	someone	target		* ogles you, drooling and grinning.	(?i)^(.+?)\s+ogles\s+you,\s+drooling\s+and\s+grinning\.$	
OGLE	OGLE <T-NAME>	someone	fail		Aww. All your ogle zen and they aren`t here.	(?i)^Aww\.\s+All\s+your\s+ogle\s+zen\s+and\s+they\s+aren`t\s+here\.$	
OGLE	OGLE SELF	self	you		You ogle at yourself. Having fun?	(?i)^You\s+ogle\s+at\s+yourself\.\s+Having\s+fun\?$	
OGLE	OGLE SELF	self	others		* ogles at * and giggles.	(?i)^(.+?)\s+ogles\s+at\s+(\S+)\s+and\s+giggles\.$	GIGGLE
OOGLE	OOGLE	alone	you		You start to oogle at everyone in the room.	(?i)^You\s+start\s+to\s+oogle\s+at\s+everyone\s+in\s+the\s+room\.$	
OOGLE	OOGLE	alone	others		* oogles at everyone in the room.	(?i)^(.+?)\s+oogles\s+at\s+everyone\s+in\s+the\s+room\.$	
OOGLE	OOGLE <T-NAME>	someone	you		You oogle at *.	(?i)^You\s+oogle\s+at\s+(.+?)\.$	
OOGLE	OOGLE <T-NAME>	someone	others		* oogles at * and drools.	(?i)^(.+?)\s+oogles\s+at\s+(.+?)\s+and\s+drools\.$	
OOGLE	OOGLE <T-NAME>	someone	target		* oogles at you, drooling and grinning.	(?i)^(.+?)\s+oogles\s+at\s+you,\s+drooling\s+and\s+grinning\.$	
OOGLE	OOGLE <T-NAME>	someone	fail		Aww. All your oogle zen and they aren`t even here.	(?i)^Aww\.\s+All\s+your\s+oogle\s+zen\s+and\s+they\s+aren`t\s+even\s+here\.$	
OOGLE	OOGLE SELF	self	you		You oogle at yourself. Having fun?	(?i)^You\s+oogle\s+at\s+yourself\.\s+Having\s+fun\?$	
OOGLE	OOGLE SELF	self	others		* oogles at * and giggles.	(?i)^(.+?)\s+oogles\s+at\s+(\S+)\s+and\s+giggles\.$	GIGGLE
PALE	PALE	alone	you		You feel the blood draining from your face.	(?i)^You\s+feel\s+the\s+blood\s+draining\s+from\s+your\s+face\.$	PALE SELF
PALE	PALE SELF	self	you		You feel the blood draining from your face.	(?i)^You\s+feel\s+the\s+blood\s+draining\s+from\s+your\s+face\.$	PALE
PANT	PANT	alone	you	pant.wav	You pant lustily.	(?i)^You\s+pant\s+lustily\.$	
PANT	PANT	alone	others	pant.wav	* pants lustily.	(?i)^(.+?)\s+pants\s+lustily\.$	
PANT	PANT <T-NAME>	someone	you	pant.wav	You pant lustily at *.	(?i)^You\s+pant\s+lustily\s+at\s+(\S+)\.$	
PANT	PANT <T-NAME>	someone	others	pant.wav	* looks at * and pants lustily.	(?i)^(.+?)\s+looks\s+at\s+(.+?)\s+and\s+pants\s+lustily\.$	PANT
PANT	PANT <T-NAME>	someone	target	pant.wav	* looks at you and pants lustily...	(?i)^(.+?)\s+looks\s+at\s+you\s+and\s+pants\s+lustily\.\.\.$	
PASSOUT	PASSOUT	alone	you		You belch and pass out.	(?i)^You\s+belch\s+and\s+pass\s+out\.$	
PASSOUT	PASSOUT	alone	others		* is OBVIOUSLY intoxicated... * burps loudly and passes out!	(?i)^(.+?)\s+is\s+OBVIOUSLY\s+intoxicated\.\.\.\s+(\S+)\s+burps\s+loudly\s+and\s+passes\s+out!$	
PAT	PAT	alone	you		Pat who?	(?i)^Pat\s+who\?$	
PAT	PAT <T-NAME>	someone	you		You pat * on * head.	(?i)^You\s+pat\s+(.+?)\s+on\s+(\S+)\s+head\.$	
PAT	PAT <T-NAME>	someone	others		* pats * on * head.	(?i)^(.+?)\s+pats\s+(.+?)\s+on\s+(\S+)\s+head\.$	
PAT	PAT <T-NAME>	someone	target		* pats you on your head.	(?i)^(.+?)\s+pats\s+you\s+on\s+your\s+head\.$	
PAT	PAT <T-NAME>	someone	fail		Who, where, what?	(?i)^Who,\s+where,\s+what\?$	
PAT	PAT SELF	self	you		You pat yourself on your head, very reassuring.	(?i)^You\s+pat\s+yourself\s+on\s+your\s+head,\s+very\s+reassuring\.$	
PAT	PAT SELF	self	others		* pats * on the head.	(?i)^(.+?)\s+pats\s+(\S+)\s+on\s+the\s+head\.$	PAT <T-NAME>
PATPAT	PATPAT <T-NAME>	someone	you		You patpat *, trying to comfort *.	(?i)^You\s+patpat\s+(.+?),\s+trying\s+to\s+comfort\s+(\S+)\.$	
PATPAT	PATPAT <T-NAME>	someone	others		* patpats *. * is NOT comforted.	(?i)^(.+?)\s+patpats\s+(.+?)\.\s+(.+?)\s+is\s+NOT\s+comforted\.$	
PATPAT	PATPAT <T-NAME>	someone	target		* patpats you.	(?i)^(.+?)\s+patpats\s+you\.$	
PATPAT	PATPAT <T-NAME>	someone	fail		They must not need your comforting.	(?i)^They\s+must\s+not\s+need\s+your\s+comforting\.$	
PECK	PECK	alone	you		Wouldn't you like to do that to a person, or do you prefer air?	(?i)^Wouldn't\s+you\s+like\s+to\s+do\s+that\s+to\s+a\s+person,\s+or\s+do\s+you\s+prefer\s+air\?$	
PECK	PECK <T-NAME>	someone	you		Risking a slap to the face, you give * a peck on the cheek.	(?i)^Risking\s+a\s+slap\s+to\s+the\s+face,\s+you\s+give\s+(.+?)\s+a\s+peck\s+on\s+the\s+cheek\.$	
PECK	PECK <T-NAME>	someone	others		* smiles and gives * a chaste peck on the cheek.	(?i)^(.+?)\s+smiles\s+and\s+gives\s+(.+?)\s+a\s+chaste\s+peck\s+on\s+the\s+cheek\.$	
PECK	PECK <T-NAME>	someone	target		* pecks you on the cheek, how sweet!	(?i)^(.+?)\s+pecks\s+you\s+on\s+the\s+cheek,\s+how\s+sweet!$	
PECK	PECK <T-NAME>	someone	fail		I guess you scared them away...	(?i)^I\s+guess\s+you\s+scared\s+them\s+away\.\.\.$	
PECK	PECK SELF	self	you		You must REALLY like yourself.	(?i)^You\s+must\s+REALLY\s+like\s+yourself\.$	
PECK	PECK SELF	self	others		* tries in vain to wrap * lips around * cheeks.	(?i)^(.+?)\s+tries\s+in\s+vain\s+to\s+wrap\s+(\S+)\s+lips\s+around\s+(\S+)\s+cheeks\.$	
PEER	PEER	alone	you		You peer around yourself intently.	(?i)^You\s+peer\s+around\s+yourself\s+intently\.$	
PEER	PEER	alone	others		* peers around * intently.	(?i)^(.+?)\s+peers\s+around\s+(\S+)\s+intently\.$	
PEER	PEER <T-NAME>	someone	you		You peer intently at *.	(?i)^You\s+peer\s+intently\s+at\s+(.+?)\.$	
PEER	PEER <T-NAME>	someone	others		* peers intently at *.	(?i)^(.+?)\s+peers\s+intently\s+at\s+(.+?)\.$	
PEER	PEER <T-NAME>	someone	target		* peers at you intently.	(?i)^(.+?)\s+peers\s+at\s+you\s+intently\.$	
PEER	PEER <T-NAME>	someone	fail		They aren't here.	(?i)^They\s+aren't\s+here\.$	CUDDLE <T-NAME>; SCUFF <T-NAME>; SNUGGLE <T-NAME>
PEER	PEER SELF	self	you		You get a little cross-eyed with your attempts to stare yourself down.	(?i)^You\s+get\s+a\s+little\s+cross\-eyed\s+with\s+your\s+attempts\s+to\s+stare\s+yourself\s+down\.$	
PEER	PEER SELF	self	others		* peers at *, crossing * eyes in the process.	(?i)^(.+?)\s+peers\s+at\s+(\S+),\s+crossing\s+(\S+)\s+eyes\s+in\s+the\s+process\.$	
PET	PET	alone	you		You pet the air.	(?i)^You\s+pet\s+the\s+air\.$	
PET	PET	alone	others		* happily pets the air.	(?i)^(.+?)\s+happily\s+pets\s+the\s+air\.$	
PET	PET <T-NAME>	someone	you		You gently pet *.	(?i)^You\s+gently\s+pet\s+(.+?)\.$	
PET	PET <T-NAME>	someone	others		* gently pets *.	(?i)^(.+?)\s+gently\s+pets\s+(.+?)\.$	
PET	PET <T-NAME>	someone	target		* pets you softly.	(?i)^(.+?)\s+pets\s+you\s+softly\.$	
PET	PET <T-NAME>	someone	fail		Oops. Sorry. Nobody is here to pet!	(?i)^Oops\.\s+Sorry\.\s+Nobody\s+is\s+here\s+to\s+pet!$	
PET	PET SELF	self	you		You happily pet yourself.	(?i)^You\s+happily\s+pet\s+yourself\.$	
PET	PET SELF	self	others		* pets *. What a show!	(?i)^(.+?)\s+pets\s+(\S+)\.\s+What\s+a\s+show!$	
PIE	PIE <T-NAME>	someone	you		You toss a pie at * and hit * right in the FACE!	(?i)^You\s+toss\s+a\s+pie\s+at\s+(.+?)\s+and\s+hit\s+(\S+)\s+right\s+in\s+the\s+FACE!$	
PIE	PIE <T-NAME>	someone	others		* tosses a pie at * and hits * right in the FACE!	(?i)^(.+?)\s+tosses\s+a\s+pie\s+at\s+(.+?)\s+and\s+hits\s+(\S+)\s+right\s+in\s+the\s+FACE!$	
PIE	PIE <T-NAME>	someone	target		* tossed a pie in your face... and now you are all covered in GOO!	(?i)^(.+?)\s+tossed\s+a\s+pie\s+in\s+your\s+face\.\.\.\s+and\s+now\s+you\s+are\s+all\s+covered\s+in\s+GOO!$	
PIE	PIE <T-NAME>	someone	fail		That person isn't here...	(?i)^That\s+person\s+isn't\s+here\.\.\.$	
PIE	PIE SELF	self	you		You bury your face in the pie... yummmmm!!! :)	(?i)^You\s+bury\s+your\s+face\s+in\s+the\s+pie\.\.\.\s+yummmmm!!!\s+:\)$	
PIE	PIE SELF	self	others		* buries * face in the pie, licking the pan clean.	(?i)^(.+?)\s+buries\s+(\S+)\s+face\s+in\s+the\s+pie,\s+licking\s+the\s+pan\s+clean\.$	
PILLOW	PILLOW	alone	you		You raise a pillow over your head and look around savagely.	(?i)^You\s+raise\s+a\s+pillow\s+over\s+your\s+head\s+and\s+look\s+around\s+savagely\.$	
PILLOW	PILLOW	alone	others		* raises a pillow over * head and looks around savagely.	(?i)^(.+?)\s+raises\s+a\s+pillow\s+over\s+(\S+)\s+head\s+and\s+looks\s+around\s+savagely\.$	
PILLOW	PILLOW <T-NAME>	someone	you		You *WHACK* * over the head with a pillow.	(?i)^You\s+\*WHACK\*\s+(.+?)\s+over\s+the\s+head\s+with\s+a\s+pillow\.$	
PILLOW	PILLOW <T-NAME>	someone	others		* *WHACKS* * over the head with a pillow.	(?i)^(.+?)\s+\*WHACKS\*\s+(.+?)\s+over\s+the\s+head\s+with\s+a\s+pillow\.$	
PILLOW	PILLOW <T-NAME>	someone	target		* *WHACKS* you over the head with a pillow.	(?i)^(.+?)\s+\*WHACKS\*\s+you\s+over\s+the\s+head\s+with\s+a\s+pillow\.$	
PILLOW	PILLOW SELF	self	you		You bop yourself on the head with a pillow.	(?i)^You\s+bop\s+yourself\s+on\s+the\s+head\s+with\s+a\s+pillow\.$	
PILLOW	PILLOW SELF	self	others		* bops * over the head with a pillow.	(?i)^(.+?)\s+bops\s+(\S+)\s+over\s+the\s+head\s+with\s+a\s+pillow\.$	
PINCH	PINCH	alone	you		You say, 'A pinch of this, and a dab of that.'	(?i)^You\s+say,\s+'A\s+pinch\s+of\s+this,\s+and\s+a\s+dab\s+of\s+that\.'$	
PINCH	PINCH	alone	others		* says, 'A pinch of this and a dab of that.'	(?i)^(.+?)\s+says,\s+'A\s+pinch\s+of\s+this\s+and\s+a\s+dab\s+of\s+that\.'$	
PINCH	PINCH <T-NAME>	someone	you		You squeeze * bottom and grin.	(?i)^You\s+squeeze\s+(\S+)\s+bottom\s+and\s+grin\.$	
PINCH	PINCH <T-NAME>	someone	others		* pinches *'s bottom and grins.	(?i)^(.+?)\s+pinches\s+(.+?)'s\s+bottom\s+and\s+grins\.$	GRIN
PINCH	PINCH <T-NAME>	someone	target		* pinches your bottom and grins.	(?i)^(.+?)\s+pinches\s+your\s+bottom\s+and\s+grins\.$	GRIN
PINCH	PINCH <T-NAME>	someone	fail		You'd like to, wouldn't you?	(?i)^You'd\s+like\s+to,\s+wouldn't\s+you\?$	
PINCH	PINCH SELF	self	you		You pinch yourself to see if you are dreaming!	(?i)^You\s+pinch\s+yourself\s+to\s+see\s+if\s+you\s+are\s+dreaming!$	
PINCH	PINCH SELF	self	others		* pinches * to see if * is dreaming!	(?i)^(.+?)\s+pinches\s+(\S+)\s+to\s+see\s+if\s+(\S+)\s+is\s+dreaming!$	
PISSED	PISSED	alone	you		You are PISSED!	(?i)^You\s+are\s+PISSED!$	
PISSED	PISSED	alone	others		* is PISSED so watch out!	(?i)^(.+?)\s+is\s+PISSED\s+so\s+watch\s+out!$	
PISSED	PISSED <T-NAME>	someone	you		You turn a stoney gaze toward *... you are SOOO pissed at *!	(?i)^You\s+turn\s+a\s+stoney\s+gaze\s+toward\s+(.+?)\.\.\.\s+you\s+are\s+SOOO\s+pissed\s+at\s+(.+?)!$	
PISSED	PISSED <T-NAME>	someone	others		* glares at *.... * is SOOO PISSED at *!	(?i)^(.+?)\s+glares\s+at\s+(.+?)\.\.\.\.\s+(.+?)\s+is\s+SOOO\s+PISSED\s+at\s+(\S+)!$	
PISSED	PISSED <T-NAME>	someone	target		* is pissed at you now... What do you think *'ll DO?	(?i)^(.+?)\s+is\s+pissed\s+at\s+you\s+now\.\.\.\s+What\s+do\s+you\s+think\s+(\S+)'ll\s+DO\?$	
PISSED	PISSED <T-NAME>	someone	fail		That person is not here...	(?i)^That\s+person\s+is\s+not\s+here\.\.\.$	
PISSED	PISSED SELF	self	you		You are PISSED at yourself!	(?i)^You\s+are\s+PISSED\s+at\s+yourself!$	
PISSED	PISSED SELF	self	others		* is so pissed at *. How could * be so stupid???	(?i)^(.+?)\s+is\s+so\s+pissed\s+at\s+(\S+)\.\s+How\s+could\s+(\S+)\s+be\s+so\s+stupid\?\?\?$	
PLEAD	PLEAD	alone	you		You beg and plead to anyone who will listen.	(?i)^You\s+beg\s+and\s+plead\s+to\s+anyone\s+who\s+will\s+listen\.$	
PLEAD	PLEAD	alone	others		* pleads * case to anyone who will listen... You ALMOST feel sorry for *.	(?i)^(.+?)\s+pleads\s+(\S+)\s+case\s+to\s+anyone\s+who\s+will\s+listen\.\.\.\s+You\s+ALMOST\s+feel\s+sorry\s+for\s+(\S+)\.$	
POCKETS	POCKETS	alone	you		You shove your hands into your pockets, look skyward and whistle a jaunty tune.	(?i)^You\s+shove\s+your\s+hands\s+into\s+your\s+pockets,\s+look\s+skyward\s+and\s+whistle\s+a\s+jaunty\s+tune\.$	
POCKETS	POCKETS	alone	others		* shoves * hands into * pockets, looks skyward and whistles a jaunty tune.	(?i)^(.+?)\s+shoves\s+(\S+)\s+hands\s+into\s+(\S+)\s+pockets,\s+looks\s+skyward\s+and\s+whistles\s+a\s+jaunty\s+tune\.$	
POCKETS	POCKETS <T-NAME>	someone	you		You shove your hands into *`s pockets feeling around for something fun.	(?i)^You\s+shove\s+your\s+hands\s+into\s+(.+?)`s\s+pockets\s+feeling\s+around\s+for\s+something\s+fun\.$	
POCKETS	POCKETS <T-NAME>	someone	others		You see * shove * hands into *`s pockets and keeps them there long enough to make you realize this isn`t pickpocketing.	(?i)^You\s+see\s+(.+?)\s+shove\s+(\S+)\s+hands\s+into\s+(.+?)`s\s+pockets\s+and\s+keeps\s+them\s+there\s+long\s+enough\s+to\s+make\s+you\s+realize\s+this\s+isn`t\s+pickpocketing\.$	
POCKETS	POCKETS <T-NAME>	someone	target		* shoves * hands into your pockets and feels around.	(?i)^(.+?)\s+shoves\s+(\S+)\s+hands\s+into\s+your\s+pockets\s+and\s+feels\s+around\.$	
POCKETS	POCKETS <T-NAME>	someone	fail		Pockets who?	(?i)^Pockets\s+who\?$	
POINT	POINT	alone	you		You point in every direction.	(?i)^You\s+point\s+in\s+every\s+direction\.$	
POINT	POINT	alone	others		* points excitedly!	(?i)^(.+?)\s+points\s+excitedly!$	
POINT	POINT <I-NAME>	item in room	you		You point at *.	(?i)^You\s+point\s+at\s+(.+?)\.$	POINT <T-NAME>
POINT	POINT <I-NAME>	item in room	others		* points at *.	(?i)^(.+?)\s+points\s+at\s+(.+?)\.$	
POINT	POINT <I-NAME>	item in room	fail		Point who?	(?i)^Point\s+who\?$	
POINT	POINT <T-NAME>	someone	you		You point at *.	(?i)^You\s+point\s+at\s+(.+?)\.$	POINT <I-NAME>
POINT	POINT <T-NAME>	someone	others		* points excitedly at *!	(?i)^(.+?)\s+points\s+excitedly\s+at\s+(.+?)!$	
POINT	POINT <T-NAME>	someone	target		* points at you. How rude!	(?i)^(.+?)\s+points\s+at\s+you\.\s+How\s+rude!$	
POINT	POINT <T-NAME>	someone	fail		You point at no one in particular.	(?i)^You\s+point\s+at\s+no\s+one\s+in\s+particular\.$	POINT <I-NAME>
POINT	POINT DOWN	down	you		You point down.	(?i)^You\s+point\s+down\.$	
POINT	POINT DOWN	down	others		* points down.	(?i)^(.+?)\s+points\s+down\.$	
POINT	POINT EAST	east	you		You point east.	(?i)^You\s+point\s+east\.$	
POINT	POINT EAST	east	others		* points east.	(?i)^(.+?)\s+points\s+east\.$	
POINT	POINT NORTH	north	you		You point north.	(?i)^You\s+point\s+north\.$	
POINT	POINT NORTH	north	others		* points north.	(?i)^(.+?)\s+points\s+north\.$	
POINT	POINT SELF	self	you		You point at yourself, obviously very confused.	(?i)^You\s+point\s+at\s+yourself,\s+obviously\s+very\s+confused\.$	POINT <I-NAME>; POINT <T-NAME>
POINT	POINT SELF	self	others		* points at *, obviously very confused.	(?i)^(.+?)\s+points\s+at\s+(\S+),\s+obviously\s+very\s+confused\.$	POINT <I-NAME>
POINT	POINT SOUTH	south	you		You point south.	(?i)^You\s+point\s+south\.$	
POINT	POINT SOUTH	south	others		* points south.	(?i)^(.+?)\s+points\s+south\.$	
POINT	POINT UP	up	you		You point up.	(?i)^You\s+point\s+up\.$	
POINT	POINT UP	up	others		* points up.	(?i)^(.+?)\s+points\s+up\.$	
POINT	POINT WEST	west	you		You point west.	(?i)^You\s+point\s+west\.$	
POINT	POINT WEST	west	others		* points west.	(?i)^(.+?)\s+points\s+west\.$	
POKE	POKE	alone	you		Poke who??	(?i)^Poke\s+who\?\?$	
POKE	POKE <T-NAME>	someone	you		You poke * in the ribs.	(?i)^You\s+poke\s+(\S+)\s+in\s+the\s+ribs\.$	
POKE	POKE <T-NAME>	someone	others		* pokes * in the ribs.	(?i)^(.+?)\s+pokes\s+(.+?)\s+in\s+the\s+ribs\.$	
POKE	POKE <T-NAME>	someone	target		* pokes you in the ribs.	(?i)^(.+?)\s+pokes\s+you\s+in\s+the\s+ribs\.$	
POKE	POKE <T-NAME>	someone	fail		You can't poke someone who's not here!.	(?i)^You\s+can't\s+poke\s+someone\s+who's\s+not\s+here!\.$	
POKE	POKE <T-NAME> ARM	someone	you		You poke * in the arm.	(?i)^You\s+poke\s+(.+?)\s+in\s+the\s+arm\.$	
POKE	POKE <T-NAME> ARM	someone	others		* pokes * in the arm.	(?i)^(.+?)\s+pokes\s+(.+?)\s+in\s+the\s+arm\.$	
POKE	POKE <T-NAME> ARM	someone	target		* pokes you in the arm.	(?i)^(.+?)\s+pokes\s+you\s+in\s+the\s+arm\.$	
POKE	POKE <T-NAME> ARM	someone	fail		Poke who?	(?i)^Poke\s+who\?$	POKE <T-NAME> CHEST; POKE <T-NAME> EYE; POKE <T-NAME> STOMACH
POKE	POKE <T-NAME> CHEST	someone	you		You angrily poke * in * chest. What did * do now?	(?i)^You\s+angrily\s+poke\s+(.+?)\s+in\s+(\S+)\s+chest\.\s+What\s+did\s+(\S+)\s+do\s+now\?$	
POKE	POKE <T-NAME> CHEST	someone	others		* angrily pokes * in * chest. What did * do this time?	(?i)^(.+?)\s+angrily\s+pokes\s+(.+?)\s+in\s+(\S+)\s+chest\.\s+What\s+did\s+(\S+)\s+do\s+this\s+time\?$	
POKE	POKE <T-NAME> CHEST	someone	target		* pokes you angrily in the chest. What did you do now?	(?i)^(.+?)\s+pokes\s+you\s+angrily\s+in\s+the\s+chest\.\s+What\s+did\s+you\s+do\s+now\?$	
POKE	POKE <T-NAME> CHEST	someone	fail		Poke who?	(?i)^Poke\s+who\?$	POKE <T-NAME> ARM; POKE <T-NAME> EYE; POKE <T-NAME> STOMACH
POKE	POKE <T-NAME> EYE	someone	you		You poke * in the eye. Ouch!	(?i)^You\s+poke\s+(.+?)\s+in\s+the\s+eye\.\s+Ouch!$	
POKE	POKE <T-NAME> EYE	someone	others		* pokes * in the eye. You cringe in sympathy, that had to hurt!	(?i)^(.+?)\s+pokes\s+(.+?)\s+in\s+the\s+eye\.\s+You\s+cringe\s+in\s+sympathy,\s+that\s+had\s+to\s+hurt!$	
POKE	POKE <T-NAME> EYE	someone	target		* pokes you in the eye, making it water. That hurt!	(?i)^(.+?)\s+pokes\s+you\s+in\s+the\s+eye,\s+making\s+it\s+water\.\s+That\s+hurt!$	
POKE	POKE <T-NAME> EYE	someone	fail		Poke who?	(?i)^Poke\s+who\?$	POKE <T-NAME> ARM; POKE <T-NAME> CHEST; POKE <T-NAME> STOMACH
POKE	POKE <T-NAME> STOMACH	someone	you		You poke * in the stomach.	(?i)^You\s+poke\s+(.+?)\s+in\s+the\s+stomach\.$	
POKE	POKE <T-NAME> STOMACH	someone	others		* pokes * in the stomach.	(?i)^(.+?)\s+pokes\s+(.+?)\s+in\s+the\s+stomach\.$	
POKE	POKE <T-NAME> STOMACH	someone	target		* pokes you in the stomach.	(?i)^(.+?)\s+pokes\s+you\s+in\s+the\s+stomach\.$	
POKE	POKE <T-NAME> STOMACH	someone	fail		Poke who?	(?i)^Poke\s+who\?$	POKE <T-NAME> ARM; POKE <T-NAME> CHEST; POKE <T-NAME> EYE
POKE	POKE SELF	self	you		You poke yourself in the ribs, feeling very silly.	(?i)^You\s+poke\s+yourself\s+in\s+the\s+ribs,\s+feeling\s+very\s+silly\.$	
POKE	POKE SELF	self	others		* pokes * in the ribs, looking very sheepish.	(?i)^(.+?)\s+pokes\s+(\S+)\s+in\s+the\s+ribs,\s+looking\s+very\s+sheepish\.$	
POLITE	POLITE	alone	you		You give a polite little chuckle.	(?i)^You\s+give\s+a\s+polite\s+little\s+chuckle\.$	
POLITE	POLITE	alone	others		* gives a polite little chuckle.	(?i)^(.+?)\s+gives\s+a\s+polite\s+little\s+chuckle\.$	
POLITE	POLITE <T-NAME>	someone	you		You indicate your underappreciation of * joke.	(?i)^You\s+indicate\s+your\s+underappreciation\s+of\s+(\S+)\s+joke\.$	
POLITE	POLITE <T-NAME>	someone	others		* gives a polite little chuckle to *'s joke.	(?i)^(.+?)\s+gives\s+a\s+polite\s+little\s+chuckle\s+to\s+(.+?)'s\s+joke\.$	
POLITE	POLITE <T-NAME>	someone	target		* gives a politle but unappreciative chuckle to your joke.	(?i)^(.+?)\s+gives\s+a\s+politle\s+but\s+unappreciative\s+chuckle\s+to\s+your\s+joke\.$	
POLITE	POLITE <T-NAME>	someone	fail		You can't find a friend to chuckle with.	(?i)^You\s+can't\s+find\s+a\s+friend\s+to\s+chuckle\s+with\.$	CHUCKLE <T-NAME>
POLITE	POLITE SELF	self	you		You chuckle at your own joke, since no one else would.	(?i)^You\s+chuckle\s+at\s+your\s+own\s+joke,\s+since\s+no\s+one\s+else\s+would\.$	CHUCKLE SELF
POLITE	POLITE SELF	self	others		* chuckles at * own joke, since none of you would.	(?i)^(.+?)\s+chuckles\s+at\s+(\S+)\s+own\s+joke,\s+since\s+none\s+of\s+you\s+would\.$	CHUCKLE <T-NAME>; CHUCKLE SELF
PONDER	PONDER	alone	you		You ponder the question.	(?i)^You\s+ponder\s+the\s+question\.$	
PONDER	PONDER	alone	others		* appears to be deep in thought.	(?i)^(.+?)\s+appears\s+to\s+be\s+deep\s+in\s+thought\.$	
PONDER	PONDER <T-NAME>	someone	you		You ponder the matters * has raised.	(?i)^You\s+ponder\s+the\s+matters\s+(.+?)\s+has\s+raised\.$	
PONDER	PONDER <T-NAME>	someone	others		* ponders the matters * has raised.	(?i)^(.+?)\s+ponders\s+the\s+matters\s+(.+?)\s+has\s+raised\.$	
PONDER	PONDER <T-NAME>	someone	target		* ponders the matters you have raised.	(?i)^(.+?)\s+ponders\s+the\s+matters\s+you\s+have\s+raised\.$	
POUNCE	POUNCE	alone	you		You playfully pounce at your own shadow, catching it and pinning it to the ground.	(?i)^You\s+playfully\s+pounce\s+at\s+your\s+own\s+shadow,\s+catching\s+it\s+and\s+pinning\s+it\s+to\s+the\s+ground\.$	
POUNCE	POUNCE	alone	others		* pounces at * own shadow, and pins it to the ground.	(?i)^(.+?)\s+pounces\s+at\s+(\S+)\s+own\s+shadow,\s+and\s+pins\s+it\s+to\s+the\s+ground\.$	
POUNCE	POUNCE <T-NAME>	someone	you		You suddenly pounce on *, knocking * down.	(?i)^You\s+suddenly\s+pounce\s+on\s+(.+?),\s+knocking\s+(\S+)\s+down\.$	
POUNCE	POUNCE <T-NAME>	someone	others		* suddenly pounces on *, rolling them both to the ground.	(?i)^(.+?)\s+suddenly\s+pounces\s+on\s+(.+?),\s+rolling\s+them\s+both\s+to\s+the\s+ground\.$	
POUNCE	POUNCE <T-NAME>	someone	target		* suddenly pounces on you, rolling you both to the ground.	(?i)^(.+?)\s+suddenly\s+pounces\s+on\s+you,\s+rolling\s+you\s+both\s+to\s+the\s+ground\.$	
POUNCE	POUNCE <T-NAME>	someone	fail		You pounce at somebody who isn`t here and just look silly.	(?i)^You\s+pounce\s+at\s+somebody\s+who\s+isn`t\s+here\s+and\s+just\s+look\s+silly\.$	
POUNCE	POUNCE SELF	self	you		You pounce at yourself, missing by but a hair!	(?i)^You\s+pounce\s+at\s+yourself,\s+missing\s+by\s+but\s+a\s+hair!$	
POUNCE	POUNCE SELF	self	others		* pounces at *, and misses by a hair.	(?i)^(.+?)\s+pounces\s+at\s+(\S+),\s+and\s+misses\s+by\s+a\s+hair\.$	
POUND	POUND	alone	you		You make vague pounding motions with your fist at the thought.	(?i)^You\s+make\s+vague\s+pounding\s+motions\s+with\s+your\s+fist\s+at\s+the\s+thought\.$	
POUND	POUND	alone	others		* makes vague pounding motions with * fist at the thought.	(?i)^(.+?)\s+makes\s+vague\s+pounding\s+motions\s+with\s+(\S+)\s+fist\s+at\s+the\s+thought\.$	
POUND	POUND <T-NAME>	someone	you		You pound * into a bloody mass.	(?i)^You\s+pound\s+(\S+)\s+into\s+a\s+bloody\s+mass\.$	
POUND	POUND <T-NAME>	someone	others		* pounds * into a bloody mass.	(?i)^(.+?)\s+pounds\s+(.+?)\s+into\s+a\s+bloody\s+mass\.$	
POUND	POUND <T-NAME>	someone	target		* pounds you into a bloody mass.	(?i)^(.+?)\s+pounds\s+you\s+into\s+a\s+bloody\s+mass\.$	
POUND	POUND <T-NAME>	someone	fail		Sorry, friend, I can't see that person here.	(?i)^Sorry,\s+friend,\s+I\s+can't\s+see\s+that\s+person\s+here\.$	HUG <T-NAME>; MAKE <T-NAME>; MATE <T-NAME>; SUPPORT <T-NAME>; TIGHT <T-NAME>; WHIP <T-NAME>; WRESTLE <T-NAME>; WRIST <T-NAME>
POUT	POUT	alone	you		You quiver your lower lip and try to look pathetically helpless.	(?i)^You\s+quiver\s+your\s+lower\s+lip\s+and\s+try\s+to\s+look\s+pathetically\s+helpless\.$	
POUT	POUT	alone	others		* quivers * lower lip as * eyes fill with tears.	(?i)^(.+?)\s+quivers\s+(\S+)\s+lower\s+lip\s+as\s+(\S+)\s+eyes\s+fill\s+with\s+tears\.$	
PRANCE	PRANCE	alone	you		You prance around the room happily.	(?i)^You\s+prance\s+around\s+the\s+room\s+happily\.$	
PRANCE	PRANCE	alone	others		* prances around the room happily.	(?i)^(.+?)\s+prances\s+around\s+the\s+room\s+happily\.$	
PRAY	PRAY	alone	you		You feel righteous, and maybe a little foolish.	(?i)^You\s+feel\s+righteous,\s+and\s+maybe\s+a\s+little\s+foolish\.$	
PRAY	PRAY	alone	others		* begs and grovels to the powers that be.	(?i)^(.+?)\s+begs\s+and\s+grovels\s+to\s+the\s+powers\s+that\s+be\.$	
PRAY	PRAY <T-NAME>	someone	you		You pray to *.	(?i)^You\s+pray\s+to\s+(\S+)\.$	
PRAY	PRAY <T-NAME>	someone	others		* kneels and prays to *.	(?i)^(.+?)\s+kneels\s+and\s+prays\s+to\s+(.+?)\.$	
PRAY	PRAY <T-NAME>	someone	target		* prays to no one in particular.	(?i)^(.+?)\s+prays\s+to\s+no\s+one\s+in\s+particular\.$	
PRAY	PRAY SELF	self	you		Talk about narcissism...	(?i)^Talk\s+about\s+narcissism\.\.\.$	
PRAY	PRAY SELF	self	others		* performs some strange yoga-exercises and mumbles a prayer to *.	(?i)^(.+?)\s+performs\s+some\s+strange\s+yoga\-exercises\s+and\s+mumbles\s+a\s+prayer\s+to\s+(\S+)\.$	
PROPOSE	PROPOSE	alone	you		You propose to everyone in the room.	(?i)^You\s+propose\s+to\s+everyone\s+in\s+the\s+room\.$	
PROPOSE	PROPOSE	alone	others		* proposes to everyone in the room. Very odd.	(?i)^(.+?)\s+proposes\s+to\s+everyone\s+in\s+the\s+room\.\s+Very\s+odd\.$	
PROPOSE	PROPOSE <T-NAME>	someone	you		You kneel and romantically propose to *.	(?i)^You\s+kneel\s+and\s+romantically\s+propose\s+to\s+(.+?)\.$	
PROPOSE	PROPOSE <T-NAME>	someone	others		* gets on one knee and proposes to *.	(?i)^(.+?)\s+gets\s+on\s+one\s+knee\s+and\s+proposes\s+to\s+(.+?)\.$	
PROPOSE	PROPOSE <T-NAME>	someone	target		* gets down on one knee and romantically proposes to you.	(?i)^(.+?)\s+gets\s+down\s+on\s+one\s+knee\s+and\s+romantically\s+proposes\s+to\s+you\.$	
PROPOSE	PROPOSE <T-NAME>	someone	fail		You must be lonely. They aren't here.	(?i)^You\s+must\s+be\s+lonely\.\s+They\s+aren't\s+here\.$	
PROPOSE	PROPOSE SELF	self	you		You are SO full of yourself!	(?i)^You\s+are\s+SO\s+full\s+of\s+yourself!$	
PROPOSE	PROPOSE SELF	self	others		* proposes to * -- how narcissistic!	(?i)^(.+?)\s+proposes\s+to\s+(\S+)\s+\-\-\s+how\s+narcissistic!$	
PROPS	PROPS <T-NAME>	someone	you		You give * mad props!	(?i)^You\s+give\s+(.+?)\s+mad\s+props!$	
PROPS	PROPS <T-NAME>	someone	others		* gives * mad props!	(?i)^(.+?)\s+gives\s+(.+?)\s+mad\s+props!$	
PROPS	PROPS <T-NAME>	someone	target		* gives you mad props! Awesome!	(?i)^(.+?)\s+gives\s+you\s+mad\s+props!\s+Awesome!$	
PROPS	PROPS <T-NAME>	someone	fail		Give mad props to who?	(?i)^Give\s+mad\s+props\s+to\s+who\?$	
PROPS	PROPS SELF	self	you		You give mad props!	(?i)^You\s+give\s+mad\s+props!$	
PROPS	PROPS SELF	self	others		* gives * mad props. Lame!	(?i)^(.+?)\s+gives\s+(\S+)\s+mad\s+props\.\s+Lame!$	
PUKE	PUKE	alone	you	puke.wav	You puke...chunks everywhere!!! YUK!	(?i)^You\s+puke\.\.\.chunks\s+everywhere!!!\s+YUK!$	
PUKE	PUKE	alone	others	puke.wav	* pukes.	(?i)^(.+?)\s+pukes\.$	
PUKE	PUKE <T-NAME>	someone	you	puke.wav	You puke on *.	(?i)^You\s+puke\s+on\s+(\S+)\.$	
PUKE	PUKE <T-NAME>	someone	others	puke.wav	* pukes on *.	(?i)^(.+?)\s+pukes\s+on\s+(.+?)\.$	
PUKE	PUKE <T-NAME>	someone	target	puke.wav	* spews vomit and pukes all over your clothing!	(?i)^(.+?)\s+spews\s+vomit\s+and\s+pukes\s+all\s+over\s+your\s+clothing!$	
PUKE	PUKE <T-NAME>	someone	fail	puke.wav	Once again?	(?i)^Once\s+again\?$	
PUKE	PUKE SELF	self	you	puke.wav	You puke on yourself.	(?i)^You\s+puke\s+on\s+yourself\.$	PUKE <T-NAME>
PUKE	PUKE SELF	self	others	puke.wav	* pukes on * clothes.	(?i)^(.+?)\s+pukes\s+on\s+(\S+)\s+clothes\.$	PUKE <T-NAME>
PUNCH	PUNCH	alone	you		Punch whom?	(?i)^Punch\s+whom\?$	
PUNCH	PUNCH <T-NAME>	someone	you	punch.wav	You punch * playfully.	(?i)^You\s+punch\s+(\S+)\s+playfully\.$	
PUNCH	PUNCH <T-NAME>	someone	others	punch.wav	* punches * playfully.	(?i)^(.+?)\s+punches\s+(.+?)\s+playfully\.$	
PUNCH	PUNCH <T-NAME>	someone	target	punch.wav	* punches you playfully. OUCH!	(?i)^(.+?)\s+punches\s+you\s+playfully\.\s+OUCH!$	
PUNCH	PUNCH <T-NAME>	someone	fail	punch.wav	You can't find your boxing partner.	(?i)^You\s+can't\s+find\s+your\s+boxing\s+partner\.$	
PUNCH	PUNCH SELF	self	you	punch.wav	You punch yourself. You deserve it.	(?i)^You\s+punch\s+yourself\.\s+You\s+deserve\s+it\.$	
PUNCH	PUNCH SELF	self	others	punch.wav	* punches *. Why don't you join in?	(?i)^(.+?)\s+punches\s+(\S+)\.\s+Why\s+don't\s+you\s+join\s+in\?$	
PURR	PURR	alone	you	meow.wav	MMMMMMEEEEEEEEEOOOOOOOOOOOOOWWWWWWWWWWW!!!!!!!!!!!	(?i)^MMMMMMEEEEEEEEEOOOOOOOOOOOOOWWWWWWWWWWW!!!!!!!!!!!$	
PURR	PURR	alone	others	meow.wav	* purrs contentedly.	(?i)^(.+?)\s+purrs\s+contentedly\.$	
PURR	PURR <T-NAME>	someone	you	meow.wav	You rub up against * and purr contentedly.	(?i)^You\s+rub\s+up\s+against\s+(.+?)\s+and\s+purr\s+contentedly\.$	
PURR	PURR <T-NAME>	someone	others	meow.wav	* rubs against * and purrs contentedly.	(?i)^(.+?)\s+rubs\s+against\s+(.+?)\s+and\s+purrs\s+contentedly\.$	PURR
PURR	PURR <T-NAME>	someone	target	meow.wav	* rubs up against you and purrs contentedly.	(?i)^(.+?)\s+rubs\s+up\s+against\s+you\s+and\s+purrs\s+contentedly\.$	PURR
PURR	PURR <T-NAME>	someone	fail	meow.wav	You silly cat! They aren't here.	(?i)^You\s+silly\s+cat!\s+They\s+aren't\s+here\.$	
PURR	PURR SELF	self	you		You purr quietly to yourself.	(?i)^You\s+purr\s+quietly\s+to\s+yourself\.$	
PURR	PURR SELF	self	others		* purrs contentedly to *.	(?i)^(.+?)\s+purrs\s+contentedly\s+to\s+(\S+)\.$	
PURSE	PURSE	alone	you		You purse your lips.	(?i)^You\s+purse\s+your\s+lips\.$	
PURSE	PURSE	alone	others		* gains a look of perplexity as * purses * lips.	(?i)^(.+?)\s+gains\s+a\s+look\s+of\s+perplexity\s+as\s+(\S+)\s+purses\s+(\S+)\s+lips\.$	
PURSE	PURSE <T-NAME>	someone	you		You gaze at *, pursing your lips.	(?i)^You\s+gaze\s+at\s+(.+?),\s+pursing\s+your\s+lips\.$	
PURSE	PURSE <T-NAME>	someone	others		* gazes at * with * lips pursed, looking quite perplexed.	(?i)^(.+?)\s+gazes\s+at\s+(.+?)\s+with\s+(\S+)\s+lips\s+pursed,\s+looking\s+quite\s+perplexed\.$	
PURSE	PURSE <T-NAME>	someone	target		* gazes at you as * purses * lips, looking quite perplexed.	(?i)^(.+?)\s+gazes\s+at\s+you\s+as\s+(\S+)\s+purses\s+(\S+)\s+lips,\s+looking\s+quite\s+perplexed\.$	
PURSE	PURSE <T-NAME>	someone	fail		How perplexing -- they aren`t there.	(?i)^How\s+perplexing\s+\-\-\s+they\s+aren`t\s+there\.$	
RAMBLE	RAMBLE	alone	you		You ramble on and on.	(?i)^You\s+ramble\s+on\s+and\s+on\.$	
RAMBLE	RAMBLE	alone	others		* rambles on about a boring exploit.	(?i)^(.+?)\s+rambles\s+on\s+about\s+a\s+boring\s+exploit\.$	
RAMBLE	RAMBLE <T-NAME>	someone	you		You ramble on to * about your past adventures.	(?i)^You\s+ramble\s+on\s+to\s+(.+?)\s+about\s+your\s+past\s+adventures\.$	
RAMBLE	RAMBLE <T-NAME>	someone	others		* blithers on and on to * about something.	(?i)^(.+?)\s+blithers\s+on\s+and\s+on\s+to\s+(.+?)\s+about\s+something\.$	
RAMBLE	RAMBLE <T-NAME>	someone	target		* tells you a rather boring tale, you feign interest.	(?i)^(.+?)\s+tells\s+you\s+a\s+rather\s+boring\s+tale,\s+you\s+feign\s+interest\.$	
RAMBLE	RAMBLE <T-NAME>	someone	fail		??EH??	(?i)^\?\?EH\?\?$	
RASPBERRY	RASPBERRY	alone	you		You stick your tongue out at ... well, no one.	(?i)^You\s+stick\s+your\s+tongue\s+out\s+at\s+\.\.\.\s+well,\s+no\s+one\.$	TOUT <T-NAME>
RASPBERRY	RASPBERRY	alone	others		* sticks * tongue out, catching a few flies in the process.	(?i)^(.+?)\s+sticks\s+(\S+)\s+tongue\s+out,\s+catching\s+a\s+few\s+flies\s+in\s+the\s+process\.$	
RASPBERRY	RASPBERRY <T-NAME>	someone	you	raspberry.wav	You give * the raspberry... and spit all over yourself.	(?i)^You\s+give\s+(.+?)\s+the\s+raspberry\.\.\.\s+and\s+spit\s+all\s+over\s+yourself\.$	
RASPBERRY	RASPBERRY <T-NAME>	someone	others	raspberry.wav	* gives * the raspberry... PHBT! What a mess... Spit EVERYWHERE!	(?i)^(.+?)\s+gives\s+(.+?)\s+the\s+raspberry\.\.\.\s+PHBT!\s+What\s+a\s+mess\.\.\.\s+Spit\s+EVERYWHERE!$	
RASPBERRY	RASPBERRY <T-NAME>	someone	target	raspberry.wav	You are splattered with saliva as * gives you the raspberry... HOW RUDE!	(?i)^You\s+are\s+splattered\s+with\s+saliva\s+as\s+(.+?)\s+gives\s+you\s+the\s+raspberry\.\.\.\s+HOW\s+RUDE!$	
RASPBERRY	RASPBERRY <T-NAME>	someone	fail	raspberry.wav	Hang your tongue out if you like, isn`t here.	(?i)^Hang\s+your\s+tongue\s+out\s+if\s+you\s+like,\s+isn`t\s+here\.$	
RASPBERRY	RASPBERRY SELF	self	you	raspberry.wav	You try to stick your tongue out at yourself... somehow, it isn`t the same.	(?i)^You\s+try\s+to\s+stick\s+your\s+tongue\s+out\s+at\s+yourself\.\.\.\s+somehow,\s+it\s+isn`t\s+the\s+same\.$	
RAVISH	RAVISH <T-NAME>	someone	you		You ravish * leaving * breathless and disheveled.	(?i)^You\s+ravish\s+(.+?)\s+leaving\s+(\S+)\s+breathless\s+and\s+disheveled\.$	
RAVISH	RAVISH <T-NAME>	someone	others		* wildly ravishes * leaving * breathless and disheveled.	(?i)^(.+?)\s+wildly\s+ravishes\s+(.+?)\s+leaving\s+(\S+)\s+breathless\s+and\s+disheveled\.$	
RAVISH	RAVISH <T-NAME>	someone	target		* wildly ravishes you leaving you breathless and disheveled.	(?i)^(.+?)\s+wildly\s+ravishes\s+you\s+leaving\s+you\s+breathless\s+and\s+disheveled\.$	
RAVISH	RAVISH <T-NAME>	someone	fail		Ravish who?	(?i)^Ravish\s+who\?$	
REGAL	REGAL	alone	you		You sit up straight.	(?i)^You\s+sit\s+up\s+straight\.$	
REGAL	REGAL	alone	others		* sits up straight, lending * a regal appearance.	(?i)^(.+?)\s+sits\s+up\s+straight,\s+lending\s+(\S+)\s+a\s+regal\s+appearance\.$	
REGAL	REGAL <T-NAME>	someone	you		You look regally down your nose at *.	(?i)^You\s+look\s+regally\s+down\s+your\s+nose\s+at\s+(.+?)\.$	
REGAL	REGAL <T-NAME>	someone	others		* looks down upon * haughtily.	(?i)^(.+?)\s+looks\s+down\s+upon\s+(.+?)\s+haughtily\.$	
REGAL	REGAL <T-NAME>	someone	target		* looks down upon you haughtily.	(?i)^(.+?)\s+looks\s+down\s+upon\s+you\s+haughtily\.$	
REGAL	REGAL <T-NAME>	someone	fail		They left too quickly, it seems.	(?i)^They\s+left\s+too\s+quickly,\s+it\s+seems\.$	FROLICK <T-NAME>
RELAX	RELAX	alone	you		You stretch your legs and lean back to relax.	(?i)^You\s+stretch\s+your\s+legs\s+and\s+lean\s+back\s+to\s+relax\.$	
RELAX	RELAX	alone	others		* stretches out and leans back to relax.	(?i)^(.+?)\s+stretches\s+out\s+and\s+leans\s+back\s+to\s+relax\.$	
RELAX	RELAX <T-NAME>	someone	you		You lean back and relax against *.	(?i)^You\s+lean\s+back\s+and\s+relax\s+against\s+(.+?)\.$	
RELAX	RELAX <T-NAME>	someone	others		* stretches and relaxes against *.	(?i)^(.+?)\s+stretches\s+and\s+relaxes\s+against\s+(.+?)\.$	
RELAX	RELAX <T-NAME>	someone	target		* stretches out and relaxes next to you.	(?i)^(.+?)\s+stretches\s+out\s+and\s+relaxes\s+next\s+to\s+you\.$	
RELAX	RELAX <T-NAME>	someone	fail		You stretch out and relax.	(?i)^You\s+stretch\s+out\s+and\s+relax\.$	
ROAR	ROAR	alone	you		You throw back your head and let out a mighty roar.	(?i)^You\s+throw\s+back\s+your\s+head\s+and\s+let\s+out\s+a\s+mighty\s+roar\.$	
ROAR	ROAR	alone	others		* throws back * head and lets loose a mighty roar. Yikes!	(?i)^(.+?)\s+throws\s+back\s+(\S+)\s+head\s+and\s+lets\s+loose\s+a\s+mighty\s+roar\.\s+Yikes!$	
ROAR	ROAR <T-NAME>	someone	you		You roar ferociously at * making * cower in fear.	(?i)^You\s+roar\s+ferociously\s+at\s+(.+?)\s+making\s+(\S+)\s+cower\s+in\s+fear\.$	
ROAR	ROAR <T-NAME>	someone	others		* roars mightily at *.	(?i)^(.+?)\s+roars\s+mightily\s+at\s+(.+?)\.$	
ROAR	ROAR <T-NAME>	someone	target		* roars at you with bestial furor, making you cower in fear.	(?i)^(.+?)\s+roars\s+at\s+you\s+with\s+bestial\s+furor,\s+making\s+you\s+cower\s+in\s+fear\.$	
ROAR	ROAR <T-NAME>	someone	fail		Roar who?	(?i)^Roar\s+who\?$	
ROFL	ROFL	alone	you		You roll on the floor, laughing hysterically.	(?i)^You\s+roll\s+on\s+the\s+floor,\s+laughing\s+hysterically\.$	
ROFL	ROFL	alone	others		* falls to the ground and rolls around laughing hysterically.	(?i)^(.+?)\s+falls\s+to\s+the\s+ground\s+and\s+rolls\s+around\s+laughing\s+hysterically\.$	
ROFL	ROFL <T-NAME>	someone	you		You fall to the floor laughing at *'s remark.	(?i)^You\s+fall\s+to\s+the\s+floor\s+laughing\s+at\s+(.+?)'s\s+remark\.$	
ROFL	ROFL <T-NAME>	someone	others		* rolls on the floor laughing at *'s antics!	(?i)^(.+?)\s+rolls\s+on\s+the\s+floor\s+laughing\s+at\s+(.+?)'s\s+antics!$	
ROFL	ROFL <T-NAME>	someone	target		* rolls on the floor laughing at your antics!	(?i)^(.+?)\s+rolls\s+on\s+the\s+floor\s+laughing\s+at\s+your\s+antics!$	
ROFLMAO	ROFLMAO	alone	you		You roll on the floor hysterically laughing your ass off.	(?i)^You\s+roll\s+on\s+the\s+floor\s+hysterically\s+laughing\s+your\s+ass\s+off\.$	ROFLMAO SELF
ROFLMAO	ROFLMAO	alone	others		* rolls on the floor hysterically laughing * ass off.	(?i)^(.+?)\s+rolls\s+on\s+the\s+floor\s+hysterically\s+laughing\s+(\S+)\s+ass\s+off\.$	ROFLMAO SELF
ROFLMAO	ROFLMAO <T-NAME>	someone	you		You roll on the floor laughing your ass off at * joke!	(?i)^You\s+roll\s+on\s+the\s+floor\s+laughing\s+your\s+ass\s+off\s+at\s+(\S+)\s+joke!$	
ROFLMAO	ROFLMAO <T-NAME>	someone	others		* rolls on the floor laughing * ass of at *'s joke!	(?i)^(.+?)\s+rolls\s+on\s+the\s+floor\s+laughing\s+(\S+)\s+ass\s+of\s+at\s+(.+?)'s\s+joke!$	
ROFLMAO	ROFLMAO <T-NAME>	someone	target		* rolls on the floor laughing * ass off at you!	(?i)^(.+?)\s+rolls\s+on\s+the\s+floor\s+laughing\s+(\S+)\s+ass\s+off\s+at\s+you!$	
ROFLMAO	ROFLMAO <T-NAME>	someone	fail		You can roll on the floor, but they aren`t around to laugh at.	(?i)^You\s+can\s+roll\s+on\s+the\s+floor,\s+but\s+they\s+aren`t\s+around\s+to\s+laugh\s+at\.$	
ROFLMAO	ROFLMAO SELF	self	you		You roll on the floor hysterically laughing your ass off.	(?i)^You\s+roll\s+on\s+the\s+floor\s+hysterically\s+laughing\s+your\s+ass\s+off\.$	ROFLMAO
ROFLMAO	ROFLMAO SELF	self	others		* rolls on the floor hysterically laughing * ass off.	(?i)^(.+?)\s+rolls\s+on\s+the\s+floor\s+hysterically\s+laughing\s+(\S+)\s+ass\s+off\.$	ROFLMAO
ROLL	ROLL	alone	you		You roll your eyes in disgust.	(?i)^You\s+roll\s+your\s+eyes\s+in\s+disgust\.$	
ROLL	ROLL	alone	others		* rolls * eyes, disgusted.	(?i)^(.+?)\s+rolls\s+(\S+)\s+eyes,\s+disgusted\.$	
ROLL	ROLL <T-NAME>	someone	you		You look at * and roll your eyes in disgust.	(?i)^You\s+look\s+at\s+(.+?)\s+and\s+roll\s+your\s+eyes\s+in\s+disgust\.$	
ROLL	ROLL <T-NAME>	someone	others		* rolls * eyes in disgust at *.	(?i)^(.+?)\s+rolls\s+(\S+)\s+eyes\s+in\s+disgust\s+at\s+(.+?)\.$	
ROLL	ROLL <T-NAME>	someone	target		* rolls * eyes at you.	(?i)^(.+?)\s+rolls\s+(\S+)\s+eyes\s+at\s+you\.$	
ROLL	ROLL <T-NAME>	someone	fail		You should be disgusted with yourself because you look so foolish.	(?i)^You\s+should\s+be\s+disgusted\s+with\s+yourself\s+because\s+you\s+look\s+so\s+foolish\.$	
ROLL	ROLL SELF	self	you		At whom do you wish to roll your eyes?	(?i)^At\s+whom\s+do\s+you\s+wish\s+to\s+roll\s+your\s+eyes\?$	
ROLLOVER	ROLLOVER	alone	you		You roll over onto your back waiting for someone to scratch your belly.	(?i)^You\s+roll\s+over\s+onto\s+your\s+back\s+waiting\s+for\s+someone\s+to\s+scratch\s+your\s+belly\.$	
ROLLOVER	ROLLOVER	alone	others		* rolls over onto * back waiting for you to scratch * belly.	(?i)^(.+?)\s+rolls\s+over\s+onto\s+(\S+)\s+back\s+waiting\s+for\s+you\s+to\s+scratch\s+(\S+)\s+belly\.$	
ROSE	ROSE	alone	you		Who would you like to give it to?	(?i)^Who\s+would\s+you\s+like\s+to\s+give\s+it\s+to\?$	
ROSE	ROSE <T-NAME>	someone	you		You give * a pretty rose.	(?i)^You\s+give\s+(\S+)\s+a\s+pretty\s+rose\.$	
ROSE	ROSE <T-NAME>	someone	others		* hands * a beautiful rose.	(?i)^(.+?)\s+hands\s+(.+?)\s+a\s+beautiful\s+rose\.$	
ROSE	ROSE <T-NAME>	someone	target		* hands you a beautiful ---'---,--{@	(?i)^(.+?)\s+hands\s+you\s+a\s+beautiful\s+\-\-\-'\-\-\-,\-\-\{@$	
ROSE	ROSE <T-NAME>	someone	fail		They seem to have left.	(?i)^They\s+seem\s+to\s+have\s+left\.$	
ROSE	ROSE SELF	self	you		You give yourself a rose and feel a little sad...	(?i)^You\s+give\s+yourself\s+a\s+rose\s+and\s+feel\s+a\s+little\s+sad\.\.\.$	
ROSE	ROSE SELF	self	others		* gives * a rose, dont you feel sorry for *?	(?i)^(.+?)\s+gives\s+(\S+)\s+a\s+rose,\s+dont\s+you\s+feel\s+sorry\s+for\s+(\S+)\?$	
RUB	RUB	alone	you		You rub your hands together in greedy anticipation.	(?i)^You\s+rub\s+your\s+hands\s+together\s+in\s+greedy\s+anticipation\.$	
RUB	RUB	alone	others		* rubs * hands together in greedy anticipation.	(?i)^(.+?)\s+rubs\s+(\S+)\s+hands\s+together\s+in\s+greedy\s+anticipation\.$	
RUB	RUB <T-NAME>	someone	you		You give * a nice, long, kinky rubdown.	(?i)^You\s+give\s+(.+?)\s+a\s+nice,\s+long,\s+kinky\s+rubdown\.$	
RUB	RUB <T-NAME>	someone	others		* gives * a nice long rubdown.	(?i)^(.+?)\s+gives\s+(.+?)\s+a\s+nice\s+long\s+rubdown\.$	
RUB	RUB <T-NAME>	someone	target		* gives you a rubdown, running * hands over your tense shoulders...Mmmm...	(?i)^(.+?)\s+gives\s+you\s+a\s+rubdown,\s+running\s+(\S+)\s+hands\s+over\s+your\s+tense\s+shoulders\.\.\.Mmmm\.\.\.$	
RUB	RUB <T-NAME>	someone	fail		Shame to waste those talented hands, but they've already left.	(?i)^Shame\s+to\s+waste\s+those\s+talented\s+hands,\s+but\s+they've\s+already\s+left\.$	
RUB	RUB SELF	self	you		You rub yourself...lingering a little too long in some places.	(?i)^You\s+rub\s+yourself\.\.\.lingering\s+a\s+little\s+too\s+long\s+in\s+some\s+places\.$	
RUB	RUB SELF	self	others		* rubs *...what a creep!	(?i)^(.+?)\s+rubs\s+(\S+)\.\.\.what\s+a\s+creep!$	
RUFFLE	RUFFLE	alone	you		You've got to ruffle SOMEONE.	(?i)^You've\s+got\s+to\s+ruffle\s+SOMEONE\.$	
RUFFLE	RUFFLE <T-NAME>	someone	you		You ruffle *'s hair playfully.	(?i)^You\s+ruffle\s+(.+?)'s\s+hair\s+playfully\.$	
RUFFLE	RUFFLE <T-NAME>	someone	others		* ruffles *'s hair playfully.	(?i)^(.+?)\s+ruffles\s+(.+?)'s\s+hair\s+playfully\.$	
RUFFLE	RUFFLE <T-NAME>	someone	target		* ruffles your hair playfully.	(?i)^(.+?)\s+ruffles\s+your\s+hair\s+playfully\.$	
RUFFLE	RUFFLE <T-NAME>	someone	fail		Might be a bit difficult.	(?i)^Might\s+be\s+a\s+bit\s+difficult\.$	
RUFFLE	RUFFLE SELF	self	you		You ruffle your hair, wondering how far you can go before the rest think you're crazy.	(?i)^You\s+ruffle\s+your\s+hair,\s+wondering\s+how\s+far\s+you\s+can\s+go\s+before\s+the\s+rest\s+think\s+you're\s+crazy\.$	
RUFFLE	RUFFLE SELF	self	others		* ruffles * hair - weirdo!	(?i)^(.+?)\s+ruffles\s+(\S+)\s+hair\s+\-\s+weirdo!$	
RUN	RUN	alone	you		You run away in terror and horror!	(?i)^You\s+run\s+away\s+in\s+terror\s+and\s+horror!$	
RUN	RUN	alone	others		* runs away in utter terror!	(?i)^(.+?)\s+runs\s+away\s+in\s+utter\s+terror!$	
RUN	RUN <T-NAME>	someone	you		You run away from * in complete terror!	(?i)^You\s+run\s+away\s+from\s+(.+?)\s+in\s+complete\s+terror!$	
RUN	RUN <T-NAME>	someone	others		* runs away from * in utter terror and horror!	(?i)^(.+?)\s+runs\s+away\s+from\s+(.+?)\s+in\s+utter\s+terror\s+and\s+horror!$	
RUN	RUN <T-NAME>	someone	target		* runs from you, fearing for * life!	(?i)^(.+?)\s+runs\s+from\s+you,\s+fearing\s+for\s+(\S+)\s+life!$	
RUN	RUN <T-NAME>	someone	fail		No reason to be afraid, they aren't here.	(?i)^No\s+reason\s+to\s+be\s+afraid,\s+they\s+aren't\s+here\.$	
RUN	RUN SELF	self	you		Are you THAT ugly?	(?i)^Are\s+you\s+THAT\s+ugly\?$	
RUN	RUN SELF	self	others		* looks in the mirror, sees * face, and runs away terrified!	(?i)^(.+?)\s+looks\s+in\s+the\s+mirror,\s+sees\s+(\S+)\s+face,\s+and\s+runs\s+away\s+terrified!$	
SAGE	SAGE	alone	you		You nod sagely.	(?i)^You\s+nod\s+sagely\.$	
SAGE	SAGE	alone	others		* nods sagely.	(?i)^(.+?)\s+nods\s+sagely\.$	
SALUTE	SALUTE	alone	you		You click your heels together and salute sharply.	(?i)^You\s+click\s+your\s+heels\s+together\s+and\s+salute\s+sharply\.$	
SALUTE	SALUTE	alone	others		* clicks * heels together and salutes sharply.	(?i)^(.+?)\s+clicks\s+(\S+)\s+heels\s+together\s+and\s+salutes\s+sharply\.$	SALUTE <T-NAME>
SALUTE	SALUTE <T-NAME>	someone	you		You click your heels together and salute *. Yes, sir!!	(?i)^You\s+click\s+your\s+heels\s+together\s+and\s+salute\s+(.+?)\.\s+Yes,\s+sir!!$	
SALUTE	SALUTE <T-NAME>	someone	others		* clicks * heels together and salutes *.	(?i)^(.+?)\s+clicks\s+(\S+)\s+heels\s+together\s+and\s+salutes\s+(.+?)\.$	
SALUTE	SALUTE <T-NAME>	someone	target		* salutes you obediently.	(?i)^(.+?)\s+salutes\s+you\s+obediently\.$	
SALUTE	SALUTE <T-NAME>	someone	fail		Salute who?	(?i)^Salute\s+who\?$	
SALUTE	SALUTE SELF	self	you		You salute yourself, how pathetic.	(?i)^You\s+salute\s+yourself,\s+how\s+pathetic\.$	
SALUTE	SALUTE SELF	self	others		* smartly salutes *.	(?i)^(.+?)\s+smartly\s+salutes\s+(\S+)\.$	
SCRATCH	SCRATCH	alone	you		You scratch yourself contentedly.	(?i)^You\s+scratch\s+yourself\s+contentedly\.$	
SCRATCH	SCRATCH	alone	others		* reaches down and scratches *... Now * looks VERY happy.	(?i)^(.+?)\s+reaches\s+down\s+and\s+scratches\s+(\S+)\.\.\.\s+Now\s+(\S+)\s+looks\s+VERY\s+happy\.$	
SCRATCH	SCRATCH <T-NAME>	someone	you		You scratch * on * belly.	(?i)^You\s+scratch\s+(.+?)\s+on\s+(\S+)\s+belly\.$	
SCRATCH	SCRATCH <T-NAME>	someone	others		* scratches * on * belly.	(?i)^(.+?)\s+scratches\s+(.+?)\s+on\s+(\S+)\s+belly\.$	
SCRATCH	SCRATCH <T-NAME>	someone	target		* scratches your belly, causing you to shake your leg wildly. WOOF!	(?i)^(.+?)\s+scratches\s+your\s+belly,\s+causing\s+you\s+to\s+shake\s+your\s+leg\s+wildly\.\s+WOOF!$	
SCRATCH	SCRATCH <T-NAME>	someone	fail		Scratch who?	(?i)^Scratch\s+who\?$	
SCREAM	SCREAM	alone	you		ARRRRRRRRRRGH!!!!!	(?i)^ARRRRRRRRRRGH!!!!!$	
SCREAM	SCREAM	alone	others		* screams loudly!	(?i)^(.+?)\s+screams\s+loudly!$	
SCREAM	SCREAM <T-NAME>	someone	you		ARRRRRRRRRRGH!!!!! Yes, it MUST have been * fault!!!	(?i)^ARRRRRRRRRRGH!!!!!\s+Yes,\s+it\s+MUST\s+have\s+been\s+(\S+)\s+fault!!!$	
SCREAM	SCREAM <T-NAME>	someone	others		* screams loudly at *. Better leave before * blames you, too!!!	(?i)^(.+?)\s+screams\s+loudly\s+at\s+(.+?)\.\s+Better\s+leave\s+before\s+(.+?)\s+blames\s+you,\s+too!!!$	
SCREAM	SCREAM <T-NAME>	someone	target		* screams at you! That's not nice! *sniff*	(?i)^(.+?)\s+screams\s+at\s+you!\s+That's\s+not\s+nice!\s+\*sniff\*$	
SCREAM	SCREAM <T-NAME>	someone	fail		Your lungs can't reach that far!	(?i)^Your\s+lungs\s+can't\s+reach\s+that\s+far!$	
SCREAM	SCREAM SELF	self	you		You scream at yourself. Yes, that's ONE way of relieving tension!	(?i)^You\s+scream\s+at\s+yourself\.\s+Yes,\s+that's\s+ONE\s+way\s+of\s+relieving\s+tension!$	
SCREAM	SCREAM SELF	self	others		* screams loudly at *! Is there a full moon up?	(?i)^(.+?)\s+screams\s+loudly\s+at\s+(\S+)!\s+Is\s+there\s+a\s+full\s+moon\s+up\?$	
SCUFF	SCUFF	alone	you		You scuff your foot sheepishly.	(?i)^You\s+scuff\s+your\s+foot\s+sheepishly\.$	
SCUFF	SCUFF	alone	others		* scuffs * foot in the dirt, looking very sheepish.	(?i)^(.+?)\s+scuffs\s+(\S+)\s+foot\s+in\s+the\s+dirt,\s+looking\s+very\s+sheepish\.$	
SCUFF	SCUFF <T-NAME>	someone	you		You scuff your foot, avoiding *'s gaze.	(?i)^You\s+scuff\s+your\s+foot,\s+avoiding\s+(.+?)'s\s+gaze\.$	
SCUFF	SCUFF <T-NAME>	someone	others		* scuffs * foot and shyly avoids *'s gaze.	(?i)^(.+?)\s+scuffs\s+(\S+)\s+foot\s+and\s+shyly\s+avoids\s+(.+?)'s\s+gaze\.$	
SCUFF	SCUFF <T-NAME>	someone	target		* scuffs * foot and shyly avoids your gaze.	(?i)^(.+?)\s+scuffs\s+(\S+)\s+foot\s+and\s+shyly\s+avoids\s+your\s+gaze\.$	
SCUFF	SCUFF <T-NAME>	someone	fail		They aren't here.	(?i)^They\s+aren't\s+here\.$	CUDDLE <T-NAME>; PEER <T-NAME>; SNUGGLE <T-NAME>
SERENADE	SERENADE	alone	you		You raise your voice in a loud serenade to your invisible love.	(?i)^You\s+raise\s+your\s+voice\s+in\s+a\s+loud\s+serenade\s+to\s+your\s+invisible\s+love\.$	
SERENADE	SERENADE	alone	others		* raises * voice to serenade the world.	(?i)^(.+?)\s+raises\s+(\S+)\s+voice\s+to\s+serenade\s+the\s+world\.$	
SERENADE	SERENADE <T-NAME>	someone	you		You raise your voice in a loving serenade to *.	(?i)^You\s+raise\s+your\s+voice\s+in\s+a\s+loving\s+serenade\s+to\s+(.+?)\.$	
SERENADE	SERENADE <T-NAME>	someone	others		* raises * voice in a loving serenade to *.	(?i)^(.+?)\s+raises\s+(\S+)\s+voice\s+in\s+a\s+loving\s+serenade\s+to\s+(.+?)\.$	
SERENADE	SERENADE <T-NAME>	someone	target		* serenades you, you are swept away by * voice.	(?i)^(.+?)\s+serenades\s+you,\s+you\s+are\s+swept\s+away\s+by\s+(\S+)\s+voice\.$	
SERENADE	SERENADE <T-NAME>	someone	fail		The one that you wish to serenade has left you to sing to yourself.	(?i)^The\s+one\s+that\s+you\s+wish\s+to\s+serenade\s+has\s+left\s+you\s+to\s+sing\s+to\s+yourself\.$	
SERENADE	SERENADE SELF	self	you		You sing a loud serenade to yourself. What type of person are you?!	(?i)^You\s+sing\s+a\s+loud\s+serenade\s+to\s+yourself\.\s+What\s+type\s+of\s+person\s+are\s+you\?!$	
SERENADE	SERENADE SELF	self	others		* serenades *. What an ego!	(?i)^(.+?)\s+serenades\s+(\S+)\.\s+What\s+an\s+ego!$	
SHAKE	SHAKE	alone	you		You shake your head.	(?i)^You\s+shake\s+your\s+head\.$	
SHAKE	SHAKE	alone	others		* shakes * head.	(?i)^(.+?)\s+shakes\s+(\S+)\s+head\.$	
SHAKE	SHAKE <T-NAME>	someone	you		you shake your head disapprovingly at *.	(?i)^you\s+shake\s+your\s+head\s+disapprovingly\s+at\s+(.+?)\.$	
SHAKE	SHAKE <T-NAME>	someone	others		* shakes * head disapprovingly at *.	(?i)^(.+?)\s+shakes\s+(\S+)\s+head\s+disapprovingly\s+at\s+(.+?)\.$	
SHAKE	SHAKE <T-NAME>	someone	target		* shakes * head at you and * does not look pleased.	(?i)^(.+?)\s+shakes\s+(\S+)\s+head\s+at\s+you\s+and\s+(\S+)\s+does\s+not\s+look\s+pleased\.$	
SHAKE	SHAKE <T-NAME>	someone	fail		Sorry good buddy, but that person doesn't seem to be here.	(?i)^Sorry\s+good\s+buddy,\s+but\s+that\s+person\s+doesn't\s+seem\s+to\s+be\s+here\.$	
SHAKE	SHAKE SELF	self	you		You are shaken by yourself.	(?i)^You\s+are\s+shaken\s+by\s+yourself\.$	
SHAKE	SHAKE SELF	self	others		* shakes *.	(?i)^(.+?)\s+shakes\s+(\S+)\.$	
SHIVER	SHIVER	alone	you		Brrrrrrrrr.	(?i)^Brrrrrrrrr\.$	
SHIVER	SHIVER	alone	others		* shivers uncomfortably.	(?i)^(.+?)\s+shivers\s+uncomfortably\.$	
SHIVER	SHIVER <T-NAME>	someone	you		You shiver at the thought of fighting *.	(?i)^You\s+shiver\s+at\s+the\s+thought\s+of\s+fighting\s+(\S+)\.$	
SHIVER	SHIVER <T-NAME>	someone	others		* shivers at the thought of fighting *.	(?i)^(.+?)\s+shivers\s+at\s+the\s+thought\s+of\s+fighting\s+(.+?)\.$	
SHIVER	SHIVER <T-NAME>	someone	target		* shivers at the suicidal thought of fighting you.	(?i)^(.+?)\s+shivers\s+at\s+the\s+suicidal\s+thought\s+of\s+fighting\s+you\.$	
SHIVER	SHIVER <T-NAME>	someone	fail		You don't see any reason to shiver.	(?i)^You\s+don't\s+see\s+any\s+reason\s+to\s+shiver\.$	
SHIVER	SHIVER SELF	self	you		You shiver to yourself?	(?i)^You\s+shiver\s+to\s+yourself\?$	
SHIVER	SHIVER SELF	self	others		* scares * to shivers.	(?i)^(.+?)\s+scares\s+(\S+)\s+to\s+shivers\.$	
SHOO	SHOO	alone	you		You shoo everyone away.	(?i)^You\s+shoo\s+everyone\s+away\.$	SHOO <T-NAME>
SHOO	SHOO	alone	others		* shoos everyone away. Get lost!	(?i)^(.+?)\s+shoos\s+everyone\s+away\.\s+Get\s+lost!$	
SHOO	SHOO <T-NAME>	someone	you		You shoo * away.	(?i)^You\s+shoo\s+(.+?)\s+away\.$	
SHOO	SHOO <T-NAME>	someone	others		* shoos *. Watch out or * might shoo you!	(?i)^(.+?)\s+shoos\s+(.+?)\.\s+Watch\s+out\s+or\s+(\S+)\s+might\s+shoo\s+you!$	
SHOO	SHOO <T-NAME>	someone	target		* shoos you away. Watch out!	(?i)^(.+?)\s+shoos\s+you\s+away\.\s+Watch\s+out!$	
SHOO	SHOO <T-NAME>	someone	fail		No shoo for you!	(?i)^No\s+shoo\s+for\s+you!$	
SHRUG	SHRUG	alone	you		You shrug helplessly.	(?i)^You\s+shrug\s+helplessly\.$	
SHRUG	SHRUG	alone	others		* shrugs helplessly.	(?i)^(.+?)\s+shrugs\s+helplessly\.$	
SHRUG	SHRUG <T-NAME>	someone	you		You shrug in response to * question.	(?i)^You\s+shrug\s+in\s+response\s+to\s+(\S+)\s+question\.$	
SHRUG	SHRUG <T-NAME>	someone	others		* shrugs in response to *'s question.	(?i)^(.+?)\s+shrugs\s+in\s+response\s+to\s+(.+?)'s\s+question\.$	
SHRUG	SHRUG <T-NAME>	someone	target		* shrugs in response to your question.	(?i)^(.+?)\s+shrugs\s+in\s+response\s+to\s+your\s+question\.$	
SHRUG	SHRUG <T-NAME>	someone	fail		You shrug to no one in particular.	(?i)^You\s+shrug\s+to\s+no\s+one\s+in\s+particular\.$	
SHRUG	SHRUG SELF	self	you		You shrug to yourself.	(?i)^You\s+shrug\s+to\s+yourself\.$	
SHRUG	SHRUG SELF	self	others		* shrugs to *.	(?i)^(.+?)\s+shrugs\s+to\s+(\S+)\.$	
SHUDDER	SHUDDER	alone	you		You shudder at the horror and repress tears.	(?i)^You\s+shudder\s+at\s+the\s+horror\s+and\s+repress\s+tears\.$	
SHUDDER	SHUDDER	alone	others		* shudders at the horror and represses tears.	(?i)^(.+?)\s+shudders\s+at\s+the\s+horror\s+and\s+represses\s+tears\.$	
SIGH	SIGH	alone	you		You sigh.	(?i)^You\s+sigh\.$	
SIGH	SIGH	alone	others		* sighs.	(?i)^(.+?)\s+sighs\.$	
SIGH	SIGH <T-NAME>	someone	you		You sigh as you think of *.	(?i)^You\s+sigh\s+as\s+you\s+think\s+of\s+(\S+)\.$	
SIGH	SIGH <T-NAME>	someone	others		* sighs at the sight of *.	(?i)^(.+?)\s+sighs\s+at\s+the\s+sight\s+of\s+(.+?)\.$	
SIGH	SIGH <T-NAME>	someone	target		* sighs as * thinks of you. Touching, huh?	(?i)^(.+?)\s+sighs\s+as\s+(\S+)\s+thinks\s+of\s+you\.\s+Touching,\s+huh\?$	
SIGH	SIGH <T-NAME>	someone	fail		You really sigh, since you don't see your friend.	(?i)^You\s+really\s+sigh,\s+since\s+you\s+don't\s+see\s+your\s+friend\.$	
SIGH	SIGH SELF	self	you		You sigh at yourself. You MUST be lonely.	(?i)^You\s+sigh\s+at\s+yourself\.\s+You\s+MUST\s+be\s+lonely\.$	
SIGH	SIGH SELF	self	others		* sighs at *.	(?i)^(.+?)\s+sighs\s+at\s+(\S+)\.$	
SILLY	SILLY	alone	you		You do the silly walk all around the room.	(?i)^You\s+do\s+the\s+silly\s+walk\s+all\s+around\s+the\s+room\.$	
SILLY	SILLY	alone	others		* does the silly walk all around the room. * *is* silly.	(?i)^(.+?)\s+does\s+the\s+silly\s+walk\s+all\s+around\s+the\s+room\.\s+(\S+)\s+\*is\*\s+silly\.$	
SLAP	SLAP	alone	you		What is the sound of one hand slapping?	(?i)^What\s+is\s+the\s+sound\s+of\s+one\s+hand\s+slapping\?$	
SLAP	SLAP <T-NAME>	someone	you	slap.wave	*thwock!* You slap * ringingly.	(?i)^\*thwock!\*\s+You\s+slap\s+(.+?)\s+ringingly\.$	
SLAP	SLAP <T-NAME>	someone	others	slap.wave	*thwock!* * slaps *!	(?i)^\*thwock!\*\s+(.+?)\s+slaps\s+(.+?)!$	
SLAP	SLAP <T-NAME>	someone	target	slap.wave	* slaps you stingingly.	(?i)^(.+?)\s+slaps\s+you\s+stingingly\.$	
SLAP	SLAP <T-NAME>	someone	fail	slap.wave	How about slapping someone in the same room as you ??	(?i)^How\s+about\s+slapping\s+someone\s+in\s+the\s+same\s+room\s+as\s+you\s+\?\?$	
SLAP	SLAP SELF	self	you	slap.wav	You slap yourself, silly you.	(?i)^You\s+slap\s+yourself,\s+silly\s+you\.$	
SLAP	SLAP SELF	self	others	slap.wav	* slaps *, really strange ...	(?i)^(.+?)\s+slaps\s+(\S+),\s+really\s+strange\s+\.\.\.$	
SLOBBER	SLOBBER	alone	you		You slobber down your front.	(?i)^You\s+slobber\s+down\s+your\s+front\.$	
SLOBBER	SLOBBER	alone	others		* slobbers all over *.	(?i)^(.+?)\s+slobbers\s+all\s+over\s+(\S+)\.$	
SLOBBER	SLOBBER <T-NAME>	someone	you		You slobber on *.	(?i)^You\s+slobber\s+on\s+(.+?)\.$	
SLOBBER	SLOBBER <T-NAME>	someone	others		* slobbers on * **Yuck**	(?i)^(.+?)\s+slobbers\s+on\s+(.+?)\s+\*\*Yuck\*\*$	
SLOBBER	SLOBBER <T-NAME>	someone	target		* slobbers disgustingly on you.	(?i)^(.+?)\s+slobbers\s+disgustingly\s+on\s+you\.$	
SLOBBER	SLOBBER <T-NAME>	someone	fail		Slobber on WHOM?	(?i)^Slobber\s+on\s+WHOM\?$	
SLOWDANCE	SLOWDANCE <T-NAME>	someone	you		You place your hand on *`s hips and start to slowly sway back and forth in a slow dance.	(?i)^You\s+place\s+your\s+hand\s+on\s+(.+?)`s\s+hips\s+and\s+start\s+to\s+slowly\s+sway\s+back\s+and\s+forth\s+in\s+a\s+slow\s+dance\.$	
SLOWDANCE	SLOWDANCE <T-NAME>	someone	others		* places * hands on *`s hips and begins to sway back and forth in a slow dance.	(?i)^(.+?)\s+places\s+(\S+)\s+hands\s+on\s+(.+?)`s\s+hips\s+and\s+begins\s+to\s+sway\s+back\s+and\s+forth\s+in\s+a\s+slow\s+dance\.$	
SLOWDANCE	SLOWDANCE <T-NAME>	someone	target		* places * hands on your hips and slowly dances with you.	(?i)^(.+?)\s+places\s+(\S+)\s+hands\s+on\s+your\s+hips\s+and\s+slowly\s+dances\s+with\s+you\.$	
SLOWDANCE	SLOWDANCE <T-NAME>	someone	fail		Slowdance who?	(?i)^Slowdance\s+who\?$	
SMILE	SMILE	alone	you		You smile.	(?i)^You\s+smile\.$	
SMILE	SMILE	alone	others		* smiles.	(?i)^(.+?)\s+smiles\.$	
SMILE	SMILE <T-NAME>	someone	you		You smile at *.	(?i)^You\s+smile\s+at\s+(\S+)\.$	
SMILE	SMILE <T-NAME>	someone	others		* smiles at *.	(?i)^(.+?)\s+smiles\s+at\s+(.+?)\.$	SMILE SELF
SMILE	SMILE <T-NAME>	someone	target		* smiles at you.	(?i)^(.+?)\s+smiles\s+at\s+you\.$	SMILE SELF
SMILE	SMILE <T-NAME>	someone	fail		There`s no one by that name around.	(?i)^There`s\s+no\s+one\s+by\s+that\s+name\s+around\.$	
SMILE	SMILE SELF	self	you		You smile at yourself.	(?i)^You\s+smile\s+at\s+yourself\.$	SMILE <T-NAME>
SMILE	SMILE SELF	self	others		* smiles at *.	(?i)^(.+?)\s+smiles\s+at\s+(\S+)\.$	SMILE <T-NAME>
SMIRK	SMIRK	alone	you		You smirk.	(?i)^You\s+smirk\.$	
SMIRK	SMIRK	alone	others		* smirks.	(?i)^(.+?)\s+smirks\.$	
SMIRK	SMIRK <T-NAME>	someone	you		You smirk at *.	(?i)^You\s+smirk\s+at\s+(.+?)\.$	
SMIRK	SMIRK <T-NAME>	someone	others		* smirks at *.	(?i)^(.+?)\s+smirks\s+at\s+(.+?)\.$	
SMIRK	SMIRK <T-NAME>	someone	target		* smirks at you.	(?i)^(.+?)\s+smirks\s+at\s+you\.$	
SMIRK	SMIRK <T-NAME>	someone	fail		You want to smirk to whom?	(?i)^You\s+want\s+to\s+smirk\s+to\s+whom\?$	
SMIRK	SMIRK SELF	self	you		You smirk at yourself. Okay.....	(?i)^You\s+smirk\s+at\s+yourself\.\s+Okay\.\.\.\.\.$	SMIRK <T-NAME>
SMIRK	SMIRK SELF	self	others		* smirks at * own 'wisdom'.	(?i)^(.+?)\s+smirks\s+at\s+(\S+)\s+own\s+'wisdom'\.$	SMIRK <T-NAME>
SMOLDER	SMOLDER <T-NAME>	someone	you		You gaze at * with seductive, smoldering eyes.	(?i)^You\s+gaze\s+at\s+(.+?)\s+with\s+seductive,\s+smoldering\s+eyes\.$	
SMOLDER	SMOLDER <T-NAME>	someone	others		* gazes at * with seductive, smoldering eyes.	(?i)^(.+?)\s+gazes\s+at\s+(.+?)\s+with\s+seductive,\s+smoldering\s+eyes\.$	
SMOLDER	SMOLDER <T-NAME>	someone	target		* gazes at you with seductive, smoldering eyes.	(?i)^(.+?)\s+gazes\s+at\s+you\s+with\s+seductive,\s+smoldering\s+eyes\.$	
SMOLDER	SMOLDER <T-NAME>	someone	fail		Smolder who?	(?i)^Smolder\s+who\?$	
SMOOCH	SMOOCH	alone	you		You smooch thin air.	(?i)^You\s+smooch\s+thin\s+air\.$	SMOOCH <T-NAME>
SMOOCH	SMOOCH	alone	others		* puckers up and smooches nothing but air.	(?i)^(.+?)\s+puckers\s+up\s+and\s+smooches\s+nothing\s+but\s+air\.$	
SMOOCH	SMOOCH <T-NAME>	someone	you		You smooch *.	(?i)^You\s+smooch\s+(.+?)\.$	
SMOOCH	SMOOCH <T-NAME>	someone	others		* smoochs *.	(?i)^(.+?)\s+smoochs\s+(.+?)\.$	
SMOOCH	SMOOCH <T-NAME>	someone	target		* smooches you.	(?i)^(.+?)\s+smooches\s+you\.$	
SMOOCH	SMOOCH <T-NAME>	someone	fail		Smooch who?	(?i)^Smooch\s+who\?$	
SMOOCH	SMOOCH SELF	self	you		You smooch yourself.	(?i)^You\s+smooch\s+yourself\.$	SMOOCH <T-NAME>
SMOOCH	SMOOCH SELF	self	others		* smooches * own hand.	(?i)^(.+?)\s+smooches\s+(\S+)\s+own\s+hand\.$	
SMURF	SMURF	alone	you		Who would you like to smurf?	(?i)^Who\s+would\s+you\s+like\s+to\s+smurf\?$	
SMURF	SMURF <T-NAME>	someone	you		You smurf *.	(?i)^You\s+smurf\s+(.+?)\.$	
SMURF	SMURF <T-NAME>	someone	others		* smurfs *.	(?i)^(.+?)\s+smurfs\s+(.+?)\.$	
SMURF	SMURF <T-NAME>	someone	target		* smurfs you!	(?i)^(.+?)\s+smurfs\s+you!$	
SMURF	SMURF <T-NAME>	someone	fail		That's not smurfy! They left!	(?i)^That's\s+not\s+smurfy!\s+They\s+left!$	
SMURF	SMURF SELF	self	you		You smurf.	(?i)^You\s+smurf\.$	
SMURF	SMURF SELF	self	others		* smurfs.	(?i)^(.+?)\s+smurfs\.$	
SNAP	SNAP	alone	you		Eureka! You snap your fingers.	(?i)^Eureka!\s+You\s+snap\s+your\s+fingers\.$	
SNAP	SNAP	alone	others		* snaps * fingers.	(?i)^(.+?)\s+snaps\s+(\S+)\s+fingers\.$	
SNAP	SNAP <T-NAME>	someone	you		You snap back at *.	(?i)^You\s+snap\s+back\s+at\s+(\S+)\.$	
SNAP	SNAP <T-NAME>	someone	others		* snaps back at *.	(?i)^(.+?)\s+snaps\s+back\s+at\s+(.+?)\.$	
SNAP	SNAP <T-NAME>	someone	target		* snaps back at you!	(?i)^(.+?)\s+snaps\s+back\s+at\s+you!$	
SNAP	SNAP <T-NAME>	someone	fail		You must be very agitated.	(?i)^You\s+must\s+be\s+very\s+agitated\.$	
SNAP	SNAP SELF	self	you		You snap yourself to attention.	(?i)^You\s+snap\s+yourself\s+to\s+attention\.$	
SNAP	SNAP SELF	self	others		* snaps * to attention.	(?i)^(.+?)\s+snaps\s+(\S+)\s+to\s+attention\.$	
SNARL	SNARL	alone	you		You grizzle your teeth and look mean.	(?i)^You\s+grizzle\s+your\s+teeth\s+and\s+look\s+mean\.$	
SNARL	SNARL	alone	others		* snarls angrily.	(?i)^(.+?)\s+snarls\s+angrily\.$	
SNARL	SNARL <T-NAME>	someone	you		You snarl at *.	(?i)^You\s+snarl\s+at\s+(\S+)\.$	
SNARL	SNARL <T-NAME>	someone	others		* snarls at *.	(?i)^(.+?)\s+snarls\s+at\s+(.+?)\.$	SNARL SELF
SNARL	SNARL <T-NAME>	someone	target		* snarls at you, for some reason.	(?i)^(.+?)\s+snarls\s+at\s+you,\s+for\s+some\s+reason\.$	
SNARL	SNARL <T-NAME>	someone	fail		No need to snarl!	(?i)^No\s+need\s+to\s+snarl!$	
SNARL	SNARL SELF	self	you		You snarl at yourself.	(?i)^You\s+snarl\s+at\s+yourself\.$	SNARL <T-NAME>
SNARL	SNARL SELF	self	others		* snarls at *.	(?i)^(.+?)\s+snarls\s+at\s+(\S+)\.$	SNARL <T-NAME>
SNEEZE	SNEEZE	alone	you	sneeze.wav	ACHOOOOOO!	(?i)^ACHOOOOOO!$	
SNEEZE	SNEEZE	alone	others	sneeze.wav	* sneezes.	(?i)^(.+?)\s+sneezes\.$	
SNICKER	SNICKER	alone	you	snicker.wav	You snicker.	(?i)^You\s+snicker\.$	
SNICKER	SNICKER	alone	others	snicker.wav	* snickers.	(?i)^(.+?)\s+snickers\.$	
SNICKER	SNICKER <T-NAME>	someone	you	snicker.wav	You snicker at *.	(?i)^You\s+snicker\s+at\s+(\S+)\.$	
SNICKER	SNICKER <T-NAME>	someone	others	snicker.wav	* snickers at *.	(?i)^(.+?)\s+snickers\s+at\s+(.+?)\.$	
SNICKER	SNICKER <T-NAME>	someone	target	snicker.wav	* snickers at you.	(?i)^(.+?)\s+snickers\s+at\s+you\.$	
SNICKER	SNICKER <T-NAME>	someone	fail	snicker.wav	Huh?	(?i)^Huh\?$	
SNICKER	SNICKER SELF	self	you	snicker.wav	You snicker at your own evil thoughts.	(?i)^You\s+snicker\s+at\s+your\s+own\s+evil\s+thoughts\.$	
SNICKER	SNICKER SELF	self	others	snicker.wav	* snickers at * own evil thoughts.	(?i)^(.+?)\s+snickers\s+at\s+(\S+)\s+own\s+evil\s+thoughts\.$	SNICKER <T-NAME>
SNIFF	SNIFF <T-NAME>	someone	you		You sniff sadly at the way * is treating you.	(?i)^You\s+sniff\s+sadly\s+at\s+the\s+way\s+(\S+)\s+is\s+treating\s+you\.$	SNIFFLE <T-NAME>
SNIFF	SNIFF <T-NAME>	someone	others		* sniffs sadly at the way * is treating *.	(?i)^(.+?)\s+sniffs\s+sadly\s+at\s+the\s+way\s+(.+?)\s+is\s+treating\s+(\S+)\.$	SNIFFLE <T-NAME>
SNIFF	SNIFF <T-NAME>	someone	target		* sniffs sadly at the way you are treating *.	(?i)^(.+?)\s+sniffs\s+sadly\s+at\s+the\s+way\s+you\s+are\s+treating\s+(\S+)\.$	SNIFFLE <T-NAME>
SNIFF	SNIFF <T-NAME>	someone	fail		You see no reason to sniff.	(?i)^You\s+see\s+no\s+reason\s+to\s+sniff\.$	
SNIFF	SNIFF SELF	self	you		Did I remember to freshen up?	(?i)^Did\s+I\s+remember\s+to\s+freshen\s+up\?$	
SNIFF	SNIFF SELF	self	others		* lifts up * arm and checks for a bad smell.	(?i)^(.+?)\s+lifts\s+up\s+(\S+)\s+arm\s+and\s+checks\s+for\s+a\s+bad\s+smell\.$	
SNIFFLE	SNIFFLE	alone	you	sniffle.wav	You sniff sadly. *SNIFF*	(?i)^You\s+sniff\s+sadly\.\s+\*SNIFF\*$	
SNIFFLE	SNIFFLE	alone	others	sniffle.wav	* sniffs sadly.	(?i)^(.+?)\s+sniffs\s+sadly\.$	
SNIFFLE	SNIFFLE <T-NAME>	someone	you	sniffle.wav	You sniff sadly at the way * is treating you.	(?i)^You\s+sniff\s+sadly\s+at\s+the\s+way\s+(\S+)\s+is\s+treating\s+you\.$	SNIFF <T-NAME>
SNIFFLE	SNIFFLE <T-NAME>	someone	others	sniffle.wav	* sniffs sadly at the way * is treating *.	(?i)^(.+?)\s+sniffs\s+sadly\s+at\s+the\s+way\s+(.+?)\s+is\s+treating\s+(\S+)\.$	SNIFF <T-NAME>
SNIFFLE	SNIFFLE <T-NAME>	someone	target	sniffle.wav	* sniffs sadly at the way you are treating *.	(?i)^(.+?)\s+sniffs\s+sadly\s+at\s+the\s+way\s+you\s+are\s+treating\s+(\S+)\.$	SNIFF <T-NAME>
SNIFFLE	SNIFFLE <T-NAME>	someone	fail	sniffle.wav	You see no reason to sniffle.	(?i)^You\s+see\s+no\s+reason\s+to\s+sniffle\.$	
SNIFFLE	SNIFFLE SELF	self	you	sniffle.wav	You sniff sadly at your lost opportunities.	(?i)^You\s+sniff\s+sadly\s+at\s+your\s+lost\s+opportunities\.$	
SNIFFLE	SNIFFLE SELF	self	others	sniffle.wav	* sniffs sadly at *. Something MUST be bothering *.	(?i)^(.+?)\s+sniffs\s+sadly\s+at\s+(\S+)\.\s+Something\s+MUST\s+be\s+bothering\s+(\S+)\.$	
SNORE	SNORE	alone	you	snore.wav	Zzzzzzzzzzzzzzzzz.	(?i)^Zzzzzzzzzzzzzzzzz\.$	
SNORE	SNORE	alone	others	snore.wav	* snores loudly.	(?i)^(.+?)\s+snores\s+loudly\.$	
SNORT	SNORT	alone	you		You snort derisively.	(?i)^You\s+snort\s+derisively\.$	
SNORT	SNORT	alone	others		* snorts derisively.	(?i)^(.+?)\s+snorts\s+derisively\.$	
SNORT	SNORT <T-NAME>	someone	you		You snort derisively at *.	(?i)^You\s+snort\s+derisively\s+at\s+(.+?)\.$	
SNORT	SNORT <T-NAME>	someone	others		* snorts derisively at *.	(?i)^(.+?)\s+snorts\s+derisively\s+at\s+(.+?)\.$	SNORT SELF
SNORT	SNORT <T-NAME>	someone	target		* snorts at you.	(?i)^(.+?)\s+snorts\s+at\s+you\.$	
SNORT	SNORT <T-NAME>	someone	fail		Snort at whom?	(?i)^Snort\s+at\s+whom\?$	
SNORT	SNORT SELF	self	you		You snort derisively at yourself.	(?i)^You\s+snort\s+derisively\s+at\s+yourself\.$	SNORT <T-NAME>
SNORT	SNORT SELF	self	others		* snorts derisively at *.	(?i)^(.+?)\s+snorts\s+derisively\s+at\s+(\S+)\.$	SNORT <T-NAME>
SNOWBALL	SNOWBALL	alone	you		Who do you want to throw a snowball at?	(?i)^Who\s+do\s+you\s+want\s+to\s+throw\s+a\s+snowball\s+at\?$	
SNOWBALL	SNOWBALL <T-NAME>	someone	you		You throw a snowball in *'s face.	(?i)^You\s+throw\s+a\s+snowball\s+in\s+(.+?)'s\s+face\.$	
SNOWBALL	SNOWBALL <T-NAME>	someone	others		* conjures a snowball from the thin air and throws it at *.	(?i)^(.+?)\s+conjures\s+a\s+snowball\s+from\s+the\s+thin\s+air\s+and\s+throws\s+it\s+at\s+(.+?)\.$	
SNOWBALL	SNOWBALL <T-NAME>	someone	target		* conjures a snowball from the thin air and throws it at you.	(?i)^(.+?)\s+conjures\s+a\s+snowball\s+from\s+the\s+thin\s+air\s+and\s+throws\s+it\s+at\s+you\.$	
SNOWBALL	SNOWBALL <T-NAME>	someone	fail		You stand with the snowball in your hand because your victim is not here.	(?i)^You\s+stand\s+with\s+the\s+snowball\s+in\s+your\s+hand\s+because\s+your\s+victim\s+is\s+not\s+here\.$	
SNOWBALL	SNOWBALL SELF	self	you		You conjure a snowball from the thin air and throw it at yourself.	(?i)^You\s+conjure\s+a\s+snowball\s+from\s+the\s+thin\s+air\s+and\s+throw\s+it\s+at\s+yourself\.$	
SNOWBALL	SNOWBALL SELF	self	others		* conjures a snowball out of the thin air and throws it at *.	(?i)^(.+?)\s+conjures\s+a\s+snowball\s+out\s+of\s+the\s+thin\s+air\s+and\s+throws\s+it\s+at\s+(\S+)\.$	
SNUGGLE	SNUGGLE	alone	you		Who?	(?i)^Who\?$	GROVEL <T-NAME>; LOL <T-NAME>; NUDGE <T-NAME>; SWOON <T-NAME>
SNUGGLE	SNUGGLE <T-NAME>	someone	you		You snuggle *.	(?i)^You\s+snuggle\s+(\S+)\.$	
SNUGGLE	SNUGGLE <T-NAME>	someone	others		* snuggles up to *.	(?i)^(.+?)\s+snuggles\s+up\s+to\s+(.+?)\.$	
SNUGGLE	SNUGGLE <T-NAME>	someone	target		* snuggles up to you.	(?i)^(.+?)\s+snuggles\s+up\s+to\s+you\.$	
SNUGGLE	SNUGGLE <T-NAME>	someone	fail		They aren't here.	(?i)^They\s+aren't\s+here\.$	CUDDLE <T-NAME>; PEER <T-NAME>; SCUFF <T-NAME>
SNUGGLE	SNUGGLE SELF	self	you		You snuggle up, getting ready to sleep.	(?i)^You\s+snuggle\s+up,\s+getting\s+ready\s+to\s+sleep\.$	
SNUGGLE	SNUGGLE SELF	self	others		* snuggles up, getting ready to sleep.	(?i)^(.+?)\s+snuggles\s+up,\s+getting\s+ready\s+to\s+sleep\.$	
SOB	SOB	alone	you	sob.wav	You sob quietly to yourself.	(?i)^You\s+sob\s+quietly\s+to\s+yourself\.$	
SOB	SOB	alone	others	sob.wav	* sobs in misery.	(?i)^(.+?)\s+sobs\s+in\s+misery\.$	
SOB	SOB <T-NAME>	someone	you	sob.wav	You sob quietly to yourself because * has hurt your feelings so badly.	(?i)^You\s+sob\s+quietly\s+to\s+yourself\s+because\s+(.+?)\s+has\s+hurt\s+your\s+feelings\s+so\s+badly\.$	
SOB	SOB <T-NAME>	someone	others	sob.wav	* sobs quietly to * because * was a jerk!	(?i)^(.+?)\s+sobs\s+quietly\s+to\s+(\S+)\s+because\s+(.+?)\s+was\s+a\s+jerk!$	
SOB	SOB <T-NAME>	someone	target	sob.wav	You feel like a cad because you've made * sob.	(?i)^You\s+feel\s+like\s+a\s+cad\s+because\s+you've\s+made\s+(.+?)\s+sob\.$	
SPAM	SPAM	alone	you		You mutter, 'spam' quietly to yourself again and again.	(?i)^You\s+mutter,\s+'spam'\s+quietly\s+to\s+yourself\s+again\s+and\s+again\.$	
SPAM	SPAM	alone	others		* rests in a corner and mutters 'spam' quietly to *.	(?i)^(.+?)\s+rests\s+in\s+a\s+corner\s+and\s+mutters\s+'spam'\s+quietly\s+to\s+(\S+)\.$	
SPAM	SPAM <T-NAME>	someone	you		You SPAM * mercilessly!	(?i)^You\s+SPAM\s+(.+?)\s+mercilessly!$	
SPAM	SPAM <T-NAME>	someone	others		* spams *!	(?i)^(.+?)\s+spams\s+(.+?)!$	
SPAM	SPAM <T-NAME>	someone	target		You've been SPAMMED by *!	(?i)^You've\s+been\s+SPAMMED\s+by\s+(.+?)!$	
SPAM	SPAM <T-NAME>	someone	fail		Spam away -- they've left.	(?i)^Spam\s+away\s+\-\-\s+they've\s+left\.$	
SPANK	SPANK	alone	you		Spank whom?	(?i)^Spank\s+whom\?$	
SPANK	SPANK <T-NAME>	someone	you		You spank * playfully.	(?i)^You\s+spank\s+(\S+)\s+playfully\.$	
SPANK	SPANK <T-NAME>	someone	others		* spanks * playfully.	(?i)^(.+?)\s+spanks\s+(.+?)\s+playfully\.$	
SPANK	SPANK <T-NAME>	someone	target		* spanks you playfully. OUCH!	(?i)^(.+?)\s+spanks\s+you\s+playfully\.\s+OUCH!$	
SPANK	SPANK <T-NAME>	someone	fail		Your hand can't find your victim!	(?i)^Your\s+hand\s+can't\s+find\s+your\s+victim!$	
SPANK	SPANK SELF	self	you		You spank yourself....HMMMMMMM...	(?i)^You\s+spank\s+yourself\.\.\.\.HMMMMMMM\.\.\.$	
SPANK	SPANK SELF	self	others		* spanks *....HMMMMMMM...	(?i)^(.+?)\s+spanks\s+(\S+)\.\.\.\.HMMMMMMM\.\.\.$	
SPIN	SPIN	alone	you		You spin around the room until you`re dizzy.	(?i)^You\s+spin\s+around\s+the\s+room\s+until\s+you`re\s+dizzy\.$	
SPIN	SPIN	alone	others		* spins and twirls around the room.	(?i)^(.+?)\s+spins\s+and\s+twirls\s+around\s+the\s+room\.$	
SPIN	SPIN <T-NAME>	someone	you		You grab *'s hands and spin around in circles.	(?i)^You\s+grab\s+(.+?)'s\s+hands\s+and\s+spin\s+around\s+in\s+circles\.$	
SPIN	SPIN <T-NAME>	someone	others		* takes hold of *'s hands and begins to spin around the room.	(?i)^(.+?)\s+takes\s+hold\s+of\s+(.+?)'s\s+hands\s+and\s+begins\s+to\s+spin\s+around\s+the\s+room\.$	
SPIN	SPIN <T-NAME>	someone	target		* takes your hands and starts to spin around the room with you.	(?i)^(.+?)\s+takes\s+your\s+hands\s+and\s+starts\s+to\s+spin\s+around\s+the\s+room\s+with\s+you\.$	
SPIN	SPIN <T-NAME>	someone	fail		They aren`t there.	(?i)^They\s+aren`t\s+there\.$	
SPIT	SPIT	alone	you		You spit in utter disgust.	(?i)^You\s+spit\s+in\s+utter\s+disgust\.$	
SPIT	SPIT	alone	others		* spits in utter disgust!	(?i)^(.+?)\s+spits\s+in\s+utter\s+disgust!$	
SPIT	SPIT <T-NAME>	someone	you		You spit on *...you're gross!	(?i)^You\s+spit\s+on\s+(.+?)\.\.\.you're\s+gross!$	
SPIT	SPIT <T-NAME>	someone	others		* spits on *.	(?i)^(.+?)\s+spits\s+on\s+(.+?)\.$	
SPIT	SPIT <T-NAME>	someone	target		* spits on you -- how gross!	(?i)^(.+?)\s+spits\s+on\s+you\s+\-\-\s+how\s+gross!$	
SPIT	SPIT <T-NAME>	someone	fail		Your victim isn't here.	(?i)^Your\s+victim\s+isn't\s+here\.$	
SPIT	SPIT SELF	self	you		You spit on yourself, pretty nasty eh?	(?i)^You\s+spit\s+on\s+yourself,\s+pretty\s+nasty\s+eh\?$	
SPIT	SPIT SELF	self	others		* spits on *...what a sicko!	(?i)^(.+?)\s+spits\s+on\s+(\S+)\.\.\.what\s+a\s+sicko!$	
SPOON	SPOON <T-NAME>	someone	you		You curl up and spoon next to *.	(?i)^You\s+curl\s+up\s+and\s+spoon\s+next\s+to\s+(.+?)\.$	
SPOON	SPOON <T-NAME>	someone	others		* curls up and spoons next to *.	(?i)^(.+?)\s+curls\s+up\s+and\s+spoons\s+next\s+to\s+(.+?)\.$	
SPOON	SPOON <T-NAME>	someone	target		* curls up, spooning next to you.	(?i)^(.+?)\s+curls\s+up,\s+spooning\s+next\s+to\s+you\.$	
SPOON	SPOON SELF	self	you		You curl up around yourself.	(?i)^You\s+curl\s+up\s+around\s+yourself\.$	
SPOON	SPOON SELF	self	others		* curls up into a cute little ball.	(?i)^(.+?)\s+curls\s+up\s+into\s+a\s+cute\s+little\s+ball\.$	
SQUEAL	SQUEAL	alone	you		You squeal with delight!	(?i)^You\s+squeal\s+with\s+delight!$	
SQUEAL	SQUEAL	alone	others		* lets out a sudden squeal of delight!	(?i)^(.+?)\s+lets\s+out\s+a\s+sudden\s+squeal\s+of\s+delight!$	
SQUEAL	SQUEAL <T-NAME>	someone	you		You look at * and squeal with delight!	(?i)^You\s+look\s+at\s+(.+?)\s+and\s+squeal\s+with\s+delight!$	
SQUEAL	SQUEAL <T-NAME>	someone	others		* squeals with delight at *.	(?i)^(.+?)\s+squeals\s+with\s+delight\s+at\s+(.+?)\.$	
SQUEAL	SQUEAL <T-NAME>	someone	target		* looks at you and squeals with delight!	(?i)^(.+?)\s+looks\s+at\s+you\s+and\s+squeals\s+with\s+delight!$	
SQUEEZE	SQUEEZE	alone	you		Where, what, how, WHO ???	(?i)^Where,\s+what,\s+how,\s+WHO\s+\?\?\?$	SQUEEZE <T-NAME>
SQUEEZE	SQUEEZE <T-NAME>	someone	you		You squeeze * fondly.	(?i)^You\s+squeeze\s+(\S+)\s+fondly\.$	
SQUEEZE	SQUEEZE <T-NAME>	someone	others		* squeezes * fondly.	(?i)^(.+?)\s+squeezes\s+(.+?)\s+fondly\.$	
SQUEEZE	SQUEEZE <T-NAME>	someone	target		* squeezes you fondly.	(?i)^(.+?)\s+squeezes\s+you\s+fondly\.$	
SQUEEZE	SQUEEZE <T-NAME>	someone	fail		Where, what, how, WHO ???	(?i)^Where,\s+what,\s+how,\s+WHO\s+\?\?\?$	SQUEEZE
SQUEEZE	SQUEEZE SELF	self	you		You squeeze yourself - try to relax a little!	(?i)^You\s+squeeze\s+yourself\s+\-\s+try\s+to\s+relax\s+a\s+little!$	
SQUEEZE	SQUEEZE SELF	self	others		* squeezes *.	(?i)^(.+?)\s+squeezes\s+(\S+)\.$	
SQUIRM	SQUIRM	alone	you		You squirm uncontrollably in your consternation.	(?i)^You\s+squirm\s+uncontrollably\s+in\s+your\s+consternation\.$	
SQUIRM	SQUIRM	alone	others		* squirms uncontrollably, suddenly looking very uncomfortable.	(?i)^(.+?)\s+squirms\s+uncontrollably,\s+suddenly\s+looking\s+very\s+uncomfortable\.$	
SQUIRM	SQUIRM <T-NAME>	someone	you		You look at * and squirm with delight.	(?i)^You\s+look\s+at\s+(.+?)\s+and\s+squirm\s+with\s+delight\.$	
SQUIRM	SQUIRM <T-NAME>	someone	others		* looks at * and squirms with delight.	(?i)^(.+?)\s+looks\s+at\s+(.+?)\s+and\s+squirms\s+with\s+delight\.$	
SQUIRM	SQUIRM <T-NAME>	someone	target		* looks at you and squirms with delight.	(?i)^(.+?)\s+looks\s+at\s+you\s+and\s+squirms\s+with\s+delight\.$	
SSMILE	SSMILE	alone	you		You smile sweetly.	(?i)^You\s+smile\s+sweetly\.$	
SSMILE	SSMILE	alone	others		* smiles sweetly.	(?i)^(.+?)\s+smiles\s+sweetly\.$	
SSMILE	SSMILE <T-NAME>	someone	you		You smile sweetly at *.	(?i)^You\s+smile\s+sweetly\s+at\s+(\S+)\.$	
SSMILE	SSMILE <T-NAME>	someone	others		* smiles sweetly at *.	(?i)^(.+?)\s+smiles\s+sweetly\s+at\s+(.+?)\.$	
SSMILE	SSMILE <T-NAME>	someone	target		* smiles sweetly at you.	(?i)^(.+?)\s+smiles\s+sweetly\s+at\s+you\.$	
SSMILE	SSMILE <T-NAME>	someone	fail		There's no one by that name around.	(?i)^There's\s+no\s+one\s+by\s+that\s+name\s+around\.$	WEDGIE <T-NAME>
SSMILE	SSMILE SELF	self	you		You sweetly smile to yourself.	(?i)^You\s+sweetly\s+smile\s+to\s+yourself\.$	
SSMILE	SSMILE SELF	self	others		* smiles sweetly to *.	(?i)^(.+?)\s+smiles\s+sweetly\s+to\s+(\S+)\.$	
STAGGER	STAGGER	alone	you		You stagger blindly around the room.	(?i)^You\s+stagger\s+blindly\s+around\s+the\s+room\.$	
STAGGER	STAGGER	alone	others		* staggers blindly around the room.	(?i)^(.+?)\s+staggers\s+blindly\s+around\s+the\s+room\.$	
STAGGER	STAGGER <T-NAME>	someone	you		You stagger toward * as the room begins to spin.	(?i)^You\s+stagger\s+toward\s+(.+?)\s+as\s+the\s+room\s+begins\s+to\s+spin\.$	
STAGGER	STAGGER <T-NAME>	someone	others		* staggers into *.	(?i)^(.+?)\s+staggers\s+into\s+(.+?)\.$	
STAGGER	STAGGER <T-NAME>	someone	target		* staggers blindly into you.	(?i)^(.+?)\s+staggers\s+blindly\s+into\s+you\.$	
STAGGER	STAGGER <T-NAME>	someone	fail		Stagger into whom!?!?	(?i)^Stagger\s+into\s+whom!\?!\?$	
STARE	STARE	alone	you		You stare at the sky.	(?i)^You\s+stare\s+at\s+the\s+sky\.$	
STARE	STARE	alone	others		* stares at the sky.	(?i)^(.+?)\s+stares\s+at\s+the\s+sky\.$	
STARE	STARE <T-NAME>	someone	you		You stare dreamily at *, completely lost in * eyes..	(?i)^You\s+stare\s+dreamily\s+at\s+(.+?),\s+completely\s+lost\s+in\s+(\S+)\s+eyes\.\.$	
STARE	STARE <T-NAME>	someone	others		* stares dreamily at *.	(?i)^(.+?)\s+stares\s+dreamily\s+at\s+(.+?)\.$	
STARE	STARE <T-NAME>	someone	target		* stares dreamily at you, completely lost in your eyes.	(?i)^(.+?)\s+stares\s+dreamily\s+at\s+you,\s+completely\s+lost\s+in\s+your\s+eyes\.$	
STARE	STARE <T-NAME>	someone	fail		You stare and stare but can't see that person anywhere...	(?i)^You\s+stare\s+and\s+stare\s+but\s+can't\s+see\s+that\s+person\s+anywhere\.\.\.$	
STARE	STARE SELF	self	you		You stare dreamily at yourself - enough narcissism for now.	(?i)^You\s+stare\s+dreamily\s+at\s+yourself\s+\-\s+enough\s+narcissism\s+for\s+now\.$	
STARE	STARE SELF	self	others		* stares dreamily at * - NARCISSIST!	(?i)^(.+?)\s+stares\s+dreamily\s+at\s+(\S+)\s+\-\s+NARCISSIST!$	
STARVE	STARVE	alone	you		You show your prominent ribs and hope that someone will take pity.	(?i)^You\s+show\s+your\s+prominent\s+ribs\s+and\s+hope\s+that\s+someone\s+will\s+take\s+pity\.$	
STARVE	STARVE	alone	others		* is withering before your eyes! Starvation!	(?i)^(.+?)\s+is\s+withering\s+before\s+your\s+eyes!\s+Starvation!$	
STARVE	STARVE <T-NAME>	someone	you		You throw yourself upon * mercy, begging for food.	(?i)^You\s+throw\s+yourself\s+upon\s+(\S+)\s+mercy,\s+begging\s+for\s+food\.$	
STARVE	STARVE <T-NAME>	someone	others		* begs * for food. One would think that magic would have cured hunger by now...	(?i)^(.+?)\s+begs\s+(.+?)\s+for\s+food\.\s+One\s+would\s+think\s+that\s+magic\s+would\s+have\s+cured\s+hunger\s+by\s+now\.\.\.$	
STARVE	STARVE <T-NAME>	someone	target		* is starving before your eyes! Could you spare some food, please?	(?i)^(.+?)\s+is\s+starving\s+before\s+your\s+eyes!\s+Could\s+you\s+spare\s+some\s+food,\s+please\?$	
STARVE	STARVE <T-NAME>	someone	fail		Sorry, but that person isn't around-- looks like you'll starve.	(?i)^Sorry,\s+but\s+that\s+person\s+isn't\s+around\-\-\s+looks\s+like\s+you'll\s+starve\.$	
STOMP	STOMP	alone	you		You stomp your feet in frustration.	(?i)^You\s+stomp\s+your\s+feet\s+in\s+frustration\.$	
STOMP	STOMP	alone	others		* stomps * feet in a huff.	(?i)^(.+?)\s+stomps\s+(\S+)\s+feet\s+in\s+a\s+huff\.$	
STOMP	STOMP <T-NAME>	someone	you		You stomp your foot on *.	(?i)^You\s+stomp\s+your\s+foot\s+on\s+(.+?)\.$	
STOMP	STOMP <T-NAME>	someone	others		* stomps on *'s foot, ouch!	(?i)^(.+?)\s+stomps\s+on\s+(.+?)'s\s+foot,\s+ouch!$	
STOMP	STOMP <T-NAME>	someone	target		* stomps on your foot, how mean!	(?i)^(.+?)\s+stomps\s+on\s+your\s+foot,\s+how\s+mean!$	
STOMP	STOMP <T-NAME>	someone	fail		Put down your foot all you like, they`re not here!	(?i)^Put\s+down\s+your\s+foot\s+all\s+you\s+like,\s+they`re\s+not\s+here!$	
STOMP	STOMP SELF	self	you		Trying to stomp on your own foot, you lose your balance and fall.	(?i)^Trying\s+to\s+stomp\s+on\s+your\s+own\s+foot,\s+you\s+lose\s+your\s+balance\s+and\s+fall\.$	
STOMP	STOMP SELF	self	others		* tries to stomp on * foot but ends up falling over, how clumsy!	(?i)^(.+?)\s+tries\s+to\s+stomp\s+on\s+(\S+)\s+foot\s+but\s+ends\s+up\s+falling\s+over,\s+how\s+clumsy!$	
STRADDLE	STRADDLE	alone	you		You try to contort yourself into some very weird position. Seriously, this isn`t working.	(?i)^You\s+try\s+to\s+contort\s+yourself\s+into\s+some\s+very\s+weird\s+position\.\s+Seriously,\s+this\s+isn`t\s+working\.$	
STRADDLE	STRADDLE	alone	others		* is trying to contort in some very strange ways. You don`t know what * is trying to do, but it can`t be comfortable.	(?i)^(.+?)\s+is\s+trying\s+to\s+contort\s+in\s+some\s+very\s+strange\s+ways\.\s+You\s+don`t\s+know\s+what\s+(\S+)\s+is\s+trying\s+to\s+do,\s+but\s+it\s+can`t\s+be\s+comfortable\.$	
STRADDLE	STRADDLE <T-NAME>	someone	you		You straddle *`s lap and throw your arms around *.	(?i)^You\s+straddle\s+(.+?)`s\s+lap\s+and\s+throw\s+your\s+arms\s+around\s+(\S+)\.$	
STRADDLE	STRADDLE <T-NAME>	someone	others		* grins widely as * straddles * lap.	(?i)^(.+?)\s+grins\s+widely\s+as\s+(.+?)\s+straddles\s+(\S+)\s+lap\.$	
STRADDLE	STRADDLE <T-NAME>	someone	target		* straddles your lap and wiggles around a little.	(?i)^(.+?)\s+straddles\s+your\s+lap\s+and\s+wiggles\s+around\s+a\s+little\.$	
STRADDLE	STRADDLE <T-NAME>	someone	fail		Straddle who?	(?i)^Straddle\s+who\?$	
STRANGLE	STRANGLE	alone	you		Who do you want to strangle?	(?i)^Who\s+do\s+you\s+want\s+to\s+strangle\?$	
STRANGLE	STRANGLE <T-NAME>	someone	you		You dive at * and try to strangle * with all the strength you can muster.	(?i)^You\s+dive\s+at\s+(.+?)\s+and\s+try\s+to\s+strangle\s+(\S+)\s+with\s+all\s+the\s+strength\s+you\s+can\s+muster\.$	
STRANGLE	STRANGLE <T-NAME>	someone	others		You watch in horror as * tries to strangle *.	(?i)^You\s+watch\s+in\s+horror\s+as\s+(.+?)\s+tries\s+to\s+strangle\s+(.+?)\.$	
STRANGLE	STRANGLE <T-NAME>	someone	target		* slips * fingers around your throat and tries to strangle you.	(?i)^(.+?)\s+slips\s+(\S+)\s+fingers\s+around\s+your\s+throat\s+and\s+tries\s+to\s+strangle\s+you\.$	
STRANGLE	STRANGLE <T-NAME>	someone	fail		They made a smooth getaway.	(?i)^They\s+made\s+a\s+smooth\s+getaway\.$	
STRANGLE	STRANGLE SELF	self	you		World ... going ... black. Need ... air.	(?i)^World\s+\.\.\.\s+going\s+\.\.\.\s+black\.\s+Need\s+\.\.\.\s+air\.$	
STRANGLE	STRANGLE SELF	self	others		You think * is into autoerotic asphyxia...	(?i)^You\s+think\s+(.+?)\s+is\s+into\s+autoerotic\s+asphyxia\.\.\.$	
STRETCH	STRETCH	alone	you		You lean back and streeeeeettch your arms and legs.	(?i)^You\s+lean\s+back\s+and\s+streeeeeettch\s+your\s+arms\s+and\s+legs\.$	
STRETCH	STRETCH	alone	others		* stretches luxuriously. Kinda makes you want to doesn't it?	(?i)^(.+?)\s+stretches\s+luxuriously\.\s+Kinda\s+makes\s+you\s+want\s+to\s+doesn't\s+it\?$	
STRETCH	STRETCH <T-NAME>	someone	you		You pull at * trying to make * a bit taller.	(?i)^You\s+pull\s+at\s+(.+?)\s+trying\s+to\s+make\s+(\S+)\s+a\s+bit\s+taller\.$	
STRETCH	STRETCH <T-NAME>	someone	others		* pulls *'s limbs, trying to pull * apart!	(?i)^(.+?)\s+pulls\s+(.+?)'s\s+limbs,\s+trying\s+to\s+pull\s+(\S+)\s+apart!$	
STRETCH	STRETCH <T-NAME>	someone	target		* grabs your arms and starts pulling!	(?i)^(.+?)\s+grabs\s+your\s+arms\s+and\s+starts\s+pulling!$	
STRETCH	STRETCH <T-NAME>	someone	fail		Stretch who?	(?i)^Stretch\s+who\?$	
STRIP	STRIP	alone	you		You do a slow strip tease for the people...	(?i)^You\s+do\s+a\s+slow\s+strip\s+tease\s+for\s+the\s+people\.\.\.$	
STRIP	STRIP	alone	others		* begins a slow, erotic strip-tease act...	(?i)^(.+?)\s+begins\s+a\s+slow,\s+erotic\s+strip\-tease\s+act\.\.\.$	
STRIP	STRIP <T-NAME>	someone	you		You start to undress * ... one piece of clothing at a time...	(?i)^You\s+start\s+to\s+undress\s+(.+?)\s+\.\.\.\s+one\s+piece\s+of\s+clothing\s+at\s+a\s+time\.\.\.$	
STRIP	STRIP <T-NAME>	someone	others		* runs * hands over *s body, slowly stripping away the clothing...	(?i)^(.+?)\s+runs\s+(\S+)\s+hands\s+over\s+(.+?)s\s+body,\s+slowly\s+stripping\s+away\s+the\s+clothing\.\.\.$	
STRIP	STRIP <T-NAME>	someone	target		* has started to strip you... woah BABY!	(?i)^(.+?)\s+has\s+started\s+to\s+strip\s+you\.\.\.\s+woah\s+BABY!$	
STRIP	STRIP <T-NAME>	someone	fail		Your toy doesn't seem to be here...	(?i)^Your\s+toy\s+doesn't\s+seem\s+to\s+be\s+here\.\.\.$	
STRIP	STRIP SELF	self	you		You can't DO that in public!	(?i)^You\s+can't\s+DO\s+that\s+in\s+public!$	
STROKE	STROKE	alone	you		You stroke the air vaguely.	(?i)^You\s+stroke\s+the\s+air\s+vaguely\.$	
STROKE	STROKE	alone	others		* makes vague stroking motions.	(?i)^(.+?)\s+makes\s+vague\s+stroking\s+motions\.$	
STROKE	STROKE <T-NAME>	someone	you		You gently stroke * inner thigh, * inhales sharply.	(?i)^You\s+gently\s+stroke\s+(\S+)\s+inner\s+thigh,\s+(\S+)\s+inhales\s+sharply\.$	
STROKE	STROKE <T-NAME>	someone	others		* exhales sharply and suddenly.	(?i)^(.+?)\s+exhales\s+sharply\s+and\s+suddenly\.$	
STROKE	STROKE <T-NAME>	someone	target		* gently strokes your inner thigh. You inhale sharply.	(?i)^(.+?)\s+gently\s+strokes\s+your\s+inner\s+thigh\.\s+You\s+inhale\s+sharply\.$	
STROKE	STROKE <T-NAME>	someone	fail		Maybe you should practice on yourself first.	(?i)^Maybe\s+you\s+should\s+practice\s+on\s+yourself\s+first\.$	
STROKE	STROKE <T-NAME> CHEEK	someone	you		You stroke * cheek affectionately.	(?i)^You\s+stroke\s+(\S+)\s+cheek\s+affectionately\.$	
STROKE	STROKE <T-NAME> CHEEK	someone	others		* strokes *'s cheek affectionately.	(?i)^(.+?)\s+strokes\s+(.+?)'s\s+cheek\s+affectionately\.$	
STROKE	STROKE <T-NAME> CHEEK	someone	target		* affectionately strokes your cheek.	(?i)^(.+?)\s+affectionately\s+strokes\s+your\s+cheek\.$	
STROKE	STROKE <T-NAME> CHEEK	someone	fail		Stroke who?	(?i)^Stroke\s+who\?$	
STROKE	STROKE SELF	self	you		You are about to do something you'd rather not be caught doing.	(?i)^You\s+are\s+about\s+to\s+do\s+something\s+you'd\s+rather\s+not\s+be\s+caught\s+doing\.$	
STROKE	STROKE SELF	self	others		* strokes *. You really don`t want to see this.	(?i)^(.+?)\s+strokes\s+(\S+)\.\s+You\s+really\s+don`t\s+want\s+to\s+see\s+this\.$	
STRUT	STRUT	alone	you		Strut your stuff.	(?i)^Strut\s+your\s+stuff\.$	
STRUT	STRUT	alone	others		* struts proudly.	(?i)^(.+?)\s+struts\s+proudly\.$	
STRUT	STRUT <T-NAME>	someone	you		You strut to get * attention.	(?i)^You\s+strut\s+to\s+get\s+(\S+)\s+attention\.$	
STRUT	STRUT <T-NAME>	someone	others		* struts, hoping to get *'s attention.	(?i)^(.+?)\s+struts,\s+hoping\s+to\s+get\s+(.+?)'s\s+attention\.$	
STRUT	STRUT <T-NAME>	someone	target		* struts, hoping to get your attention.	(?i)^(.+?)\s+struts,\s+hoping\s+to\s+get\s+your\s+attention\.$	
STRUT	STRUT <T-NAME>	someone	fail		You don't see an audience.	(?i)^You\s+don't\s+see\s+an\s+audience\.$	
STRUT	STRUT SELF	self	you		You strut to yourself, lost in your own world.	(?i)^You\s+strut\s+to\s+yourself,\s+lost\s+in\s+your\s+own\s+world\.$	
STRUT	STRUT SELF	self	others		* struts to *, lost in * own world.	(?i)^(.+?)\s+struts\s+to\s+(\S+),\s+lost\s+in\s+(\S+)\s+own\s+world\.$	
SULK	SULK	alone	you		You sulk.	(?i)^You\s+sulk\.$	
SULK	SULK	alone	others		* sulks in the corner.	(?i)^(.+?)\s+sulks\s+in\s+the\s+corner\.$	
SUPPORT	SUPPORT	alone	you		You fully support the plan.	(?i)^You\s+fully\s+support\s+the\s+plan\.$	
SUPPORT	SUPPORT	alone	others		* fully supports the plan.	(?i)^(.+?)\s+fully\s+supports\s+the\s+plan\.$	
SUPPORT	SUPPORT <T-NAME>	someone	you		You hug * supportively and smile.	(?i)^You\s+hug\s+(\S+)\s+supportively\s+and\s+smile\.$	
SUPPORT	SUPPORT <T-NAME>	someone	others		* hugs * supportively and smiles.	(?i)^(.+?)\s+hugs\s+(.+?)\s+supportively\s+and\s+smiles\.$	HUG <T-NAME>; SMILE
SUPPORT	SUPPORT <T-NAME>	someone	target		* hugs you supportively and smiles.	(?i)^(.+?)\s+hugs\s+you\s+supportively\s+and\s+smiles\.$	HUG <T-NAME>; SMILE
SUPPORT	SUPPORT <T-NAME>	someone	fail		Sorry, friend, I can't see that person here.	(?i)^Sorry,\s+friend,\s+I\s+can't\s+see\s+that\s+person\s+here\.$	HUG <T-NAME>; MAKE <T-NAME>; MATE <T-NAME>; POUND <T-NAME>; TIGHT <T-NAME>; WHIP <T-NAME>; WRESTLE <T-NAME>; WRIST <T-NAME>
SUPPORT	SUPPORT SELF	self	you		You hug yourself sadly.	(?i)^You\s+hug\s+yourself\s+sadly\.$	
SUPPORT	SUPPORT SELF	self	others		* hugs * sadly. Perhaps you could help?	(?i)^(.+?)\s+hugs\s+(\S+)\s+sadly\.\s+Perhaps\s+you\s+could\s+help\?$	
SWEET	SWEET	alone	you		Sweeeeet!!	(?i)^Sweeeeet!!$	
SWEET	SWEET	alone	others		* looks impressed and says `Sweet`!	(?i)^(.+?)\s+looks\s+impressed\s+and\s+says\s+`Sweet`!$	
SWEET	SWEET <T-NAME>	someone	you		Like wow dude!!!! That is so sweet.	(?i)^Like\s+wow\s+dude!!!!\s+That\s+is\s+so\s+sweet\.$	
SWEET	SWEET <T-NAME>	someone	others		* looks to be sweet on *.	(?i)^(.+?)\s+looks\s+to\s+be\s+sweet\s+on\s+(.+?)\.$	
SWEET	SWEET <T-NAME>	someone	target		* appears to be sweet on you.	(?i)^(.+?)\s+appears\s+to\s+be\s+sweet\s+on\s+you\.$	
SWEET	SWEET <T-NAME>	someone	fail		Awww thats sweet, but they aren`t here.	(?i)^Awww\s+thats\s+sweet,\s+but\s+they\s+aren`t\s+here\.$	
SWEET	SWEET SELF	self	you		Awwwwww. You are soooo sweet.	(?i)^Awwwwww\.\s+You\s+are\s+soooo\s+sweet\.$	
SWEET	SWEET SELF	self	others		* appears to be sweet on *. What a kook!	(?i)^(.+?)\s+appears\s+to\s+be\s+sweet\s+on\s+(\S+)\.\s+What\s+a\s+kook!$	
SWOON	SWOON	alone	you		You swoon.	(?i)^You\s+swoon\.$	
SWOON	SWOON	alone	others		* swoons in absolute ecstasy.	(?i)^(.+?)\s+swoons\s+in\s+absolute\s+ecstasy\.$	
SWOON	SWOON <T-NAME>	someone	you		You look at * and swoon in ecstasy.	(?i)^You\s+look\s+at\s+(.+?)\s+and\s+swoon\s+in\s+ecstasy\.$	
SWOON	SWOON <T-NAME>	someone	others		* looks at * and swoons in ecstasy.	(?i)^(.+?)\s+looks\s+at\s+(.+?)\s+and\s+swoons\s+in\s+ecstasy\.$	
SWOON	SWOON <T-NAME>	someone	target		* looks at you and swoons in ecstasy.	(?i)^(.+?)\s+looks\s+at\s+you\s+and\s+swoons\s+in\s+ecstasy\.$	
SWOON	SWOON <T-NAME>	someone	fail		Who?	(?i)^Who\?$	GROVEL <T-NAME>; LOL <T-NAME>; NUDGE <T-NAME>; SNUGGLE
TACKLE	TACKLE	alone	you		You're going to tackle everyone in the room?!	(?i)^You're\s+going\s+to\s+tackle\s+everyone\s+in\s+the\s+room\?!$	
TACKLE	TACKLE <T-NAME>	someone	you		You tackle * playfully.	(?i)^You\s+tackle\s+(.+?)\s+playfully\.$	
TACKLE	TACKLE <T-NAME>	someone	others		* playfully tackles *.	(?i)^(.+?)\s+playfully\s+tackles\s+(.+?)\.$	
TACKLE	TACKLE <T-NAME>	someone	target		* brings you down in a playful tackle!	(?i)^(.+?)\s+brings\s+you\s+down\s+in\s+a\s+playful\s+tackle!$	
TAG	TAG	alone	you		Tag whom?	(?i)^Tag\s+whom\?$	
TAG	TAG	alone	others		* casts about for someone to tag.	(?i)^(.+?)\s+casts\s+about\s+for\s+someone\s+to\s+tag\.$	
TAG	TAG <T-NAME>	someone	you		>From nowhere, you pounce on * and TAG * remorselessly! BWAHAHA!!!	(?i)^>From\s+nowhere,\s+you\s+pounce\s+on\s+(.+?)\s+and\s+TAG\s+(\S+)\s+remorselessly!\s+BWAHAHA!!!$	
TAG	TAG <T-NAME>	someone	others		* dives from the shadows and TAGS *. * IS IT!	(?i)^(.+?)\s+dives\s+from\s+the\s+shadows\s+and\s+TAGS\s+(.+?)\.\s+(.+?)\s+IS\s+IT!$	
TAG	TAG <T-NAME>	someone	target		* pounces on you and >>> TAGS <<< you! You're IT!	(?i)^(.+?)\s+pounces\s+on\s+you\s+and\s+>>>\s+TAGS\s+<<<\s+you!\s+You're\s+IT!$	
TAG	TAG <T-NAME>	someone	fail		Who were you going to tag, then?	(?i)^Who\s+were\s+you\s+going\s+to\s+tag,\s+then\?$	
TAG	TAG SELF	self	you		Unable to catch anyone else, you do the intelligent thing and tag yourself. You're still IT!	(?i)^Unable\s+to\s+catch\s+anyone\s+else,\s+you\s+do\s+the\s+intelligent\s+thing\s+and\s+tag\s+yourself\.\s+You're\s+still\s+IT!$	
TAG	TAG SELF	self	others		Unable to catch anyone else, * tags *. Are you impressed?	(?i)^Unable\s+to\s+catch\s+anyone\s+else,\s+(.+?)\s+tags\s+(\S+)\.\s+Are\s+you\s+impressed\?$	
TAILWIGGLE	TAILWIGGLE	alone	you		You wiggle your tail happily.	(?i)^You\s+wiggle\s+your\s+tail\s+happily\.$	
TAILWIGGLE	TAILWIGGLE	alone	others		* wiggles * tail happily.	(?i)^(.+?)\s+wiggles\s+(\S+)\s+tail\s+happily\.$	
TAILWIGGLE	TAILWIGGLE <T-NAME>	someone	you		You tailwiggle *.	(?i)^You\s+tailwiggle\s+(.+?)\.$	
TAILWIGGLE	TAILWIGGLE <T-NAME>	someone	others		* tailwiggles *.	(?i)^(.+?)\s+tailwiggles\s+(.+?)\.$	
TAILWIGGLE	TAILWIGGLE <T-NAME>	someone	target		* wiggles * tail at you.	(?i)^(.+?)\s+wiggles\s+(\S+)\s+tail\s+at\s+you\.$	
TAILWIGGLE	TAILWIGGLE <T-NAME>	someone	fail		Tailwiggle who?	(?i)^Tailwiggle\s+who\?$	
TANK	TANK	alone	you		You boldly offer to tank for everyone else. Are you sure you know what you're getting into?	(?i)^You\s+boldly\s+offer\s+to\s+tank\s+for\s+everyone\s+else\.\s+Are\s+you\s+sure\s+you\s+know\s+what\s+you're\s+getting\s+into\?$	
TANK	TANK	alone	others		* offers to tank!	(?i)^(.+?)\s+offers\s+to\s+tank!$	
TANK	TANK <T-NAME>	someone	you		You offer to tank for *.	(?i)^You\s+offer\s+to\s+tank\s+for\s+(.+?)\.$	
TANK	TANK <T-NAME>	someone	others		* offers to tank for *.	(?i)^(.+?)\s+offers\s+to\s+tank\s+for\s+(.+?)\.$	
TANK	TANK <T-NAME>	someone	target		* offers to tank for you!	(?i)^(.+?)\s+offers\s+to\s+tank\s+for\s+you!$	
TANK	TANK <T-NAME>	someone	fail		Tank for whom?	(?i)^Tank\s+for\s+whom\?$	
TANK	TANK SELF	self	you		No one will tank for you, eh?!? WELL, YOU'LL SHOW THEM! (right?)	(?i)^No\s+one\s+will\s+tank\s+for\s+you,\s+eh\?!\?\s+WELL,\s+YOU'LL\s+SHOW\s+THEM!\s+\(right\?\)$	
TANK	TANK SELF	self	others		In dazzling chivalry, * offers to tank-- for *!	(?i)^In\s+dazzling\s+chivalry,\s+(.+?)\s+offers\s+to\s+tank\-\-\s+for\s+(\S+)!$	
TEASE	TEASE	alone	you		You are such a tease!!! Shame on you!	(?i)^You\s+are\s+such\s+a\s+tease!!!\s+Shame\s+on\s+you!$	
TEASE	TEASE	alone	others		* is such a tease! How rude!	(?i)^(.+?)\s+is\s+such\s+a\s+tease!\s+How\s+rude!$	
TEASE	TEASE <T-NAME>	someone	you		You point at * and laugh. HAHA!!	(?i)^You\s+point\s+at\s+(.+?)\s+and\s+laugh\.\s+HAHA!!$	
TEASE	TEASE <T-NAME>	someone	others		* points at * and laughs. What`s so funny?	(?i)^(.+?)\s+points\s+at\s+(.+?)\s+and\s+laughs\.\s+What`s\s+so\s+funny\?$	
TEASE	TEASE <T-NAME>	someone	target		* points * finger at you and laughs.	(?i)^(.+?)\s+points\s+(\S+)\s+finger\s+at\s+you\s+and\s+laughs\.$	LAUGH
TEASE	TEASE <T-NAME>	someone	fail		Tease who?	(?i)^Tease\s+who\?$	
TEASE	TEASE SELF	self	you		You tease yourself. NYAH NYAH NYAH.	(?i)^You\s+tease\s+yourself\.\s+NYAH\s+NYAH\s+NYAH\.$	
TEASE	TEASE SELF	self	others		* teases *.	(?i)^(.+?)\s+teases\s+(\S+)\.$	
THANK	THANK	alone	you		Thank you too.	(?i)^Thank\s+you\s+too\.$	
THANK	THANK <T-NAME>	someone	you		You thank * heartily.	(?i)^You\s+thank\s+(.+?)\s+heartily\.$	
THANK	THANK <T-NAME>	someone	others		* thanks * heartily.	(?i)^(.+?)\s+thanks\s+(.+?)\s+heartily\.$	
THANK	THANK <T-NAME>	someone	target		* thanks you heartily.	(?i)^(.+?)\s+thanks\s+you\s+heartily\.$	
THANK	THANK <T-NAME>	someone	fail		No one answers to that name here.	(?i)^No\s+one\s+answers\s+to\s+that\s+name\s+here\.$	
THANK	THANK SELF	self	you		You thank yourself since nobody else wants to!	(?i)^You\s+thank\s+yourself\s+since\s+nobody\s+else\s+wants\s+to!$	
THANK	THANK SELF	self	others		* thanks * since you won't.	(?i)^(.+?)\s+thanks\s+(\S+)\s+since\s+you\s+won't\.$	
THINK	THINK	alone	you		You think about it.	(?i)^You\s+think\s+about\s+it\.$	
THINK	THINK	alone	others		* sits down and thinks deeply.	(?i)^(.+?)\s+sits\s+down\s+and\s+thinks\s+deeply\.$	
THINK	THINK <T-NAME>	someone	you		You think about what * has said.	(?i)^You\s+think\s+about\s+what\s+(.+?)\s+has\s+said\.$	
THINK	THINK <T-NAME>	someone	others		* thinks about what * has said.	(?i)^(.+?)\s+thinks\s+about\s+what\s+(.+?)\s+has\s+said\.$	
THINK	THINK <T-NAME>	someone	target		* thinks about what you have said.	(?i)^(.+?)\s+thinks\s+about\s+what\s+you\s+have\s+said\.$	
THREATEN	THREATEN	alone	you		You threaten everyone with your overwhelming presence.	(?i)^You\s+threaten\s+everyone\s+with\s+your\s+overwhelming\s+presence\.$	
THREATEN	THREATEN	alone	others		You feel threatened in the presence of the great *.	(?i)^You\s+feel\s+threatened\s+in\s+the\s+presence\s+of\s+the\s+great\s+(.+?)\.$	
THREATEN	THREATEN <T-NAME>	someone	you		You stand tall as you threaten *.	(?i)^You\s+stand\s+tall\s+as\s+you\s+threaten\s+(.+?)\.$	
THREATEN	THREATEN <T-NAME>	someone	others		* threatens * forcefully.	(?i)^(.+?)\s+threatens\s+(.+?)\s+forcefully\.$	
THREATEN	THREATEN <T-NAME>	someone	target		* threatens you...oooooooh scary *laugh*	(?i)^(.+?)\s+threatens\s+you\.\.\.oooooooh\s+scary\s+\*laugh\*$	
THREATEN	THREATEN <T-NAME>	someone	fail		Whom do you wish to intimidate?	(?i)^Whom\s+do\s+you\s+wish\s+to\s+intimidate\?$	
TICKLE	TICKLE <T-NAME>	someone	you		You tickle * mercilessly.	(?i)^You\s+tickle\s+(.+?)\s+mercilessly\.$	
TICKLE	TICKLE <T-NAME>	someone	others		* tickles * mercilessly.	(?i)^(.+?)\s+tickles\s+(.+?)\s+mercilessly\.$	
TICKLE	TICKLE <T-NAME>	someone	target		* tickles you mercilessly.	(?i)^(.+?)\s+tickles\s+you\s+mercilessly\.$	
TICKLE	TICKLE <T-NAME>	someone	fail		Whom do you want to tickle?	(?i)^Whom\s+do\s+you\s+want\s+to\s+tickle\?$	
TICKLE	TICKLE SELF	self	you		You tickle yourself, how funny!	(?i)^You\s+tickle\s+yourself,\s+how\s+funny!$	
TICKLE	TICKLE SELF	self	others		* tickles *.	(?i)^(.+?)\s+tickles\s+(\S+)\.$	
TIE	TIE	alone	you		You toy with a pair of handcuffs suggestively.	(?i)^You\s+toy\s+with\s+a\s+pair\s+of\s+handcuffs\s+suggestively\.$	
TIE	TIE	alone	others		* toys suggestively with a pair of handcuffs.	(?i)^(.+?)\s+toys\s+suggestively\s+with\s+a\s+pair\s+of\s+handcuffs\.$	
TIE	TIE <T-NAME>	someone	you		You grab * and tie * to the bedposts.	(?i)^You\s+grab\s+(.+?)\s+and\s+tie\s+(\S+)\s+to\s+the\s+bedposts\.$	
TIE	TIE <T-NAME>	someone	others		* grabs * and ties * to a four poster bed.	(?i)^(.+?)\s+grabs\s+(.+?)\s+and\s+ties\s+(\S+)\s+to\s+a\s+four\s+poster\s+bed\.$	
TIE	TIE <T-NAME>	someone	target		* grabs you and ties you securely to a four poster bed.	(?i)^(.+?)\s+grabs\s+you\s+and\s+ties\s+you\s+securely\s+to\s+a\s+four\s+poster\s+bed\.$	
TIE	TIE <T-NAME>	someone	fail		Sorry, friend, I can`t see that person here.	(?i)^Sorry,\s+friend,\s+I\s+can`t\s+see\s+that\s+person\s+here\.$	
TIGHT	TIGHT <T-NAME>	someone	you		You hold * tightly in your arms.	(?i)^You\s+hold\s+(\S+)\s+tightly\s+in\s+your\s+arms\.$	
TIGHT	TIGHT <T-NAME>	someone	others		* holds * tightly in * arms.	(?i)^(.+?)\s+holds\s+(.+?)\s+tightly\s+in\s+(\S+)\s+arms\.$	
TIGHT	TIGHT <T-NAME>	someone	target		* holds you tightly in * loving arms as if * will never let go.	(?i)^(.+?)\s+holds\s+you\s+tightly\s+in\s+(\S+)\s+loving\s+arms\s+as\s+if\s+(\S+)\s+will\s+never\s+let\s+go\.$	
TIGHT	TIGHT <T-NAME>	someone	fail		Sorry, friend, I can't see that person here.	(?i)^Sorry,\s+friend,\s+I\s+can't\s+see\s+that\s+person\s+here\.$	HUG <T-NAME>; MAKE <T-NAME>; MATE <T-NAME>; POUND <T-NAME>; SUPPORT <T-NAME>; WHIP <T-NAME>; WRESTLE <T-NAME>; WRIST <T-NAME>
TILT	TILT	alone	you		You tilt your head inquisitively.	(?i)^You\s+tilt\s+your\s+head\s+inquisitively\.$	
TILT	TILT	alone	others		* tilts * head with a look of inquiry.	(?i)^(.+?)\s+tilts\s+(\S+)\s+head\s+with\s+a\s+look\s+of\s+inquiry\.$	
TILT	TILT <T-NAME>	someone	you		You tilt your head inquisitively at *.	(?i)^You\s+tilt\s+your\s+head\s+inquisitively\s+at\s+(.+?)\.$	
TILT	TILT <T-NAME>	someone	others		* tilts * head at *, perplexed.	(?i)^(.+?)\s+tilts\s+(\S+)\s+head\s+at\s+(.+?),\s+perplexed\.$	
TILT	TILT <T-NAME>	someone	target		* tilts * head at you with a look of inquiry.	(?i)^(.+?)\s+tilts\s+(\S+)\s+head\s+at\s+you\s+with\s+a\s+look\s+of\s+inquiry\.$	
TILT	TILT <T-NAME>	someone	fail		You are even more perplexed now, than just a moment before.	(?i)^You\s+are\s+even\s+more\s+perplexed\s+now,\s+than\s+just\s+a\s+moment\s+before\.$	
TIP	TIP	alone	you		You tip your hat gallantly.	(?i)^You\s+tip\s+your\s+hat\s+gallantly\.$	
TIP	TIP	alone	others		* gallantly tips * hat.	(?i)^(.+?)\s+gallantly\s+tips\s+(\S+)\s+hat\.$	
TIP	TIP <T-NAME>	someone	you		You tip your hat to *.	(?i)^You\s+tip\s+your\s+hat\s+to\s+(.+?)\.$	
TIP	TIP <T-NAME>	someone	others		* gallantly tips * hat to *.	(?i)^(.+?)\s+gallantly\s+tips\s+(\S+)\s+hat\s+to\s+(.+?)\.$	
TIP	TIP <T-NAME>	someone	target		* gallantly tips * hat to you.	(?i)^(.+?)\s+gallantly\s+tips\s+(\S+)\s+hat\s+to\s+you\.$	
TIP	TIP <T-NAME>	someone	fail		But there is no one here to impress?!?!	(?i)^But\s+there\s+is\s+no\s+one\s+here\s+to\s+impress\?!\?!$	
TOAST	TOAST	alone	you		You raise a glass of champagne in a toast.	(?i)^You\s+raise\s+a\s+glass\s+of\s+champagne\s+in\s+a\s+toast\.$	
TOAST	TOAST	alone	others		* raises * glass of champagne in a toast.	(?i)^(.+?)\s+raises\s+(\S+)\s+glass\s+of\s+champagne\s+in\s+a\s+toast\.$	
TOAST	TOAST <T-NAME>	someone	you		You raise your glass of champagne to *.	(?i)^You\s+raise\s+your\s+glass\s+of\s+champagne\s+to\s+(\S+)\.$	
TOAST	TOAST <T-NAME>	someone	others		* silently toasts *.	(?i)^(.+?)\s+silently\s+toasts\s+(.+?)\.$	
TOAST	TOAST <T-NAME>	someone	target		* silently toasts you.	(?i)^(.+?)\s+silently\s+toasts\s+you\.$	
TOAST	TOAST <T-NAME>	someone	fail		Your object of praise is absent.	(?i)^Your\s+object\s+of\s+praise\s+is\s+absent\.$	
TOAST	TOAST SELF	self	you		You grin evilly and toast yourself.	(?i)^You\s+grin\s+evilly\s+and\s+toast\s+yourself\.$	
TOAST	TOAST SELF	self	others		* grins evilly and toasts *.	(?i)^(.+?)\s+grins\s+evilly\s+and\s+toasts\s+(\S+)\.$	
TONGUE	TONGUE	alone	you		You slowly give your tongue a nice workout.	(?i)^You\s+slowly\s+give\s+your\s+tongue\s+a\s+nice\s+workout\.$	
TONGUE	TONGUE	alone	others		* is waving their taster around again. Just, what?	(?i)^(.+?)\s+is\s+waving\s+their\s+taster\s+around\s+again\.\s+Just,\s+what\?$	
TONGUE	TONGUE <T-NAME>	someone	you		Mmmm... you give * a good working over with your tongue...	(?i)^Mmmm\.\.\.\s+you\s+give\s+(.+?)\s+a\s+good\s+working\s+over\s+with\s+your\s+tongue\.\.\.$	
TONGUE	TONGUE <T-NAME>	someone	others		* slides * tongue over *'s body...	(?i)^(.+?)\s+slides\s+(\S+)\s+tongue\s+over\s+(.+?)'s\s+body\.\.\.$	
TONGUE	TONGUE <T-NAME>	someone	target		* wraps * tongue around you, moving it across your young, nubile flesh...	(?i)^(.+?)\s+wraps\s+(\S+)\s+tongue\s+around\s+you,\s+moving\s+it\s+across\s+your\s+young,\s+nubile\s+flesh\.\.\.$	
TONGUE	TONGUE <T-NAME>	someone	fail		Never around when required...	(?i)^Never\s+around\s+when\s+required\.\.\.$	
TONGUE	TONGUE <T-NAME> CHEST	someone	you		You use your tongue on *'s chest.	(?i)^You\s+use\s+your\s+tongue\s+on\s+(.+?)'s\s+chest\.$	
TONGUE	TONGUE <T-NAME> CHEST	someone	others		* uses * tongue on *'s chest.	(?i)^(.+?)\s+uses\s+(\S+)\s+tongue\s+on\s+(.+?)'s\s+chest\.$	
TONGUE	TONGUE <T-NAME> CHEST	someone	target		* uses * tongue all over your chest.	(?i)^(.+?)\s+uses\s+(\S+)\s+tongue\s+all\s+over\s+your\s+chest\.$	
TONGUE	TONGUE <T-NAME> CHEST	someone	fail		Tongue who?	(?i)^Tongue\s+who\?$	
TONGUE	TONGUE SELF	self	you		You slowly tongue yourself.	(?i)^You\s+slowly\s+tongue\s+yourself\.$	
TONGUE	TONGUE SELF	self	others		* slowly tongues *... ICK.	(?i)^(.+?)\s+slowly\s+tongues\s+(\S+)\.\.\.\s+ICK\.$	
TOUCH	TOUCH <E-NAME>	item worn	you		You touch *.	(?i)^You\s+touch\s+(.+?)\.$	TOUCH <I-NAME>
TOUCH	TOUCH <E-NAME>	item worn	others		* touches *.	(?i)^(.+?)\s+touches\s+(.+?)\.$	TOUCH <I-NAME>
TOUCH	TOUCH <E-NAME>	item worn	fail		Touch Who?	(?i)^Touch\s+Who\?$	TOUCH <I-NAME>
TOUCH	TOUCH <I-NAME>	item in room	you		You touch *.	(?i)^You\s+touch\s+(.+?)\.$	TOUCH <E-NAME>
TOUCH	TOUCH <I-NAME>	item in room	others		* touches *.	(?i)^(.+?)\s+touches\s+(.+?)\.$	TOUCH <E-NAME>
TOUCH	TOUCH <I-NAME>	item in room	fail		Touch who?	(?i)^Touch\s+who\?$	TOUCH <E-NAME>
TOUCH	TOUCH <T-NAME>	someone	you		You touch * somewhere that makes * squirm.	(?i)^You\s+touch\s+(.+?)\s+somewhere\s+that\s+makes\s+(\S+)\s+squirm\.$	TOUCH <E-NAME>; TOUCH <I-NAME>
TOUCH	TOUCH <T-NAME>	someone	others		* touches * on *...Oh, my...	(?i)^(.+?)\s+touches\s+(.+?)\s+on\s+(\S+)\.\.\.Oh,\s+my\.\.\.$	TOUCH <E-NAME>; TOUCH <I-NAME>
TOUCH	TOUCH <T-NAME>	someone	target		* touches you and makes you squirm.	(?i)^(.+?)\s+touches\s+you\s+and\s+makes\s+you\s+squirm\.$	TOUCH <E-NAME>; TOUCH <I-NAME>
TOUCH	TOUCH <T-NAME>	someone	fail		Touch...?	(?i)^Touch\.\.\.\?$	
TOUT	TOUT	alone	you		You stick out your tongue.	(?i)^You\s+stick\s+out\s+your\s+tongue\.$	
TOUT	TOUT	alone	others		* sticks out * tongue. How rude!	(?i)^(.+?)\s+sticks\s+out\s+(\S+)\s+tongue\.\s+How\s+rude!$	
TOUT	TOUT <T-NAME>	someone	you		You stick your tongue out at *.	(?i)^You\s+stick\s+your\s+tongue\s+out\s+at\s+(.+?)\.$	
TOUT	TOUT <T-NAME>	someone	others		* sticks * tongue out at *.	(?i)^(.+?)\s+sticks\s+(\S+)\s+tongue\s+out\s+at\s+(.+?)\.$	
TOUT	TOUT <T-NAME>	someone	target		* sticks * tongue out at you.	(?i)^(.+?)\s+sticks\s+(\S+)\s+tongue\s+out\s+at\s+you\.$	
TOUT	TOUT <T-NAME>	someone	fail		Are you sure you wish to stick your tongue out without an audience?	(?i)^Are\s+you\s+sure\s+you\s+wish\s+to\s+stick\s+your\s+tongue\s+out\s+without\s+an\s+audience\?$	
TOUT	TOUT SELF	self	you		You stick your tongue out and wag it all about.	(?i)^You\s+stick\s+your\s+tongue\s+out\s+and\s+wag\s+it\s+all\s+about\.$	
TOUT	TOUT SELF	self	others		* sticks * tongue out and wags it all about.	(?i)^(.+?)\s+sticks\s+(\S+)\s+tongue\s+out\s+and\s+wags\s+it\s+all\s+about\.$	
TSK	TSK	alone	you		You shake your head slowly and tsk at nothing in particular.	(?i)^You\s+shake\s+your\s+head\s+slowly\s+and\s+tsk\s+at\s+nothing\s+in\s+particular\.$	
TSK	TSK	alone	others		* tsks. Uh-oh, what did you do?	(?i)^(.+?)\s+tsks\.\s+Uh\-oh,\s+what\s+did\s+you\s+do\?$	
TSK	TSK <T-NAME>	someone	you		You tsk *, * deserves it.	(?i)^You\s+tsk\s+(.+?),\s+(\S+)\s+deserves\s+it\.$	
TSK	TSK <T-NAME>	someone	others		* is being tsked by * for something.	(?i)^(.+?)\s+is\s+being\s+tsked\s+by\s+(.+?)\s+for\s+something\.$	
TSK	TSK <T-NAME>	someone	target		Ack, * is tsking you! Hide!	(?i)^Ack,\s+(.+?)\s+is\s+tsking\s+you!\s+Hide!$	
TSK	TSK <T-NAME>	someone	fail		Tsk, tsk, tsk.	(?i)^Tsk,\s+tsk,\s+tsk\.$	
TSK	TSK SELF	self	you		You tsk yourself because of your poor behavior.	(?i)^You\s+tsk\s+yourself\s+because\s+of\s+your\s+poor\s+behavior\.$	
TSK	TSK SELF	self	others		* is tsking *. You don?t see that everyday.	(?i)^(.+?)\s+is\s+tsking\s+(\S+)\.\s+You\s+don\?t\s+see\s+that\s+everyday\.$	
TWEAK	TWEAK	alone	you		Tweak who?	(?i)^Tweak\s+who\?$	
TWEAK	TWEAK <T-NAME>	someone	you		You gently tweak * cheek. Isn't * so CUTE?	(?i)^You\s+gently\s+tweak\s+(\S+)\s+cheek\.\s+Isn't\s+(\S+)\s+so\s+CUTE\?$	
TWEAK	TWEAK <T-NAME>	someone	others		* tweaked *'s cheek... don't they look so adorable together?	(?i)^(.+?)\s+tweaked\s+(.+?)'s\s+cheek\.\.\.\s+don't\s+they\s+look\s+so\s+adorable\s+together\?$	
TWEAK	TWEAK <T-NAME>	someone	target		* lovingly tweaks your cheek. It reminds you of Grandma... sniff...	(?i)^(.+?)\s+lovingly\s+tweaks\s+your\s+cheek\.\s+It\s+reminds\s+you\s+of\s+Grandma\.\.\.\s+sniff\.\.\.$	
TWEAK	TWEAK <T-NAME>	someone	fail		*Sniff* That cheek seems to be missing.	(?i)^\*Sniff\*\s+That\s+cheek\s+seems\s+to\s+be\s+missing\.$	
TWEAK	TWEAK SELF	self	you		You can't DO that.	(?i)^You\s+can't\s+DO\s+that\.$	
TWERK	TWERK	alone	you		You get into a low crouch and start bouncing your butt in front of everyone.	(?i)^You\s+get\s+into\s+a\s+low\s+crouch\s+and\s+start\s+bouncing\s+your\s+butt\s+in\s+front\s+of\s+everyone\.$	
TWERK	TWERK	alone	others		* gets into low crouch and starts to rhymically and shamelessly bounce * butt for everyone to see.	(?i)^(.+?)\s+gets\s+into\s+low\s+crouch\s+and\s+starts\s+to\s+rhymically\s+and\s+shamelessly\s+bounce\s+(\S+)\s+butt\s+for\s+everyone\s+to\s+see\.$	
TWIDDLE	TWIDDLE	alone	you		You patiently twiddle your thumbs.	(?i)^You\s+patiently\s+twiddle\s+your\s+thumbs\.$	
TWIDDLE	TWIDDLE	alone	others		* patiently twiddles * thumbs.	(?i)^(.+?)\s+patiently\s+twiddles\s+(\S+)\s+thumbs\.$	
TWIDDLE	TWIDDLE <T-NAME>	someone	you		You twiddle * ears.	(?i)^You\s+twiddle\s+(\S+)\s+ears\.$	
TWIDDLE	TWIDDLE <T-NAME>	someone	others		* twiddles *'s ears.	(?i)^(.+?)\s+twiddles\s+(.+?)'s\s+ears\.$	
TWIDDLE	TWIDDLE <T-NAME>	someone	target		* twiddles your ears.	(?i)^(.+?)\s+twiddles\s+your\s+ears\.$	
TWIDDLE	TWIDDLE <T-NAME>	someone	fail		You don't see the person here.	(?i)^You\s+don't\s+see\s+the\s+person\s+here\.$	
TWIDDLE	TWIDDLE SELF	self	you		You twiddle your ears like Dumbo.	(?i)^You\s+twiddle\s+your\s+ears\s+like\s+Dumbo\.$	
TWIDDLE	TWIDDLE SELF	self	others		* twiddles * own ears like Dumbo.	(?i)^(.+?)\s+twiddles\s+(\S+)\s+own\s+ears\s+like\s+Dumbo\.$	
TWITCH	TWITCH	alone	you		You twitch nervously.	(?i)^You\s+twitch\s+nervously\.$	
TWITCH	TWITCH	alone	others		* twitches nervously.	(?i)^(.+?)\s+twitches\s+nervously\.$	
TWITCH	TWITCH <T-NAME>	someone	you		You twitch involuntarily at *'s presence.	(?i)^You\s+twitch\s+involuntarily\s+at\s+(.+?)'s\s+presence\.$	
TWITCH	TWITCH <T-NAME>	someone	others		* must really be getting to *...	(?i)^(.+?)\s+must\s+really\s+be\s+getting\s+to\s+(.+?)\.\.\.$	
TWITCH	TWITCH <T-NAME>	someone	target		* notices you and twitches.	(?i)^(.+?)\s+notices\s+you\s+and\s+twitches\.$	
TWITCH	TWITCH <T-NAME>	someone	fail		Nervous? They aren't even here.	(?i)^Nervous\?\s+They\s+aren't\s+even\s+here\.$	
TYPE	TYPE	alone	you		You can't type for crap tonight! You give up in frustration!	(?i)^You\s+can't\s+type\s+for\s+crap\s+tonight!\s+You\s+give\s+up\s+in\s+frustration!$	
TYPE	TYPE	alone	others		* throws * hands up in disgust at * lousy typing skills!	(?i)^(.+?)\s+throws\s+(\S+)\s+hands\s+up\s+in\s+disgust\s+at\s+(\S+)\s+lousy\s+typing\s+skills!$	
VIEW	VIEW	alone	you		You sit back and watch the world go by.	(?i)^You\s+sit\s+back\s+and\s+watch\s+the\s+world\s+go\s+by\.$	
VIEW	VIEW	alone	others		* kicks back and enjoys the view.	(?i)^(.+?)\s+kicks\s+back\s+and\s+enjoys\s+the\s+view\.$	
VOODOO	VOODOO	alone	you		Bad juju like this has to be directed at a person.	(?i)^Bad\s+juju\s+like\s+this\s+has\s+to\s+be\s+directed\s+at\s+a\s+person\.$	
VOODOO	VOODOO	alone	others		* looks hostile for a moment.	(?i)^(.+?)\s+looks\s+hostile\s+for\s+a\s+moment\.$	
VOODOO	VOODOO <T-NAME>	someone	you		You stare daggers at *, jabbing pins into * effigy.	(?i)^You\s+stare\s+daggers\s+at\s+(.+?),\s+jabbing\s+pins\s+into\s+(\S+)\s+effigy\.$	
VOODOO	VOODOO <T-NAME>	someone	others		* glares balefully at * while stabbing a pin into a voodoo doll.	(?i)^(.+?)\s+glares\s+balefully\s+at\s+(.+?)\s+while\s+stabbing\s+a\s+pin\s+into\s+a\s+voodoo\s+doll\.$	
VOODOO	VOODOO <T-NAME>	someone	target		Your heart lurches in your chest, and fiery pain stabs through your skull!	(?i)^Your\s+heart\s+lurches\s+in\s+your\s+chest,\s+and\s+fiery\s+pain\s+stabs\s+through\s+your\s+skull!$	
VOODOO	VOODOO <T-NAME>	someone	fail		Your hatred finds no such target.	(?i)^Your\s+hatred\s+finds\s+no\s+such\s+target\.$	
VOODOO	VOODOO SELF	self	you		You stab a pin into your own voodoo doll! Agony!	(?i)^You\s+stab\s+a\s+pin\s+into\s+your\s+own\s+voodoo\s+doll!\s+Agony!$	
VOODOO	VOODOO SELF	self	others		* jabs a pin into * own voodoo doll, and twitches in agony!	(?i)^(.+?)\s+jabs\s+a\s+pin\s+into\s+(\S+)\s+own\s+voodoo\s+doll,\s+and\s+twitches\s+in\s+agony!$	
WAIT	WAIT	alone	you		You wait patiently.	(?i)^You\s+wait\s+patiently\.$	
WAIT	WAIT	alone	others		* waits patiently.	(?i)^(.+?)\s+waits\s+patiently\.$	
WAVE	WAVE	alone	you		You wave happily.	(?i)^You\s+wave\s+happily\.$	
WAVE	WAVE	alone	others		* waves happily.	(?i)^(.+?)\s+waves\s+happily\.$	
WAVE	WAVE <T-NAME>	someone	you		You wave to *.	(?i)^You\s+wave\s+to\s+(.+?)\.$	
WAVE	WAVE <T-NAME>	someone	others		* waves at *.	(?i)^(.+?)\s+waves\s+at\s+(.+?)\.$	WAVE SELF
WAVE	WAVE <T-NAME>	someone	target		* waves at you.	(?i)^(.+?)\s+waves\s+at\s+you\.$	WAVE SELF
WAVE	WAVE <T-NAME>	someone	fail		They didn`t wait for you to wave.	(?i)^They\s+didn`t\s+wait\s+for\s+you\s+to\s+wave\.$	
WAVE	WAVE SELF	self	you		Are you going on adventures as well??	(?i)^Are\s+you\s+going\s+on\s+adventures\s+as\s+well\?\?$	
WAVE	WAVE SELF	self	others		* waves at *.	(?i)^(.+?)\s+waves\s+at\s+(\S+)\.$	WAVE <T-NAME>
WEDGIE	WEDGIE	alone	you		You look around for someone to wedgie.	(?i)^You\s+look\s+around\s+for\s+someone\s+to\s+wedgie\.$	
WEDGIE	WEDGIE	alone	others		* looks around for someone to wedgie.	(?i)^(.+?)\s+looks\s+around\s+for\s+someone\s+to\s+wedgie\.$	
WEDGIE	WEDGIE <T-NAME>	someone	you		You give * a HUGE wedgie! You got * good!	(?i)^You\s+give\s+(.+?)\s+a\s+HUGE\s+wedgie!\s+You\s+got\s+(\S+)\s+good!$	
WEDGIE	WEDGIE <T-NAME>	someone	others		* gives * a HUGE wedgie!	(?i)^(.+?)\s+gives\s+(.+?)\s+a\s+HUGE\s+wedgie!$	
WEDGIE	WEDGIE <T-NAME>	someone	target		Oh no! * gave you a HUGE wedgie! It's stuck in there good!	(?i)^Oh\s+no!\s+(.+?)\s+gave\s+you\s+a\s+HUGE\s+wedgie!\s+It's\s+stuck\s+in\s+there\s+good!$	
WEDGIE	WEDGIE <T-NAME>	someone	fail		There's no one by that name around.	(?i)^There's\s+no\s+one\s+by\s+that\s+name\s+around\.$	SSMILE <T-NAME>
WHAP	WHAP	alone	you		Whap who?	(?i)^Whap\s+who\?$	
WHAP	WHAP <T-NAME>	someone	you		You whap * upside the head!	(?i)^You\s+whap\s+(.+?)\s+upside\s+the\s+head!$	
WHAP	WHAP <T-NAME>	someone	others		With a resounding WHAP!, * reprimands *.	(?i)^With\s+a\s+resounding\s+WHAP!,\s+(.+?)\s+reprimands\s+(.+?)\.$	
WHAP	WHAP <T-NAME>	someone	target		HEY! * whaps you upside the head!	(?i)^HEY!\s+(.+?)\s+whaps\s+you\s+upside\s+the\s+head!$	
WHAP	WHAP <T-NAME>	someone	fail		Whiff...	(?i)^Whiff\.\.\.$	
WHAP	WHAP SELF	self	you		Ow! You give yourself a resounding whap upside the head.	(?i)^Ow!\s+You\s+give\s+yourself\s+a\s+resounding\s+whap\s+upside\s+the\s+head\.$	
WHAP	WHAP SELF	self	others		Biff! * whaps * upside the head!	(?i)^Biff!\s+(.+?)\s+whaps\s+(\S+)\s+upside\s+the\s+head!$	
WHEW	WHEW	alone	you	whew.wav	That was a close call. You better check your pants.	(?i)^That\s+was\s+a\s+close\s+call\.\s+You\s+better\s+check\s+your\s+pants\.$	
WHEW	WHEW	alone	others	whew.wav	WHEW! * just survived a close call! Don`t ask about * pants.	(?i)^WHEW!\s+(.+?)\s+just\s+survived\s+a\s+close\s+call!\s+Don`t\s+ask\s+about\s+(\S+)\s+pants\.$	
WHIMPER	WHIMPER	alone	you		You whimper.	(?i)^You\s+whimper\.$	
WHIMPER	WHIMPER	alone	others		* whimpers softly.	(?i)^(.+?)\s+whimpers\s+softly\.$	
WHIMPER	WHIMPER <T-NAME>	someone	you		You whimper at *.	(?i)^You\s+whimper\s+at\s+(.+?)\.$	
WHIMPER	WHIMPER <T-NAME>	someone	others		* whimpers softly at *.	(?i)^(.+?)\s+whimpers\s+softly\s+at\s+(.+?)\.$	
WHIMPER	WHIMPER <T-NAME>	someone	target		* whimpers softly at you.	(?i)^(.+?)\s+whimpers\s+softly\s+at\s+you\.$	
WHIMPER	WHIMPER <T-NAME>	someone	fail		Whimper at whom?	(?i)^Whimper\s+at\s+whom\?$	
WHINE	WHINE	alone	you		You whine to anyone who will listen to you.	(?i)^You\s+whine\s+to\s+anyone\s+who\s+will\s+listen\s+to\s+you\.$	
WHINE	WHINE	alone	others		* whines pathetically to anyone who will listen.	(?i)^(.+?)\s+whines\s+pathetically\s+to\s+anyone\s+who\s+will\s+listen\.$	WHINE <T-NAME>
WHINE	WHINE <T-NAME>	someone	you		You whine to *, hoping desperately that at least * will give a damn.	(?i)^You\s+whine\s+to\s+(\S+),\s+hoping\s+desperately\s+that\s+at\s+least\s+(\S+)\s+will\s+give\s+a\s+damn\.$	
WHINE	WHINE <T-NAME>	someone	others		* whines pathetically to *.	(?i)^(.+?)\s+whines\s+pathetically\s+to\s+(.+?)\.$	
WHINE	WHINE <T-NAME>	someone	target		* whines pathetically to you. What a loser!	(?i)^(.+?)\s+whines\s+pathetically\s+to\s+you\.\s+What\s+a\s+loser!$	
WHINE	WHINE <T-NAME>	someone	fail		They really don't care.	(?i)^They\s+really\s+don't\s+care\.$	
WHINE	WHINE SELF	self	you		You whine to yourself, probably the only one who will listen.	(?i)^You\s+whine\s+to\s+yourself,\s+probably\s+the\s+only\s+one\s+who\s+will\s+listen\.$	
WHINE	WHINE SELF	self	others		* whines to *. At least * isn't bitching to YOU.	(?i)^(.+?)\s+whines\s+to\s+(\S+)\.\s+At\s+least\s+(\S+)\s+isn't\s+bitching\s+to\s+YOU\.$	
WHIP	WHIP	alone	you	whip.wav	You crack your bullwhip menacingly.	(?i)^You\s+crack\s+your\s+bullwhip\s+menacingly\.$	
WHIP	WHIP	alone	others	whip.wav	* cracks a bullwhip menacingly.	(?i)^(.+?)\s+cracks\s+a\s+bullwhip\s+menacingly\.$	
WHIP	WHIP <T-NAME>	someone	you	whip.wav	You flick your whip across * bare back.	(?i)^You\s+flick\s+your\s+whip\s+across\s+(\S+)\s+bare\s+back\.$	
WHIP	WHIP <T-NAME>	someone	others	whip.wav	* flicks * whip across *'s bare back.	(?i)^(.+?)\s+flicks\s+(\S+)\s+whip\s+across\s+(.+?)'s\s+bare\s+back\.$	
WHIP	WHIP <T-NAME>	someone	target	whip.wav	* flicks a whip across your back... the pain.. the pleasure..	(?i)^(.+?)\s+flicks\s+a\s+whip\s+across\s+your\s+back\.\.\.\s+the\s+pain\.\.\s+the\s+pleasure\.\.$	
WHIP	WHIP <T-NAME>	someone	fail	whip.wav	Sorry, friend, I can't see that person here.	(?i)^Sorry,\s+friend,\s+I\s+can't\s+see\s+that\s+person\s+here\.$	HUG <T-NAME>; MAKE <T-NAME>; MATE <T-NAME>; POUND <T-NAME>; SUPPORT <T-NAME>; TIGHT <T-NAME>; WRESTLE <T-NAME>; WRIST <T-NAME>
WHIP	WHIP SELF	self	you		You whip yourself into a frenzy.	(?i)^You\s+whip\s+yourself\s+into\s+a\s+frenzy\.$	
WHIP	WHIP SELF	self	others		* whips * into a frenzy.	(?i)^(.+?)\s+whips\s+(\S+)\s+into\s+a\s+frenzy\.$	
WHISTLE	WHISTLE	alone	you	whistle.wav	You whistle appreciatively.	(?i)^You\s+whistle\s+appreciatively\.$	
WHISTLE	WHISTLE	alone	others	whistle.wav	* whistles appreciatively.	(?i)^(.+?)\s+whistles\s+appreciatively\.$	
WHISTLE	WHISTLE <T-NAME>	someone	you	whistle.wav	You whistle at the sight of *.	(?i)^You\s+whistle\s+at\s+the\s+sight\s+of\s+(\S+)\.$	
WHISTLE	WHISTLE <T-NAME>	someone	others	whistle.wav	* whistles at the sight of *.	(?i)^(.+?)\s+whistles\s+at\s+the\s+sight\s+of\s+(.+?)\.$	
WHISTLE	WHISTLE <T-NAME>	someone	target	whistle.wav	* whistles at the sight of you.	(?i)^(.+?)\s+whistles\s+at\s+the\s+sight\s+of\s+you\.$	
WHISTLE	WHISTLE <T-NAME>	someone	fail	whistle.wav	You don't see nothing special to whistle at.	(?i)^You\s+don't\s+see\s+nothing\s+special\s+to\s+whistle\s+at\.$	
WHISTLE	WHISTLE SELF	self	you	whistle.wav	You whistle a little tune to yourself.	(?i)^You\s+whistle\s+a\s+little\s+tune\s+to\s+yourself\.$	
WHISTLE	WHISTLE SELF	self	others	whistle.wav	* whistles a little tune to *.	(?i)^(.+?)\s+whistles\s+a\s+little\s+tune\s+to\s+(\S+)\.$	
WIGGLE	WIGGLE	alone	you		Your wiggle your bottom.	(?i)^Your\s+wiggle\s+your\s+bottom\.$	
WIGGLE	WIGGLE	alone	others		* wiggles * bottom.	(?i)^(.+?)\s+wiggles\s+(\S+)\s+bottom\.$	
WIGGLE	WIGGLE <T-NAME>	someone	you		You wiggle your bottom toward *.	(?i)^You\s+wiggle\s+your\s+bottom\s+toward\s+(\S+)\.$	
WIGGLE	WIGGLE <T-NAME>	someone	others		* wiggles * bottom toward *.	(?i)^(.+?)\s+wiggles\s+(\S+)\s+bottom\s+toward\s+(.+?)\.$	
WIGGLE	WIGGLE <T-NAME>	someone	target		* wiggles * bottom toward you.	(?i)^(.+?)\s+wiggles\s+(\S+)\s+bottom\s+toward\s+you\.$	
WIGGLE	WIGGLE <T-NAME>	someone	fail		You must be alone.	(?i)^You\s+must\s+be\s+alone\.$	
WIGGLE	WIGGLE <T-NAME> EYEBROW	someone	you		You wiggle your eyebrows at * playfully.	(?i)^You\s+wiggle\s+your\s+eyebrows\s+at\s+(.+?)\s+playfully\.$	
WIGGLE	WIGGLE <T-NAME> EYEBROW	someone	others		<s-name wiggles * eyebrows playfully at *.	(?i)^<s\-name\s+wiggles\s+(\S+)\s+eyebrows\s+playfully\s+at\s+(.+?)\.$	
WIGGLE	WIGGLE <T-NAME> EYEBROW	someone	target		* playfully wiggles * eyebrows at you.	(?i)^(.+?)\s+playfully\s+wiggles\s+(\S+)\s+eyebrows\s+at\s+you\.$	
WIGGLE	WIGGLE <T-NAME> EYEBROW	someone	fail		Wiggle who?	(?i)^Wiggle\s+who\?$	
WIGGLE	WIGGLE SELF	self	you		You wiggle about like a fish.	(?i)^You\s+wiggle\s+about\s+like\s+a\s+fish\.$	
WIGGLE	WIGGLE SELF	self	others		* wiggles about like a fish.	(?i)^(.+?)\s+wiggles\s+about\s+like\s+a\s+fish\.$	
WIGGY	WIGGY	alone	you		You wiggy about.	(?i)^You\s+wiggy\s+about\.$	WIGGY <T-NAME>
WIGGY	WIGGY	alone	others		* wiggies about.	(?i)^(.+?)\s+wiggies\s+about\.$	WIGGY <T-NAME>
WIGGY	WIGGY <T-NAME>	someone	you		You wiggy *.	(?i)^You\s+wiggy\s+(.+?)\.$	
WIGGY	WIGGY <T-NAME>	someone	others		* wiggies *.	(?i)^(.+?)\s+wiggies\s+(.+?)\.$	
WIGGY	WIGGY <T-NAME>	someone	target		* wiggies all over you!	(?i)^(.+?)\s+wiggies\s+all\s+over\s+you!$	
WIGGY	WIGGY <T-NAME>	someone	fail		you wiggies with yourself.	(?i)^you\s+wiggies\s+with\s+yourself\.$	
WINCE	WINCE	alone	you		You wince in agony.	(?i)^You\s+wince\s+in\s+agony\.$	
WINCE	WINCE	alone	others		* winces in agony.	(?i)^(.+?)\s+winces\s+in\s+agony\.$	
WINCE	WINCE <T-NAME>	someone	you		You look at * and wince at * remark.	(?i)^You\s+look\s+at\s+(.+?)\s+and\s+wince\s+at\s+(\S+)\s+remark\.$	
WINCE	WINCE <T-NAME>	someone	others		* winces at *'s remark.	(?i)^(.+?)\s+winces\s+at\s+(.+?)'s\s+remark\.$	
WINCE	WINCE <T-NAME>	someone	target		* winces at your remark.	(?i)^(.+?)\s+winces\s+at\s+your\s+remark\.$	
WINK	WINK	alone	you		Have you got something in your eye?	(?i)^Have\s+you\s+got\s+something\s+in\s+your\s+eye\?$	
WINK	WINK	alone	others		* winks suggestively.	(?i)^(.+?)\s+winks\s+suggestively\.$	
WINK	WINK <T-NAME>	someone	you		You wink suggestively at *.	(?i)^You\s+wink\s+suggestively\s+at\s+(.+?)\.$	
WINK	WINK <T-NAME>	someone	others		* winks at *.	(?i)^(.+?)\s+winks\s+at\s+(.+?)\.$	
WINK	WINK <T-NAME>	someone	target		* winks suggestively at you.	(?i)^(.+?)\s+winks\s+suggestively\s+at\s+you\.$	
WINK	WINK <T-NAME>	someone	fail		No one with that name is present.	(?i)^No\s+one\s+with\s+that\s+name\s+is\s+present\.$	
WINK	WINK SELF	self	you		You wink at yourself ?? - what are you up to?	(?i)^You\s+wink\s+at\s+yourself\s+\?\?\s+\-\s+what\s+are\s+you\s+up\s+to\?$	
WINK	WINK SELF	self	others		* winks at * - something strange is going on...	(?i)^(.+?)\s+winks\s+at\s+(\S+)\s+\-\s+something\s+strange\s+is\s+going\s+on\.\.\.$	WINK <T-NAME>
WONDER	WONDER	alone	you		You wonder about how things could have been.	(?i)^You\s+wonder\s+about\s+how\s+things\s+could\s+have\s+been\.$	
WONDER	WONDER	alone	others		* gets a blank stare on * face. What could * be wondering about?	(?i)^(.+?)\s+gets\s+a\s+blank\s+stare\s+on\s+(\S+)\s+face\.\s+What\s+could\s+(\S+)\s+be\s+wondering\s+about\?$	
WONDER	WONDER <T-NAME>	someone	you		You look at * and wonder what will happen.	(?i)^You\s+look\s+at\s+(.+?)\s+and\s+wonder\s+what\s+will\s+happen\.$	
WONDER	WONDER <T-NAME>	someone	others		* looks at * and wonders....	(?i)^(.+?)\s+looks\s+at\s+(.+?)\s+and\s+wonders\.\.\.\.$	
WONDER	WONDER <T-NAME>	someone	target		* looks at you quizzically.	(?i)^(.+?)\s+looks\s+at\s+you\s+quizzically\.$	
WONDER	WONDER <T-NAME>	someone	fail		You wonder what would have happened had they been here.	(?i)^You\s+wonder\s+what\s+would\s+have\s+happened\s+had\s+they\s+been\s+here\.$	
WONDER	WONDER SELF	self	you		You wonder about yourself and your purpose here.	(?i)^You\s+wonder\s+about\s+yourself\s+and\s+your\s+purpose\s+here\.$	
WONDER	WONDER SELF	self	others		A blank stare crosses *'s face. What could * be wondering about?	(?i)^A\s+blank\s+stare\s+crosses\s+(.+?)'s\s+face\.\s+What\s+could\s+(\S+)\s+be\s+wondering\s+about\?$	
WOOT	WOOT	alone	you		You loudly and thoroughly WOOT WOOT!	(?i)^You\s+loudly\s+and\s+thoroughly\s+WOOT\s+WOOT!$	
WOOT	WOOT	alone	others		* loudly and thoroughly WOOT WOOTs!	(?i)^(.+?)\s+loudly\s+and\s+thoroughly\s+WOOT\s+WOOTs!$	
WOOT	WOOT <T-NAME>	someone	you		You pump your fist and thoroughly woot for *.	(?i)^You\s+pump\s+your\s+fist\s+and\s+thoroughly\s+woot\s+for\s+(.+?)\.$	
WOOT	WOOT <T-NAME>	someone	others		* pumps * fist and woots for *.	(?i)^(.+?)\s+pumps\s+(\S+)\s+fist\s+and\s+woots\s+for\s+(.+?)\.$	
WOOT	WOOT <T-NAME>	someone	target		* thoroughly woots you.	(?i)^(.+?)\s+thoroughly\s+woots\s+you\.$	
WOOT	WOOT <T-NAME>	someone	fail		Woot who?	(?i)^Woot\s+who\?$	
WOOT	WOOT ALL	all	you		You pump your fist and WOOT loudly for all to hear.	(?i)^You\s+pump\s+your\s+fist\s+and\s+WOOT\s+loudly\s+for\s+all\s+to\s+hear\.$	
WOOT	WOOT ALL	all	others		* pumps * fist and WOOTS loudly for all to hear.	(?i)^(.+?)\s+pumps\s+(\S+)\s+fist\s+and\s+WOOTS\s+loudly\s+for\s+all\s+to\s+hear\.$	
WOOT	WOOT SELF	self	you		You loudly WOOT at your own performance.	(?i)^You\s+loudly\s+WOOT\s+at\s+your\s+own\s+performance\.$	
WOOT	WOOT SELF	self	others		* loudly WOOTs at * performance.	(?i)^(.+?)\s+loudly\s+WOOTs\s+at\s+(\S+)\s+performance\.$	
WORM	WORM	alone	you		You drop on your belly and worm like nobody`s business!	(?i)^You\s+drop\s+on\s+your\s+belly\s+and\s+worm\s+like\s+nobody`s\s+business!$	
WORM	WORM	alone	others		* drops to the ground and does the worm!	(?i)^(.+?)\s+drops\s+to\s+the\s+ground\s+and\s+does\s+the\s+worm!$	
WORRY	WORRY	alone	you		You worry about what's going to happen.	(?i)^You\s+worry\s+about\s+what's\s+going\s+to\s+happen\.$	WORRY SELF
WORRY	WORRY	alone	others		A troubled look suddenly crosses *'s face. Wonder what's wrong?	(?i)^A\s+troubled\s+look\s+suddenly\s+crosses\s+(.+?)'s\s+face\.\s+Wonder\s+what's\s+wrong\?$	WORRY SELF
WORRY	WORRY <T-NAME>	someone	you		You look at * worriedly.	(?i)^You\s+look\s+at\s+(.+?)\s+worriedly\.$	
WORRY	WORRY <T-NAME>	someone	others		* looks at * with a troubled gaze.	(?i)^(.+?)\s+looks\s+at\s+(.+?)\s+with\s+a\s+troubled\s+gaze\.$	
WORRY	WORRY <T-NAME>	someone	target		* looks at you worriedly.	(?i)^(.+?)\s+looks\s+at\s+you\s+worriedly\.$	
WORRY	WORRY <T-NAME>	someone	fail		Well they obviously aren't worried -- they left!	(?i)^Well\s+they\s+obviously\s+aren't\s+worried\s+\-\-\s+they\s+left!$	
WORRY	WORRY SELF	self	you		You worry about what's going to happen.	(?i)^You\s+worry\s+about\s+what's\s+going\s+to\s+happen\.$	WORRY
WORRY	WORRY SELF	self	others		A troubled look suddenly crosses *'s face. Wonder what's wrong?	(?i)^A\s+troubled\s+look\s+suddenly\s+crosses\s+(.+?)'s\s+face\.\s+Wonder\s+what's\s+wrong\?$	WORRY
WORSHIP	WORSHIP	alone	you		You prostrate yourself and worship the gods!	(?i)^You\s+prostrate\s+yourself\s+and\s+worship\s+the\s+gods!$	
WORSHIP	WORSHIP	alone	others		* prostrates * and worships the gods!	(?i)^(.+?)\s+prostrates\s+(\S+)\s+and\s+worships\s+the\s+gods!$	
WORSHIP	WORSHIP <T-NAME>	someone	you		You fall on your knees and worship *.	(?i)^You\s+fall\s+on\s+your\s+knees\s+and\s+worship\s+(.+?)\.$	
WORSHIP	WORSHIP <T-NAME>	someone	others		* falls on * knees and worships *.	(?i)^(.+?)\s+falls\s+on\s+(\S+)\s+knees\s+and\s+worships\s+(.+?)\.$	WORSHIP SELF
WORSHIP	WORSHIP <T-NAME>	someone	target		* falls to the ground and worships you.	(?i)^(.+?)\s+falls\s+to\s+the\s+ground\s+and\s+worships\s+you\.$	WORSHIP SELF
WORSHIP	WORSHIP <T-NAME>	someone	fail		You can't worship someone who isn't here.	(?i)^You\s+can't\s+worship\s+someone\s+who\s+isn't\s+here\.$	
WORSHIP	WORSHIP SELF	self	you		You worship yourself.	(?i)^You\s+worship\s+yourself\.$	
WORSHIP	WORSHIP SELF	self	others		* worships *.	(?i)^(.+?)\s+worships\s+(\S+)\.$	
WRESTLE	WRESTLE	alone	you		You wrestle with your conscience.	(?i)^You\s+wrestle\s+with\s+your\s+conscience\.$	WRESTLE SELF
WRESTLE	WRESTLE	alone	others		* wrestles with * conscience.	(?i)^(.+?)\s+wrestles\s+with\s+(\S+)\s+conscience\.$	WRESTLE SELF
WRESTLE	WRESTLE <T-NAME>	someone	you		You wrestle * to the floor and pin * there.	(?i)^You\s+wrestle\s+(\S+)\s+to\s+the\s+floor\s+and\s+pin\s+(\S+)\s+there\.$	
WRESTLE	WRESTLE <T-NAME>	someone	others		* wrestles * to the floor, pinning * there.	(?i)^(.+?)\s+wrestles\s+(.+?)\s+to\s+the\s+floor,\s+pinning\s+(\S+)\s+there\.$	
WRESTLE	WRESTLE <T-NAME>	someone	target		* wrestles you to the floor and pins you.	(?i)^(.+?)\s+wrestles\s+you\s+to\s+the\s+floor\s+and\s+pins\s+you\.$	
WRESTLE	WRESTLE <T-NAME>	someone	fail		Sorry, friend, I can't see that person here.	(?i)^Sorry,\s+friend,\s+I\s+can't\s+see\s+that\s+person\s+here\.$	HUG <T-NAME>; MAKE <T-NAME>; MATE <T-NAME>; POUND <T-NAME>; SUPPORT <T-NAME>; TIGHT <T-NAME>; WHIP <T-NAME>; WRIST <T-NAME>
WRESTLE	WRESTLE SELF	self	you		You wrestle with your conscience.	(?i)^You\s+wrestle\s+with\s+your\s+conscience\.$	WRESTLE
WRESTLE	WRESTLE SELF	self	others		* wrestles with * conscience.	(?i)^(.+?)\s+wrestles\s+with\s+(\S+)\s+conscience\.$	WRESTLE
WRIST	WRIST	alone	you		You hold out out a wrist for a slap.	(?i)^You\s+hold\s+out\s+out\s+a\s+wrist\s+for\s+a\s+slap\.$	
WRIST	WRIST	alone	others		* holds out a wrist for a slap.	(?i)^(.+?)\s+holds\s+out\s+a\s+wrist\s+for\s+a\s+slap\.$	
WRIST	WRIST <T-NAME>	someone	you		You slap * wrist sharply.	(?i)^You\s+slap\s+(\S+)\s+wrist\s+sharply\.$	
WRIST	WRIST <T-NAME>	someone	others		* slaps *'s wrist sharply.	(?i)^(.+?)\s+slaps\s+(.+?)'s\s+wrist\s+sharply\.$	
WRIST	WRIST <T-NAME>	someone	target		* slaps your wrist sharply.	(?i)^(.+?)\s+slaps\s+your\s+wrist\s+sharply\.$	
WRIST	WRIST <T-NAME>	someone	fail		Sorry, friend, I can't see that person here.	(?i)^Sorry,\s+friend,\s+I\s+can't\s+see\s+that\s+person\s+here\.$	HUG <T-NAME>; MAKE <T-NAME>; MATE <T-NAME>; POUND <T-NAME>; SUPPORT <T-NAME>; TIGHT <T-NAME>; WHIP <T-NAME>; WRESTLE <T-NAME>
WRIST	WRIST SELF	self	you		You slap your own wrist.	(?i)^You\s+slap\s+your\s+own\s+wrist\.$	
WRIST	WRIST SELF	self	others		* slaps * own wrist.	(?i)^(.+?)\s+slaps\s+(\S+)\s+own\s+wrist\.$	
YAWN	YAWN	alone	you	yawn.wav	You must be tired.	(?i)^You\s+must\s+be\s+tired\.$	
YAWN	YAWN	alone	others	yawn.wav	* yawns.	(?i)^(.+?)\s+yawns\.$	
YEEHAW	YEEHAW	alone	you		You mount your pony(?) and shout YEEEEEEEHAAAAAAAW!	(?i)^You\s+mount\s+your\s+pony\(\?\)\s+and\s+shout\s+YEEEEEEEHAAAAAAAW!$	
YEEHAW	YEEHAW	alone	others		* bounces up and down screaming *YEEEEEEHAAAAAAW!*	(?i)^(.+?)\s+bounces\s+up\s+and\s+down\s+screaming\s+\*YEEEEEEHAAAAAAW!\*$	
YODEL	YODEL	alone	you		You think of Julie Andrews and start to yodel.	(?i)^You\s+think\s+of\s+Julie\s+Andrews\s+and\s+start\s+to\s+yodel\.$	
YODEL	YODEL	alone	others		* begins to yodel: HEY!! CLERICS!! I COULD USE A HEAL!!!	(?i)^(.+?)\s+begins\s+to\s+yodel:\s+HEY!!\s+CLERICS!!\s+I\s+COULD\s+USE\s+A\s+HEAL!!!$	
YODEL	YODEL <T-NAME>	someone	you		* covers * ears as you begin to yodel.	(?i)^(.+?)\s+covers\s+(\S+)\s+ears\s+as\s+you\s+begin\s+to\s+yodel\.$	
YODEL	YODEL <T-NAME>	someone	others		* yodels to *.	(?i)^(.+?)\s+yodels\s+to\s+(.+?)\.$	
YODEL	YODEL <T-NAME>	someone	target		* yodels to you...you cringe and turn away.	(?i)^(.+?)\s+yodels\s+to\s+you\.\.\.you\s+cringe\s+and\s+turn\s+away\.$	
YODEL	YODEL <T-NAME>	someone	fail		That person just escaped!	(?i)^That\s+person\s+just\s+escaped!$	
YODEL	YODEL SELF	self	you		Well, it's up to you if you want to damage your hearing.	(?i)^Well,\s+it's\s+up\s+to\s+you\s+if\s+you\s+want\s+to\s+damage\s+your\s+hearing\.$	
YODEL	YODEL SELF	self	others		* yodels to *. What a sado-masochist.	(?i)^(.+?)\s+yodels\s+to\s+(\S+)\.\s+What\s+a\s+sado\-masochist\.$	YODEL <T-NAME>
YOWL	YOWL	alone	you		You yowl in frustration.	(?i)^You\s+yowl\s+in\s+frustration\.$	
YOWL	YOWL	alone	others		* yowls in frustration!	(?i)^(.+?)\s+yowls\s+in\s+frustration!$	
ZERBERT	ZERBERT	alone	you		Gotta zerbert SOMEONE!	(?i)^Gotta\s+zerbert\s+SOMEONE!$	
ZERBERT	ZERBERT <T-NAME>	someone	you		You lift *'s shirt and blow loudly into * navel!	(?i)^You\s+lift\s+(.+?)'s\s+shirt\s+and\s+blow\s+loudly\s+into\s+(\S+)\s+navel!$	
ZERBERT	ZERBERT <T-NAME>	someone	others		* raises *s shirt and blows some tummy!	(?i)^(.+?)\s+raises\s+(.+?)s\s+shirt\s+and\s+blows\s+some\s+tummy!$	
ZERBERT	ZERBERT <T-NAME>	someone	target		* raises your shirt and blows into your tummy!	(?i)^(.+?)\s+raises\s+your\s+shirt\s+and\s+blows\s+into\s+your\s+tummy!$	
ZERBERT	ZERBERT <T-NAME>	someone	fail		You missed.	(?i)^You\s+missed\.$	
ZERBERT	ZERBERT SELF	self	you		Careful, people are staring...	(?i)^Careful,\s+people\s+are\s+staring\.\.\.$	
ZERBERT	ZERBERT SELF	self	others		* looks around furtively, and then bends over and blows loudly into * own navel!	(?i)^(.+?)\s+looks\s+around\s+furtively,\s+and\s+then\s+bends\s+over\s+and\s+blows\s+loudly\s+into\s+(\S+)\s+own\s+navel!$	
